

2.FOURCC> comment 'Started spec fresh with command fourcC -f'

Sun Dec 13 20:40:37 2020.  Started spec fresh with command fourcC -f.
#C Sun Dec 13 20:40:37 2020.  Started spec fresh with command fourcC -f.


3.FOURCC> comment 'there are two spec installations at 7-ID-C which is why there is the capital C after fourc'

Sun Dec 13 20:41:18 2020.  there are two spec installations at 7-ID-C which is why there is the capital C after fourc.
#C Sun Dec 13 20:41:18 2020.  there are two spec installations at 7-ID-C which is why there is the capital C after fourc.


4.FOURCC> pa

Four-Circle Geometry, Omega equals zero (mode 0)
Sector 0

  Primary Reflection (at lambda 1.54):
          tth th chi phi = 60 30 0 0 
                   H K L = 1 0 0

  Secondary Reflection (at lambda 1.54):
          tth th chi phi = 60 30 0 -90 
                   H K L = 0 1 0

  Lattice Constants (lengths / angles):
              real space = 1.54 1.54 1.54 / 90 90 90
        reciprocal space = 4.08 4.08 4.08 / 90 90 90

  Azimuthal Reference:
                   H K L = 0 0 1

                  Lambda = 1.54 

 Cut Points:
      tth   th  chi  phi
     -180 -170 -180 -180


5.FOURCC> comment 'get energy from beamline mono'

Sun Dec 13 20:41:46 2020.  get energy from beamline mono.
#C Sun Dec 13 20:41:46 2020.  get energy from beamline mono.


6.FOURCC> getE


7.FOURCC> comment 'sample is sapphire with 001 parallel to phi axis'

Sun Dec 13 20:42:09 2020.  sample is sapphire with 001 parallel to phi axis.
#C Sun Dec 13 20:42:09 2020.  sample is sapphire with 001 parallel to phi axis.


8.FOURCC> setlat

Enter real space lattice parameters:
 Lattice a (1.54)? 4.785
 Lattice b (1.54)? 4.785
 Lattice c (1.54)? 12.991
 Lattice alpha (90)? 
 Lattice beta (90)? 
 Lattice gamma (90)? 120
#C Sun Dec 13 20:42:35 2020.  g_aa reset from 1.54 to 4.785.
#C Sun Dec 13 20:42:35 2020.  g_bb reset from 1.54 to 4.785.
#C Sun Dec 13 20:42:35 2020.  g_cc reset from 1.54 to 12.991.
#C Sun Dec 13 20:42:35 2020.  g_ga reset from 90 to 120.
(UB recalculated from orientation reflections and lattice.)


9.FOURCC> pa

Four-Circle Geometry, Omega equals zero (mode 0)
Sector 0

  Primary Reflection (at lambda 1.54):
          tth th chi phi = 60 30 0 0 
                   H K L = 1 0 0

  Secondary Reflection (at lambda 1.54):
          tth th chi phi = 60 30 0 -90 
                   H K L = 0 1 0

  Lattice Constants (lengths / angles):
              real space = 4.785 4.785 12.99 / 90 90 120
        reciprocal space = 1.516 1.516 0.4837 / 90 90 60

  Azimuthal Reference:
                   H K L = 0 0 1

                  Lambda = 1.5498 

 Cut Points:
      tth   th  chi  phi
     -180 -170 -180 -180


10.FOURCC> comment 'Now set up a fake orientation matrix that will approximate the actual orientation'

Sun Dec 13 20:43:36 2020.  Now set up a fake orientation matrix that will approximate the actual orientation.
#C Sun Dec 13 20:43:36 2020.  Now set up a fake orientation matrix that will approximate the actual orientation.


11.FOURCC> ca 0 0 6

Calculated Positions:

H K L =  0  0  6
Alpha = 20.971  Beta = 20.971  Azimuth = 90
Omega = 0  Lambda = 1.5498

  TwoTheta      Theta        Chi        Phi 
  41.94188   20.97094  -90.00000    0.00000 

Chi will hit high limit at 94.87.


12.FOURCC> setor0\
PRINTER=""
H=-0.0526027
K=0.105205
L=-2.16953
LAMBDA=1.5498
ALPHA=0
BETA=-15.0001
OMEGA=0
AZIMUTH=-180
F_ALPHA=0
F_BETA=0
F_OMEGA=0
F_AZIMUTH=0
F_THETA=0
F_PHI=0
F_CHI_Z=0
F_PHI_Z=0
CUT_AZI=0
CUT_TTH=-180
CUT_TH=-170
CUT_CHI=-180
CUT_PHI=-180
g_mode=0
g_sect=0
g_frz=0
g_omsect=0
g_aa=4.785
g_bb=4.785
g_cc=12.991
g_al=90
g_be=90
g_ga=120
g_aa_s=1.51624
g_bb_s=1.51624
g_cc_s=0.483657
g_al_s=90
g_be_s=90
g_ga_s=60
g_u00=60
g_u01=30
g_u02=0
g_u03=0
g_u10=60
g_u11=30
g_u12=0
g_u13=-90
g_h0=1
g_k0=0
g_l0=0
g_h1=0
g_k1=1
g_l1=0
g_lambda0=1.54
g_lambda1=1.54
calcG
g_haz=0
g_kaz=0
g_laz=1
g_zh0=0
g_zk0=0
g_zl0=0
g_zh1=0
g_zk1=0
g_zl1=0

Enter primary-reflection angles:
 TwoTheta (60)? 41.94188
 Theta (30)? 20.97
 Chi (0)? 90
 Phi (0)? 0

Enter primary-reflection HKL coordinates:
 H (1)? 0
 K (0)? 0
 L (0)? 6
#C Sun Dec 13 20:44:12 2020.  g_h0 reset from 1 to 0.
#C Sun Dec 13 20:44:12 2020.  g_l0 reset from 0 to 6.
#C Sun Dec 13 20:44:12 2020.  g_u00 reset from 60 to 41.9419.
#C Sun Dec 13 20:44:12 2020.  g_u01 reset from 30 to 20.97.
#C Sun Dec 13 20:44:12 2020.  g_u02 reset from 0 to 90.
#C Sun Dec 13 20:44:12 2020.  g_lambda0 reset from 1.54 to 1.5498.
(UB recalculated from orientation reflections and lattice.)
12.cont> 


13.FOURCC> pa

Four-Circle Geometry, Omega equals zero (mode 0)
Sector 0

  Primary Reflection (at lambda 1.5498):
          tth th chi phi = 41.9419 20.97 90 0 
                   H K L = 0 0 6

  Secondary Reflection (at lambda 1.54):
          tth th chi phi = 60 30 0 -90 
                   H K L = 0 1 0

  Lattice Constants (lengths / angles):
              real space = 4.785 4.785 12.99 / 90 90 120
        reciprocal space = 1.516 1.516 0.4837 / 90 90 60

  Azimuthal Reference:
                   H K L = 0 0 1

                  Lambda = 1.5498 

 Cut Points:
      tth   th  chi  phi
     -180 -170 -180 -180


14.FOURCC> comment 'that was the 006 at roughly where it should be'

Sun Dec 13 20:44:38 2020.  that was the 006 at roughly where it should be.
#C Sun Dec 13 20:44:38 2020.  that was the 006 at roughly where it should be.


15.FOURCC> comment 'now I enter a second reflection that's just 90 degrees away'

Sun Dec 13 20:45:00 2020.  now I enter a second reflection that.
#C Sun Dec 13 20:45:00 2020.  now I enter a second reflection that.


16.FOURCC> setor1
PRINTER=""
H=-0.0526027
K=0.105205
L=-2.16953
LAMBDA=1.5498
ALPHA=0
BETA=-15.0001
OMEGA=0
AZIMUTH=-180
F_ALPHA=0
F_BETA=0
F_OMEGA=0
F_AZIMUTH=0
F_THETA=0
F_PHI=0
F_CHI_Z=0
F_PHI_Z=0
CUT_AZI=0
CUT_TTH=-180
CUT_TH=-170
CUT_CHI=-180
CUT_PHI=-180
g_mode=0
g_sect=0
g_frz=0
g_omsect=0
g_aa=4.785
g_bb=4.785
g_cc=12.991
g_al=90
g_be=90
g_ga=120
g_aa_s=1.51624
g_bb_s=1.51624
g_cc_s=0.483657
g_al_s=90
g_be_s=90
g_ga_s=60
g_u00=41.9419
g_u01=20.97
g_u02=90
g_u03=0
g_u10=60
g_u11=30
g_u12=0
g_u13=-90
g_h0=0
g_k0=0
g_l0=6
g_h1=0
g_k1=1
g_l1=0
g_lambda0=1.5498
g_lambda1=1.54
calcG
g_haz=0
g_kaz=0
g_laz=1
g_zh0=0
g_zk0=0
g_zl0=0
g_zh1=0
g_zk1=0
g_zl1=0

Enter secondary-reflection angles:
 TwoTheta (60)? 
 Theta (30)? 
 Chi (0)? 
 Phi (-90)? 0

Enter secondary-reflection HKL coordinates:
 H (0)? 1
 K (1)? 0
 L (0)? 
#C Sun Dec 13 20:45:15 2020.  g_h1 reset from 0 to 1.
#C Sun Dec 13 20:45:15 2020.  g_k1 reset from 1 to 0.
#C Sun Dec 13 20:45:15 2020.  g_u13 reset from -90 to 0.
#C Sun Dec 13 20:45:15 2020.  g_lambda1 reset from 1.54 to 1.5498.
(UB recalculated from orientation reflections and lattice.)


17.FOURCC> ca 0 0 6

Calculated Positions:

H K L =  -1.8129e-05  3.6257e-05  6
Alpha = 20.971  Beta = 20.971  Azimuth = 90
Omega = 0  Lambda = 1.5498

  TwoTheta      Theta        Chi        Phi 
  41.94188   20.97094   90.00000  -90.00000 



18.FOURCC> comment 'I do not want to go to phi=-90 so I will move tth and th to where they are supposed to be'

Sun Dec 13 20:46:09 2020.  I do not want to go to phi=-90 so I will move tth and th to where they are supposed to be.
#C Sun Dec 13 20:46:09 2020.  I do not want to go to phi=-90 so I will move tth and th to where they are supposed to be.


19.FOURCC> ummv tth 41.94 th 20.97

  TwoTheta      Theta 
  15.00012   -0.00001 
  15.01325    0.01367 
  15.09325    0.05861 
  15.17175    0.08864 
  15.29162    0.13361 
  15.37162    0.16364 
  15.49150    0.20861 
  15.49150    0.23864 
  15.69138    0.28361 
  15.77137    0.31364 
  15.89150    0.35861 
  15.89150    0.37361 
  16.09163    0.43361 
  16.17150    0.46355 
  16.29162    0.50861 
  16.29162    0.52355 
  16.49150    0.58361 
  16.49150    0.62858 
  16.69138    0.65861 
  16.77125    0.70358 
  16.89150    0.73361 
  16.97137    0.77858 
  17.09137    0.80855 
  17.09137    0.82355 
  17.29138    0.88355 
  17.29138    0.89855 
  17.49137    0.95855 
  17.57125    1.00358 
  17.69112    1.03355 
  17.81137    1.07858 
  17.89125    1.10855 
  18.01150    1.15358 
  18.09137    1.18355 
  18.21150    1.22858 
  18.29138    1.25855 
  18.41125    1.30352 
  18.49125    1.33355 
  18.49125    1.34855 
  18.69100    1.40855 
  18.81100    1.45352 
  18.89113    1.48355 
  19.01125    1.52852 
  19.01125    1.54352 
  19.21125    1.60352 
  19.29138    1.63355 
  19.41125    1.67852 
  19.49125    1.70855 
  19.49125    1.75352 
  19.69100    1.78355 
  19.69100    1.79849 
  19.89125    1.85855 
  20.01125    1.90352 
  20.09137    1.93355 
  20.09137    1.94849 
  20.21125    1.99352 
  20.41112    2.05352 
  20.49088    2.09849 
  20.53087    2.12852 
  20.61100    2.14352 
  20.73075    2.17349 
  20.89088    2.24849 
  20.93088    2.27852 
  21.09100    2.32349 
  21.21112    2.35352 
  21.29087    2.39849 
  21.33088    2.42852 
  21.41100    2.44346 
  21.53087    2.50343 
  21.69075    2.54849 
  21.73075    2.57843 
  21.93088    2.62349 
  21.93088    2.65342 
  22.13087    2.69849 
  22.13087    2.72843 
  22.21088    2.74346 
  22.41087    2.80343 
  22.53087    2.84849 
  22.53087    2.86343 
  22.61088    2.89346 
  22.73075    2.95343 
  22.93075    2.99839 
  22.93075    3.02842 
  23.01100    3.04346 
  23.13087    3.08842 
  23.33062    3.14839 
  23.41087    3.17843 
  23.53050    3.22339 
  23.61075    3.25343 
  23.73037    3.29839 
  23.73037    3.32843 
  23.93063    3.37339 
  24.01087    3.40342 
  24.13075    3.44839 
  24.21088    3.47843 
  24.33062    3.52339 
  24.41087    3.55343 
  24.53050    3.59839 
  24.53050    3.61343 
  24.61075    3.64336 
  24.73037    3.68843 
  24.93063    3.74839 
  24.93063    3.76343 
  25.05088    3.79336 
  25.21075    3.86836 
  25.33062    3.89839 
  25.41062    3.94336 
  25.45075    3.94336 
  25.61050    4.01836 
  25.73037    4.04839 
  25.73037    4.06333 
  25.93063    4.12339 
  25.93063    4.13833 
  26.13062    4.19839 
  26.13062    4.21333 
  26.25075    4.27333 
  26.33037    4.28833 
  26.53038    4.34833 
  26.53038    4.36333 
  26.65050    4.42333 
  26.73025    4.43833 
  26.93037    4.49833 
  27.05075    4.54336 
  27.13038    4.57333 
  27.13038    4.58833 
  27.33037    4.64833 
  27.33037    4.66333 
  27.53038    4.72333 
  27.53038    4.73833 
  27.73025    4.79833 
  27.73025    4.81333 
  27.93037    4.87333 
  28.05050    4.91830 
  28.13050    4.94833 
  28.13050    4.96333 
  28.25050    5.02333 
  28.33037    5.03833 
  28.53038    5.11333 
  28.65037    5.14330 
  28.73025    5.18833 
  28.85050    5.21830 
  28.93037    5.26327 
  29.05062    5.29330 
  29.13050    5.33827 
  29.25062    5.36830 
  29.33050    5.41327 
  29.45062    5.44330 
  29.53038    5.48827 
  29.65037    5.51830 
  29.73037    5.56327 
  29.77037    5.56327 
  29.97038    5.63827 
  29.97038    5.65330 
  30.17050    5.71327 
  30.17050    5.72830 
  30.25062    5.75824 
  30.37037    5.81830 
  30.57037    5.86327 
  30.65037    5.89330 
  30.77025    5.93827 
  30.77025    5.95330 
  30.97038    6.01327 
  30.97038    6.04324 
  31.05050    6.05824 
  31.25050    6.11824 
  31.37050    6.16327 
  31.37050    6.17830 
  31.57037    6.23827 
  31.65037    6.26824 
  31.77037    6.31327 
  31.77037    6.32821 
  31.85037    6.35824 
  32.05050    6.41824 
  32.17062    6.46327 
  32.25050    6.49324 
  32.25050    6.50824 
  32.37037    6.55321 
  32.57025    6.61321 
  32.57025    6.64324 
  32.77025    6.68821 
  32.85050    6.71824 
  32.97038    6.76321 
  32.97038    6.77821 
  33.17037    6.83821 
  33.25062    6.88324 
  33.37037    6.91321 
  33.45050    6.95824 
  33.49050    6.95824 
  33.57025    7.00321 
  33.77025    7.06321 
  33.77025    7.07821 
  33.97038    7.13821 
  33.97038    7.15321 
  34.17037    7.21321 
  34.25038    7.25817 
  34.29037    7.28821 
  34.37037    7.30321 
  34.57037    7.36321 
  34.57037    7.37821 
  34.69012    7.42317 
  34.89025    7.48318 
  34.97038    7.51321 
  34.97038    7.52814 
  35.17037    7.58821 
  35.29037    7.63317 
  35.29037    7.66321 
  35.49025    7.70817 
  35.49025    7.72317 
  35.69012    7.78317 
  35.77000    7.81311 
  35.77000    7.82814 
  35.89025    7.87317 
  36.09037    7.93317 
  36.09037    7.96311 
  36.17025    7.97814 
  36.37012    8.03811 
  36.49025    8.08318 
  36.49025    8.11311 
  36.57000    8.15817 
  36.77675    8.19068 
  36.89688    8.23568 
  36.89688    8.25067 
  36.97687    8.28071 
  37.17700    8.34068 
  37.17700    8.35577 
  37.29700    8.40127 
  37.37687    8.43071 
  37.57662    8.49061 
  37.57662    8.50577 
  37.69687    8.56561 
  37.89700    8.61068 
  37.97675    8.64061 
  37.97675    8.65571 
  38.17687    8.71561 
  38.29713    8.76068 
  38.29713    8.77561 
  38.37675    8.80571 
  38.49700    8.86561 
  38.57662    8.88064 
  38.77662    8.94061 
  38.77662    8.95571 
  38.97675    9.01561 
  39.09712    9.06067 
  39.09712    9.09061 
  39.29687    9.13558 
  39.29687    9.15061 
  39.37675    9.21058 
  39.57662    9.24061 
  39.69662    9.28558 
  39.69662    9.30118 
  39.81675    9.33064 
  39.89688    9.37561 
  40.01713    9.43558 
  40.09687    9.45061 
  40.21688    9.51058 
  40.37675    9.55571 
  40.49688    9.58558 
  40.49688    9.60118 
  40.61675    9.66058 
  40.77637    9.70571 
  40.89675    9.73558 
  40.89675    9.75061 
  41.09687    9.81058 
  41.17662    9.85571 
  41.29687    9.88558 
  41.29687    9.93055 
  41.41662    9.96058 
  41.61675   10.00564 
  41.69662   10.03558 
  41.81638   10.08055 
  41.88263   10.11058 
  41.92475   10.15336 
  41.94025   10.19555 
  41.94025   10.21049 
  41.94025   10.24052 
  41.94025   10.30052 
  41.94025   10.34555 
  41.94025   10.36049 
  41.94025   10.42049 
  41.94025   10.45052 
  41.94025   10.46552 
  41.94025   10.52552 
  41.94025   10.54052 
  41.94025   10.60052 
  41.94025   10.61552 
  41.94025   10.67552 
  41.94025   10.69052 
  41.94025   10.75052 
  41.94025   10.79549 
  41.94025   10.82552 
  41.94025   10.87049 
  41.94025   10.90052 
  41.94025   10.94549 
  41.94025   10.97552 
  41.94025   11.02049 
  41.94025   11.05299 
  41.94025   11.09796 
  41.94025   11.11299 
  41.94025   11.14292 
  41.94025   11.18799 
  41.94025   11.24796 
  41.94025   11.26299 
  41.94025   11.29293 
  41.94025   11.35293 
  41.94025   11.39796 
  41.94025   11.41299 
  41.94025   11.44293 
  41.94025   11.48799 
  41.94025   11.54796 
  41.94025   11.56289 
  41.94025   11.59293 
  41.94025   11.65292 
  41.94025   11.69796 
  41.94025   11.72793 
  41.94025   11.74293 
  41.94025   11.78789 
  41.94025   11.84789 
  41.94025   11.86289 
  41.94025   11.89292 
  41.94025   11.93789 
  41.94025   11.99789 
  41.94025   12.01289 
  41.94025   12.04293 
  41.94025   12.08789 
  41.94025   12.14789 
  41.94025   12.19293 
  41.94025   12.20786 
  41.94025   12.23789 
  41.94025   12.29789 
  41.94025   12.31289 
  41.94025   12.37289 
  41.94025   12.41786 
  41.94025   12.44789 
  41.94025   12.49286 
  41.94025   12.52289 
  41.94025   12.56786 
  41.94025   12.59789 
  41.94025   12.61289 
  41.94025   12.67289 
  41.94025   12.68789 
  41.94025   12.74789 
  41.94025   12.79286 
  41.94025   12.80786 
  41.94025   12.83783 
  41.94025   12.89789 
  41.94025   12.91283 
  41.94025   12.95786 
  41.94025   12.98783 
  41.94025   13.04789 
  41.94025   13.06283 
  41.94025   13.10786 
  41.94025   13.16786 
  41.94025   13.19783 
  41.94025   13.21283 
  41.94025   13.27283 
  41.94025   13.28783 
  41.94025   13.34783 
  41.94025   13.36283 
  41.94025   13.42283 
  41.94025   13.46786 
  41.94025   13.49783 
  41.94025   13.54280 
  41.94025   13.55780 
  41.94025   13.61780 
  41.94025   13.64783 
  41.94025   13.66283 
  41.94025   13.70780 
  41.94025   13.73783 
  41.94025   13.79783 
  41.94025   13.84280 
  41.94025   13.87283 
  41.94025   13.88783 
  41.94025   13.94783 
  41.94025   13.99280 
  41.94025   14.00780 
  41.94025   14.05277 
  41.94025   14.11277 
  41.94025   14.12777 
  41.94025   14.18777 
  41.94025   14.20277 
  41.94025   14.26277 
  41.94025   14.27777 
  41.94025   14.30780 
  41.94025   14.35277 
  41.94025   14.41277 
  41.94025   14.44280 
  41.94025   14.48777 
  41.94025   14.50277 
  41.94025   14.56277 
  41.94025   14.59280 
  41.94025   14.63777 
  41.94025   14.66780 
  41.94025   14.71277 
  41.94025   14.74271 
  41.94025   14.78777 
  41.94025   14.81771 
  41.94025   14.86277 
  41.94025   14.89271 
  41.94025   14.93777 
  41.94025   14.95277 
  41.94025   15.01277 
  41.94025   15.04271 
  41.94025   15.05774 
  41.94025   15.11771 
  41.94025   15.16277 
  41.94025   15.17771 
  41.94025   15.20774 
  41.94025   15.26771 
  41.94025   15.31268 
  41.94025   15.34271 
  41.94025   15.35774 
  41.94025   15.41771 
  41.94025   15.46268 
  41.94025   15.47771 
  41.94025   15.53768 
  41.94025   15.55271 
  41.94025   15.61268 
  41.94025   15.62771 
  41.94025   15.65774 
  41.94025   15.70271 
  41.94025   15.74768 
  41.94025   15.77771 
  41.94025   15.83768 
  41.94025   15.88264 
  41.94025   15.91268 
  41.94025   15.95764 
  41.94025   15.97268 
  41.94025   16.03264 
  41.94025   16.04767 
  41.94025   16.10764 
  41.94025   16.12268 
  41.94025   16.18264 
  41.94025   16.21268 
  41.94025   16.22761 
  41.94025   16.28768 
  41.94025   16.33264 
  41.94025   16.36267 
  41.94025   16.37761 
  41.94025   16.42267 
  41.94025   16.48264 
  41.94025   16.51261 
  41.94025   16.55764 
  41.94025   16.57268 
  41.94025   16.60261 
  41.94025   16.64767 
  41.94025   16.67761 
  41.94025   16.73761 
  41.94025   16.75261 
  41.94025   16.81261 
  41.94025   16.85764 
  41.94025   16.87261 
  41.94025   16.93264 
  41.94025   16.94761 
  41.94025   17.00758 
  41.94025   17.02261 
  41.94025   17.05261 
  41.94025   17.11518 
  41.94025   17.13021 
  41.94025   17.17517 
  41.94025   17.23514 
  41.94025   17.26511 
  41.94025   17.31014 
  41.94025   17.34011 
  41.94025   17.35521 
  41.94025   17.41511 
  41.94025   17.43011 
  41.94025   17.49011 
  41.94025   17.50521 
  41.94025   17.56511 
  41.94025   17.58011 
  41.94025   17.62508 
  41.94025   17.65521 
  41.94025   17.73011 
  41.94025   17.74514 
  41.94025   17.80521 
  41.94025   17.82014 
  41.94025   17.85008 
  41.94025   17.89514 
  41.94025   17.92508 
  41.94025   17.98514 
  41.94025   18.00068 
  41.94025   18.06008 
  41.94025   18.10521 
  41.94025   18.13508 
  41.94025   18.15008 
  41.94025   18.19505 
  41.94025   18.25521 
  41.94025   18.28508 
  41.94025   18.30068 
  41.94025   18.36008 
  41.94025   18.37508 
  41.94025   18.43508 
  41.94025   18.45008 
  41.94025   18.49505 
  41.94025   18.52508 
  41.94025   18.57005 
  41.94025   18.63005 
  41.94025   18.64505 
  41.94025   18.70511 
  41.94025   18.73508 
  41.94025   18.78005 
  41.94025   18.81008 
  41.94025   18.85511 
  41.94025   18.87005 
  41.94025   18.93005 
  41.94025   18.96008 
  41.94025   19.00511 
  41.94025   19.02005 
  41.94025   19.08005 
  41.94025   19.09505 
  41.94025   19.12502 
  41.94025   19.17005 
  41.94025   19.23005 
  41.94025   19.25999 
  41.94025   19.30511 
  41.94025   19.31999 
  41.94025   19.38005 
  41.94025   19.40999 
  41.94025   19.45511 
  41.94025   19.48499 
  41.94025   19.53005 
  41.94025   19.55999 
  41.94025   19.60511 
  41.94025   19.65002 
  41.94025   19.66502 
  41.94025   19.72502 
  41.94025   19.75511 
  41.94025   19.80061 
  41.94025   19.82996 
  41.94025   19.84499 
  41.94025   19.88996 
  41.94025   19.95002 
  41.94025   19.97996 
  41.94025   20.02496 
  41.94025   20.05755 
  41.94025   20.08742 
  41.94025   20.13246 
  41.94025   20.16242 
  41.94025   20.19246 
  41.94025   20.25243 
  41.94025   20.26746 
  41.94025   20.32743 
  41.94025   20.35746 
  41.94025   20.40243 
  41.94025   20.43246 
  41.94025   20.44739 
  41.94025   20.50739 
  41.94025   20.55242 
  41.94025   20.58239 
  41.94025   20.59739 
  41.94025   20.65739 
  41.94025   20.70243 
  41.94025   20.71736 
  41.94025   20.77743 
  41.94025   20.79236 
  41.94025   20.85243 
  41.94025   20.88239 
  41.94025   20.92736 
  41.94025   20.95730 
  41.94025   20.96999 
  41.94025   20.96999 
  41.94025   20.96999 



20.FOURCC> comment 'sorry guess I shouldn't use umv commands, they clog up the log'

Sun Dec 13 20:49:00 2020.  sorry guess I shouldn.
#C Sun Dec 13 20:49:00 2020.  sorry guess I shouldn.


21.FOURCC> comment 'detector is an APD about 1 m from sample, behind a fairly open slit'

Sun Dec 13 20:49:49 2020.  detector is an APD about 1 m from sample, behind a fairly open slit.
#C Sun Dec 13 20:49:49 2020.  detector is an APD about 1 m from sample, behind a fairly open slit.


22.FOURCC> comment 'so there is a lot of background'

Sun Dec 13 20:49:59 2020.  so there is a lot of background.
#C Sun Dec 13 20:49:59 2020.  so there is a lot of background.


23.FOURCC> comment 'try to find 006 reflection'

Sun Dec 13 20:50:08 2020.  try to find 006 reflection.
#C Sun Dec 13 20:50:08 2020.  try to find 006 reflection.


24.FOURCC> dscan th -1 1 50 .1
Total 51 points, 5.1 seconds

#S 1  ascan  th 19.97 21.97  50 0.1
#D Sun Dec 13 20:50:22 2020
#T 0.1  (Seconds)
#G0 0 0 0 0 0 1 0 0 0 0 0 0 50 0 0.1 0 68 68 50 -1 1 1 3.13542 3.13542 0 463.6 838.8
#G1 4.785 4.785 12.991 90 90 120 1.516237713 1.516237713 0.483656786 90 90 60 0 0 6 1 0 0 41.94188 20.97 90 0 0 0 60 30 0 0 0 0 1.549802558 1.549802558 0 0
#G3 1.516237713 0.7581188565 2.961543674e-17 5.523479432e-21 1.313100377 -7.934919163e-06 -3.366724039e-16 2.15428495e-05 0.483656786
#G4 -1.571735014e-05 3.143470028e-05 5.999775333 1.549802558 20.97094 20.96931 0 -180 0 0 0 0 0 0 0 0 -180 -170 -180 -180 -180 -180 -180 -180 -180 0
#Q -1.57174e-05 3.14347e-05 5.99978
#P0 41.94025 20.97 90 0 -0.2 6.216 1.889625 1.3323
#P1 -0.05008 -0.19984 8.08975 1.50195 -0.43655 13.7217 -47.0089 
#U_ring 100.229 49.9618 Disable 240 2.40269 0.043836 1.82446
#U_rfsteering 870.711 2.4486 348.757 1.18783
#U_temp 79.55 0 71.92 72.22 75.59 76.91 0 989.711
#U_ID_UA 18.7573 8.22958 0 1
#U_ID_HSCU 0.109863 14.7715 22.1951 1
#U_slits 0.60009 0.190045 0.600163 0.0400488
#U_mono 8 1.5498 -19.8665 36.9719 0.0408 0.626389 3.48322
#U_BPM 13.6176 28.3786 1.4776 On
#U_C_ICgains 1 uA/V 1 uA/V 10 uA/V
#U_C_JJs 700 0.0002535 299.999 -299.997
#U_KBs -719.986 0 3000.03 -300.018 -0.001 6.04132 2520.03 560.047
#U_ATTEN1 0 0 0 0
#U_ATTEN2 0 0 0 0
#U_ALP_BET 20.9709 20.9693
#N 10
#L Theta  H  K  L  Epoch  IC_1  Btot  Trig  Seconds  Seconds

Scan   1   Sun Dec 13 20:50:22 2020   file = Align4Pete.spec  fourcC  user = 7idc
ascan  th 19.97 21.97  50 0.1

  #     Theta  Seconds  Seconds    Seconds     IC_1     Btot     Trig 
  0   19.9700        0        0        0.1     5422      328      101 
19.97 0.0192684 -0.0385368 5.99886 637 5422 328 101 0.1 0.1
  1   20.0100        0        0        0.1     5427      328      100 
20.01 0.0184971 -0.0369942 5.99893 638 5427 328 100 0.1 0.1
  2   20.0500        0        0        0.1     5413      373      101 
20.05 0.0177258 -0.0354516 5.999 639 5413 373 101 0.1 0.1
  3   20.0900        0        0        0.1     5419      433      101 
20.09 0.0169545 -0.033909 5.99907 639 5419 433 101 0.1 0.1
  4   20.1300        0        0        0.1     5427      445      101 
20.13 0.0161832 -0.0323664 5.99913 640 5427 445 101 0.1 0.1
  5   20.1700        0        0        0.1     5431      450      102 
20.17 0.0154119 -0.0308237 5.99919 640 5431 450 102 0.1 0.1
  6   20.2100        0        0        0.1     5439      514      100 
20.21 0.0146405 -0.029281 5.99925 641 5439 514 100 0.1 0.1
  7   20.2500        0        0        0.1     5425      613      102 
20.25 0.0138692 -0.0277384 5.9993 641 5425 613 102 0.1 0.1
  8   20.2900        0        0        0.1     5440      725      101 
20.29 0.0130978 -0.0261957 5.99935 642 5440 725 101 0.1 0.1
  9   20.3300        0        0        0.1     5437     1118      100 
20.33 0.0123265 -0.024653 5.9994 642 5437 1118 100 0.1 0.1
 10   20.3700        0        0        0.1     5431 4.651e+04      100 
20.37 0.0115551 -0.0231103 5.99945 643 5431 46509 100 0.1 0.1
 11   20.4100        0        0        0.1     5431     1041      101 
20.41 0.0107838 -0.0215675 5.99949 643 5431 1041 101 0.1 0.1
 12   20.4500        0        0        0.1     5440      692      100 
20.45 0.0100124 -0.0200248 5.99953 644 5440 692 100 0.1 0.1
 13   20.4900        0        0        0.1     5425      621      101 
20.49 0.00924102 -0.018482 5.99957 644 5425 621 101 0.1 0.1
 14   20.5300        0        0        0.1     5427      466      101 
20.53 0.00846964 -0.0169393 5.9996 645 5427 466 101 0.1 0.1
 15   20.5700        0        0        0.1     5432      425      101 
20.57 0.00769826 -0.0153965 5.99963 646 5432 425 101 0.1 0.1
 16   20.6100        0        0        0.1     5435      431      102 
20.61 0.00692687 -0.0138537 5.99966 646 5435 431 102 0.1 0.1
 17   20.6500        0        0        0.1     5422      427      100 
20.65 0.00615548 -0.012311 5.99968 647 5422 427 100 0.1 0.1
 18   20.6900        0        0        0.1     5424      351      100 
20.69 0.00538409 -0.0107682 5.9997 647 5424 351 100 0.1 0.1
 19   20.7300        0        0        0.1     5443      312      102 
20.73 0.00461269 -0.00922538 5.99972 648 5443 312 102 0.1 0.1
 20   20.7700        0        0        0.1     5425      335       99 
20.77 0.00384129 -0.00768259 5.99974 648 5425 335 99 0.1 0.1
 21   20.8100        0        0        0.1     5448      282      100 
20.81 0.00306989 -0.00613979 5.99975 649 5448 282 100 0.1 0.1
 22   20.8500        0        0        0.1     5426      289      101 
20.85 0.00229849 -0.00459698 5.99976 649 5426 289 101 0.1 0.1
 23   20.8900        0        0        0.1     5434      283       99 
20.89 0.00152709 -0.00305418 5.99977 650 5434 283 99 0.1 0.1
 24   20.9300        0        0        0.1     5436      235      100 
20.93 0.000755686 -0.00151137 5.99977 650 5436 235 100 0.1 0.1
 25   20.9700        0        0        0.1     5437      257      101 
20.97 -1.57174e-05 3.14347e-05 5.99978 651 5437 257 101 0.1 0.1
 26   21.0100        0        0        0.1     5432      271       99 
21.01 -0.000787121 0.00157424 5.99977 651 5432 271 99 0.1 0.1
 27   21.0500        0        0        0.1     5415      242       99 
21.05 -0.00155852 0.00311705 5.99977 652 5415 242 99 0.1 0.1
 28   21.0900        0        0        0.1     5436      217      101 
21.09 -0.00232993 0.00465985 5.99976 652 5436 217 101 0.1 0.1
 29   21.1300        0        0        0.1     5415      204      101 
21.13 -0.00310133 0.00620266 5.99975 653 5415 204 101 0.1 0.1
 30   21.1700        0        0        0.1     5412      205      101 
21.17 -0.00387273 0.00774546 5.99974 653 5412 205 101 0.1 0.1
 31   21.2100        0        0        0.1     5415      204      101 
21.21 -0.00464413 0.00928825 5.99972 654 5415 204 101 0.1 0.1
 32   21.2500        0        0        0.1     5432      210       99 
21.25 -0.00541552 0.010831 5.9997 655 5432 210 99 0.1 0.1
 33   21.2900        0        0        0.1     5425      205       99 
21.29 -0.00618691 0.0123738 5.99968 655 5425 205 99 0.1 0.1
 34   21.3300        0        0        0.1     5442      182      102 
21.33 -0.0069583 0.0139166 5.99966 656 5442 182 102 0.1 0.1
 35   21.3700        0        0        0.1     5454      183       99 
21.37 -0.00772969 0.0154594 5.99963 656 5454 183 99 0.1 0.1
 36   21.4100        0        0        0.1     5431      207       99 
21.41 -0.00850107 0.0170021 5.9996 657 5431 207 99 0.1 0.1
 37   21.4500        0        0        0.1     5427      166      101 
21.45 -0.00927245 0.0185449 5.99956 657 5427 166 101 0.1 0.1
 38   21.4900        0        0        0.1     5409      182       99 
21.49 -0.0100438 0.0200877 5.99953 658 5409 182 99 0.1 0.1
 39   21.5300        0        0        0.1     5405      180      100 
21.53 -0.0108152 0.0216304 5.99949 658 5405 180 100 0.1 0.1
 40   21.5700        0        0        0.1     5410      170      101 
21.57 -0.0115866 0.0231731 5.99945 659 5410 170 101 0.1 0.1
 41   21.6100        0        0        0.1     5428      171      100 
21.61 -0.0123579 0.0247158 5.9994 659 5428 171 100 0.1 0.1
 42   21.6500        0        0        0.1     5431      182      100 
21.65 -0.0131293 0.0262585 5.99935 660 5431 182 100 0.1 0.1
 43   21.6900        0        0        0.1     5423      159      102 
21.69 -0.0139006 0.0278012 5.9993 660 5423 159 102 0.1 0.1
 44   21.7300        0        0        0.1     5424      163       99 
21.73 -0.014672 0.0293439 5.99925 661 5424 163 99 0.1 0.1
 45   21.7700        0        0        0.1     5424      197      101 
21.77 -0.0154433 0.0308866 5.99919 661 5424 197 101 0.1 0.1
 46   21.8100        0        0        0.1     5452      148      102 
21.81 -0.0162146 0.0324292 5.99913 662 5452 148 102 0.1 0.1
 47   21.8500        0        0        0.1     5435      166       99 
21.85 -0.0169859 0.0339719 5.99907 663 5435 166 99 0.1 0.1
 48   21.8900        0        0        0.1     5400      158       99 
21.89 -0.0177572 0.0355145 5.999 663 5400 158 99 0.1 0.1
 49   21.9300        0        0        0.1     5429      152      102 
21.93 -0.0185285 0.0370571 5.99893 664 5429 152 102 0.1 0.1
 50   21.9700        0        0        0.1     5427      157       99 
21.97 -0.0192998 0.0385997 5.99886 664 5427 157 99 0.1 0.1
#R 1 21.97 21.97 0 0 20.9865 1069.47

Returning th to 20.97


25.FOURCC> plotselect



26.FOURCC> plot


27.FOURCC> um th CEN

arr__CFWHM(@PL_A, PL_X, PL_Y1, sprintf("0:%d",LDT))
         ^
Syntax error on "func_M".


28.FOURCC> plot


29.FOURCC> p CEN
20.37


30.FOURCC> mv th CEN


31.FOURCC> comment 'peak is easy to find when detector and slits are huge'

Sun Dec 13 20:52:28 2020.  peak is easy to find when detector and slits are huge.
#C Sun Dec 13 20:52:28 2020.  peak is easy to find when detector and slits are huge.


32.FOURCC> comment 'add some attenuators to protect the APD'

Sun Dec 13 20:52:41 2020.  add some attenuators to protect the APD.
#C Sun Dec 13 20:52:41 2020.  add some attenuators to protect the APD.


33.FOURCC> filters2 0 1 0 0


34.FOURCC> dscan th -.1 .1 50 .1
Total 51 points, 5.1 seconds

#S 2  ascan  th 20.27 20.47  50 0.1
#D Sun Dec 13 20:53:10 2020
#T 0.1  (Seconds)
#G0 0 0 0 0 0 1 0 0 0 0 0 0 50 0 0.1 0 68 68 50 -1 1 1 3.13542 3.13542 0 463.6 838.8
#G1 4.785 4.785 12.991 90 90 120 1.516237713 1.516237713 0.483656786 90 90 60 0 0 6 1 0 0 41.94188 20.97 90 0 0 0 60 30 0 0 0 0 1.549802558 1.549802558 0 0
#G3 1.516237713 0.7581188565 2.961543674e-17 5.523479432e-21 1.313100377 -7.934919163e-06 -3.366724039e-16 2.15428495e-05 0.483656786
#G4 0.01155572997 -0.02311145994 5.999447221 1.549802558 20.37090875 21.56934125 0 0 0 0 0 0 0 0 0 0 -180 -170 -180 -180 -180 -180 -180 -180 -180 0
#Q 0.0115557 -0.0231115 5.99945
#P0 41.94025 20.369969 90 0 -0.2 6.216 1.889625 1.3323
#P1 -0.05008 -0.19984 8.08975 1.50195 -0.43655 13.7217 -47.0089 
#U_ring 100.134 50.1242 Disable 240 2.40355 0.0439218 1.82737
#U_rfsteering 868.604 2.44318 347.109 1.18384
#U_temp 79.55 0 71.92 72.11 75.59 76.91 0 989.735
#U_ID_UA 18.7573 8.22958 0 1
#U_ID_HSCU 0.109863 14.7715 22.1951 1
#U_slits 0.60009 0.190045 0.600163 0.0400488
#U_mono 8 1.5498 -19.8665 36.9719 0.0408 0.626389 3.48322
#U_BPM 13.6488 30.1161 -1.43812 On
#U_C_ICgains 1 uA/V 1 uA/V 10 uA/V
#U_C_JJs 700 0.0002535 299.999 -299.997
#U_KBs -719.986 0 3000.03 -300.018 -0.001 6.04132 2520.03 560.047
#U_ATTEN1 0 0 0 0
#U_ATTEN2 0 1 0 0
#U_ALP_BET 20.3709 21.5693
#N 9
#L Theta  H  K  L  Epoch  Seconds  Trig  IC_1  Btot

Scan   2   Sun Dec 13 20:53:10 2020   file = Align4Pete.spec  fourcC  user = 7idc
ascan  th 20.27 20.47  50 0.1

  #     Theta     Btot     IC_1    Seconds     Trig 
  0   20.2700       42      298        0.1      102 
20.269969 0.0134841 -0.0269682 5.99933 797 0.1 102 298 42
  1   20.2740       43      297        0.1      100 
20.273969 0.013407 -0.026814 5.99933 798 0.1 100 297 43
  2   20.2780       37      297        0.1      101 
20.277969 0.0133298 -0.0266597 5.99934 798 0.1 101 297 37
  3   20.2820       41      298        0.1      100 
20.281969 0.0132527 -0.0265054 5.99934 798 0.1 100 298 41
  4   20.2860       36      298        0.1      102 
20.285969 0.0131756 -0.0263512 5.99935 798 0.1 102 298 36
  5   20.2900       33      298        0.1      100 
20.289969 0.0130984 -0.0261969 5.99935 799 0.1 100 298 33
  6   20.2940       38      298        0.1      100 
20.293969 0.0130213 -0.0260426 5.99936 799 0.1 100 298 38
  7   20.2980       44      298        0.1      101 
20.297969 0.0129442 -0.0258883 5.99936 799 0.1 101 298 44
  8   20.3020       47      298        0.1      101 
20.301969 0.012867 -0.0257341 5.99937 799 0.1 101 298 47
  9   20.3060       51      298        0.1      101 
20.305969 0.0127899 -0.0255798 5.99937 800 0.1 101 298 51
 10   20.3100       40      299        0.1      100 
20.309969 0.0127128 -0.0254255 5.99938 800 0.1 100 299 40
 11   20.3140       48      297        0.1      101 
20.313969 0.0126356 -0.0252713 5.99938 800 0.1 101 297 48
 12   20.3180       55      297        0.1      101 
20.317969 0.0125585 -0.025117 5.99939 800 0.1 101 297 55
 13   20.3220       50      298        0.1      101 
20.321969 0.0124814 -0.0249627 5.99939 801 0.1 101 298 50
 14   20.3260       60      298        0.1      101 
20.325969 0.0124042 -0.0248084 5.9994 801 0.1 101 298 60
 15   20.3300       68      298        0.1       99 
20.329969 0.0123271 -0.0246542 5.9994 801 0.1 99 298 68
 16   20.3340       66      298        0.1      102 
20.333969 0.01225 -0.0244999 5.99941 801 0.1 102 298 66
 17   20.3380       80      297        0.1       99 
20.337969 0.0121728 -0.0243456 5.99941 802 0.1 99 297 80
 18   20.3420       93      297        0.1      100 
20.341969 0.0120957 -0.0241914 5.99942 802 0.1 100 297 93
 19   20.3460      143      298        0.1      101 
20.345969 0.0120185 -0.0240371 5.99942 802 0.1 101 298 143
 20   20.3500      176      298        0.1      102 
20.349969 0.0119414 -0.0238828 5.99942 802 0.1 102 298 176
 21   20.3540      275      298        0.1      101 
20.353969 0.0118643 -0.0237285 5.99943 803 0.1 101 298 275
 22   20.3580      539      297        0.1      100 
20.357969 0.0117871 -0.0235743 5.99943 803 0.1 100 297 539
 23   20.3620     1316      298        0.1      100 
20.361969 0.01171 -0.02342 5.99944 803 0.1 100 298 1316
 24   20.3660     3023      299        0.1      101 
20.365969 0.0116329 -0.0232657 5.99944 803 0.1 101 299 3023
 25   20.3700     2477      298        0.1      100 
20.369969 0.0115557 -0.0231115 5.99945 804 0.1 100 298 2477
 26   20.3740     1154      298        0.1       99 
20.373969 0.0114786 -0.0229572 5.99945 804 0.1 99 298 1154
 27   20.3780      442      299        0.1      101 
20.377969 0.0114015 -0.0228029 5.99946 804 0.1 101 299 442
 28   20.3820      273      299        0.1      101 
20.381969 0.0113243 -0.0226486 5.99946 804 0.1 101 299 273
 29   20.3860      168      297        0.1      101 
20.385969 0.0112472 -0.0224944 5.99946 805 0.1 101 297 168
 30   20.3900      105      298        0.1      100 
20.389969 0.01117 -0.0223401 5.99947 805 0.1 100 298 105
 31   20.3940       83      299        0.1       99 
20.393969 0.0110929 -0.0221858 5.99947 805 0.1 99 299 83
 32   20.3980       77      297        0.1      102 
20.397969 0.0110158 -0.0220316 5.99948 805 0.1 102 297 77
 33   20.4020       63      297        0.1       99 
20.401969 0.0109386 -0.0218773 5.99948 806 0.1 99 297 63
 34   20.4060       57      298        0.1      101 
20.405969 0.0108615 -0.021723 5.99949 806 0.1 101 298 57
 35   20.4100       45      298        0.1      101 
20.409969 0.0107844 -0.0215687 5.99949 806 0.1 101 298 45
 36   20.4140       42      297        0.1      101 
20.413969 0.0107072 -0.0214145 5.99949 806 0.1 101 297 42
 37   20.4180       41      299        0.1      101 
20.417969 0.0106301 -0.0212602 5.9995 807 0.1 101 299 41
 38   20.4220       50      297        0.1      100 
20.421969 0.010553 -0.0211059 5.9995 807 0.1 100 297 50
 39   20.4260       48      299        0.1      101 
20.425969 0.0104758 -0.0209516 5.99951 807 0.1 101 299 48
 40   20.4300       42      298        0.1      102 
20.429969 0.0103987 -0.0207974 5.99951 807 0.1 102 298 42
 41   20.4340       39      298        0.1      101 
20.433969 0.0103215 -0.0206431 5.99951 808 0.1 101 298 39
 42   20.4380       46      297        0.1      101 
20.437969 0.0102444 -0.0204888 5.99952 808 0.1 101 297 46
 43   20.4420       43      296        0.1      101 
20.441969 0.0101673 -0.0203345 5.99952 808 0.1 101 296 43
 44   20.4460       40      298        0.1      101 
20.445969 0.0100901 -0.0201803 5.99953 808 0.1 101 298 40
 45   20.4500       34      297        0.1      100 
20.449969 0.010013 -0.020026 5.99953 809 0.1 100 297 34
 46   20.4540       41      297        0.1      100 
20.453969 0.00993586 -0.0198717 5.99953 809 0.1 100 297 41
 47   20.4580       25      298        0.1      102 
20.457969 0.00985872 -0.0197174 5.99954 809 0.1 102 298 25
 48   20.4620       27      297        0.1      101 
20.461969 0.00978158 -0.0195632 5.99954 809 0.1 101 297 27
 49   20.4660       33      297        0.1      100 
20.465969 0.00970445 -0.0194089 5.99954 810 0.1 100 297 33
 50   20.4700       30      298        0.1      100 
20.469969 0.00962731 -0.0192546 5.99955 810 0.1 100 298 30
#R 2 20.366 3023 0.010461 0 20.3674 11969

Returning th to 20.37


35.FOURCC> mv th cEN
Not a command or macro:  "cEN".


36.FOURCC> mv th CEN


37.FOURCC> dscan chi -1 1 40 .1
Total 41 points, 4.1 seconds

#S 3  ascan  chi 89 91  40 0.1
#D Sun Dec 13 20:53:47 2020
#T 0.1  (Seconds)
#G0 0 0 0 0 0 1 0 0 0 0 0 0 50 0 0.1 0 68 68 50 -1 1 1 3.13542 3.13542 0 463.6 838.8
#G1 4.785 4.785 12.991 90 90 120 1.516237713 1.516237713 0.483656786 90 90 60 0 0 6 1 0 0 41.94188 20.97 90 0 0 0 60 30 0 0 0 0 1.549802558 1.549802558 0 0
#G3 1.516237713 0.7581188565 2.961543674e-17 5.523479432e-21 1.313100377 -7.934919163e-06 -3.366724039e-16 2.15428495e-05 0.483656786
#G4 0.0116003243 -0.0232006486 5.999444684 1.549802558 20.36859625 21.57165375 0 0 0 0 0 0 0 0 0 0 -180 -170 -180 -180 -180 -180 -180 -180 -180 0
#Q 0.0116003 -0.0232006 5.99944
#P0 41.94025 20.367656 90 0 -0.2 6.216 1.889625 1.3323
#P1 -0.05008 -0.19984 8.08975 1.50195 -0.43655 13.7217 -47.0089 
#U_ring 100.114 49.9801 Disable 240 2.40397 0.0438318 1.82331
#U_rfsteering 870.181 2.44714 349.739 1.19026
#U_temp 79.55 0 71.92 72.11 75.59 76.91 0 989.753
#U_ID_UA 18.7573 8.22958 0 1
#U_ID_HSCU 0 14.7716 20 1
#U_slits 0.60009 0.190045 0.600163 0.0400488
#U_mono 8 1.5498 -19.8665 36.9719 0.0408 0.626389 3.48217
#U_BPM 13.6403 29.8452 0.714011 On
#U_C_ICgains 1 uA/V 1 uA/V 10 uA/V
#U_C_JJs 700 0.0002535 299.999 -299.997
#U_KBs -719.986 0 3000.03 -300.018 -0.001 6.04132 2520.03 560.047
#U_ATTEN1 0 0 0 0
#U_ATTEN2 0 1 0 0
#U_ALP_BET 20.3686 21.5717
#N 9
#L Chi  H  K  L  Epoch  Seconds  Trig  IC_1  Btot

Scan   3   Sun Dec 13 20:53:47 2020   file = Align4Pete.spec  fourcC  user = 7idc
ascan  chi 89 91  40 0.1

  #       Chi     Btot     IC_1    Seconds     Trig 
  0   89.0000   654712      299        0.1      101 
89 0.0449995 -0.0232007 5.99853 833 0.1 101 299 654712
  1   89.0475   674557      297        0.1      100 
89.0475 0.0434132 -0.0232007 5.99862 834 0.1 100 297 674557
  2   89.1000   671856      297        0.1       99 
89.1 0.0416599 -0.0232007 5.9987 834 0.1 99 297 671856
  3   89.1525   597892      298        0.1      102 
89.1525 0.0399066 -0.0232007 5.99879 834 0.1 102 298 597892
  4   89.1975   631899      297        0.1       99 
89.1975 0.0384037 -0.0232007 5.99886 835 0.1 99 297 631899
  5   89.2525   633206      297        0.1      102 
89.2525 0.0365668 -0.0232007 5.99893 835 0.1 102 297 633206
  6   89.2975   673410      298        0.1      100 
89.2975 0.0350639 -0.0232007 5.99899 835 0.1 100 298 673410
  7   89.3525   659102      297        0.1      101 
89.3525 0.033227 -0.0232007 5.99906 835 0.1 101 297 659102
  8   89.3975   649190      298        0.1      100 
89.3975 0.031724 -0.0232007 5.99911 836 0.1 100 298 649190
  9   89.4525   656639      298        0.1      102 
89.4525 0.029887 -0.0232007 5.99917 836 0.1 102 298 656639
 10   89.4975   650003      299        0.1       99 
89.4975 0.0283841 -0.0232006 5.99921 836 0.1 99 299 650003
 11   89.5525   633583      298        0.1      101 
89.5525 0.0265471 -0.0232006 5.99926 837 0.1 101 298 633583
 12   89.5975   623181      296        0.1      102 
89.5975 0.0250441 -0.0232006 5.9993 837 0.1 102 296 623181
 13   89.6525   595706      297        0.1      100 
89.6525 0.0232071 -0.0232006 5.99933 837 0.1 100 297 595706
 14   89.6975   712592      297        0.1      102 
89.6975 0.0217041 -0.0232006 5.99936 837 0.1 102 297 712592
 15   89.7525   490465      297        0.1      100 
89.7525 0.019867 -0.0232006 5.99939 838 0.1 100 297 490465
 16   89.7975    24696      296        0.1      101 
89.7975 0.018364 -0.0232006 5.99941 838 0.1 101 296 24696
 17   89.8525    16607      297        0.1      100 
89.8525 0.016527 -0.0232006 5.99942 838 0.1 100 297 16607
 18   89.8975    12354      297        0.1      102 
89.8975 0.0150239 -0.0232006 5.99944 839 0.1 102 297 12354
 19   89.9525     5742      296        0.1      101 
89.9525 0.0131869 -0.0232006 5.99944 839 0.1 101 296 5742
 20   89.9975     2966      299        0.1      102 
89.9975 0.0116838 -0.0232006 5.99944 839 0.1 102 299 2966
 21   90.0500     2242      298        0.1      100 
90.05 0.00993028 -0.0232006 5.99944 840 0.1 100 298 2242
 22   90.1000     1299      297        0.1      101 
90.1 0.00826023 -0.0232006 5.99944 840 0.1 101 297 1299
 23   90.1500      790      296        0.1      102 
90.15 0.00659019 -0.0232006 5.99942 840 0.1 102 296 790
 24   90.2000      539      297        0.1       99 
90.2 0.00492016 -0.0232006 5.99941 840 0.1 99 297 539
 25   90.2500      401      297        0.1      101 
90.25 0.00325012 -0.0232006 5.99939 841 0.1 101 297 401
 26   90.3000      330      297        0.1       99 
90.3 0.0015801 -0.0232006 5.99936 841 0.1 99 297 330
 27   90.3525      219      297        0.1      102 
90.3525 -0.000173423 -0.0232006 5.99933 841 0.1 102 297 219
 28   90.3975      131      298        0.1      100 
90.3975 -0.00167643 -0.0232006 5.9993 842 0.1 100 298 131
 29   90.4525       77      297        0.1      101 
90.4525 -0.00351343 -0.0232006 5.99926 842 0.1 101 297 77
 30   90.4975       34      299        0.1       99 
90.4975 -0.00501642 -0.0232006 5.99922 842 0.1 99 299 34
 31   90.5525       19      298        0.1      101 
90.5525 -0.00685339 -0.0232007 5.99917 842 0.1 101 298 19
 32   90.5975       15      298        0.1      101 
90.5975 -0.00835636 -0.0232007 5.99912 843 0.1 101 298 15
 33   90.6525        8      298        0.1      101 
90.6525 -0.0101933 -0.0232007 5.99906 843 0.1 101 298 8
 34   90.6975       13      299        0.1      102 
90.6975 -0.0116962 -0.0232007 5.999 843 0.1 102 299 13
 35   90.7525       10      297        0.1      101 
90.7525 -0.0135331 -0.0232007 5.99893 844 0.1 101 297 10
 36   90.7975       13      298        0.1      101 
90.7975 -0.015036 -0.0232007 5.99886 844 0.1 101 298 13
 37   90.8525       13      297        0.1      100 
90.8525 -0.0168729 -0.0232007 5.99878 844 0.1 100 297 13
 38   90.8975        6      299        0.1      102 
90.8975 -0.0183758 -0.0232007 5.99871 844 0.1 102 299 6
 39   90.9525        8      297        0.1      100 
90.9525 -0.0202126 -0.0232007 5.99862 845 0.1 100 297 8
 40   90.9975        7      298        0.1      101 
90.9975 -0.0217154 -0.0232007 5.99854 845 0.1 101 298 7
#R 3 89.7 712592 0.064403 0 89.3722 1.02765e+07

Returning chi to 90


38.FOURCC> comment 'need more filters then repeat chi scan with wider range on low side'

Sun Dec 13 20:54:28 2020.  need more filters then repeat chi scan with wider range on low side.
#C Sun Dec 13 20:54:28 2020.  need more filters then repeat chi scan with wider range on low side.


39.FOURCC> filters2 0 1 1 0


40.FOURCC> dscan chi -3 0 40 .1
Total 41 points, 4.1 seconds

#S 4  ascan  chi 87 90  40 0.1
#D Sun Dec 13 20:54:42 2020
#T 0.1  (Seconds)
#G0 0 0 0 0 0 1 0 0 0 0 0 0 50 0 0.1 0 68 68 50 -1 1 1 3.13542 3.13542 0 463.6 838.8
#G1 4.785 4.785 12.991 90 90 120 1.516237713 1.516237713 0.483656786 90 90 60 0 0 6 1 0 0 41.94188 20.97 90 0 0 0 60 30 0 0 0 0 1.549802558 1.549802558 0 0
#G3 1.516237713 0.7581188565 2.961543674e-17 5.523479432e-21 1.313100377 -7.934919163e-06 -3.366724039e-16 2.15428495e-05 0.483656786
#G4 0.0116003243 -0.0232006486 5.999444684 1.549802558 20.36859625 21.57165375 0 0 0 0 0 0 0 0 0 0 -180 -170 -180 -180 -180 -180 -180 -180 -180 0
#Q 0.0116003 -0.0232006 5.99944
#P0 41.94025 20.367656 90 0 -0.2 6.216 1.889625 1.3323
#P1 -0.05008 -0.19984 8.08975 1.50195 -0.43655 13.7217 -47.0089 
#U_ring 100.083 50.7904 Disable 240 2.39552 0.043785 1.82779
#U_rfsteering 870.151 2.4471 348.381 1.18692
#U_temp 79.55 0 71.92 72.11 75.59 76.91 0 989.736
#U_ID_UA 18.7573 8.22958 0 1
#U_ID_HSCU 0.109863 14.7715 22.1951 1
#U_slits 0.60009 0.190045 0.600163 0.0400488
#U_mono 8 1.5498 -19.8665 36.9719 0.0408 0.626389 3.48217
#U_BPM 13.6499 31.285 -0.0378997 On
#U_C_ICgains 1 uA/V 1 uA/V 10 uA/V
#U_C_JJs 700 0.0002535 299.999 -299.997
#U_KBs -719.986 0 3000.03 -300.018 -0.001 6.04132 2520.03 560.047
#U_ATTEN1 0 0 0 0
#U_ATTEN2 0 1 1 0
#U_ALP_BET 20.3686 21.5717
#N 9
#L Chi  H  K  L  Epoch  Seconds  Trig  IC_1  Btot

Scan   4   Sun Dec 13 20:54:42 2020   file = Align4Pete.spec  fourcC  user = 7idc
ascan  chi 87 90  40 0.1

  #       Chi     Btot     IC_1    Seconds     Trig 
  0   87.0000        0        9        0.1      100 
87 0.111757 -0.0232007 5.99122 890 0.1 100 9 0
  1   87.0775        2        9        0.1       99 
87.0775 0.109172 -0.0232007 5.99164 890 0.1 99 9 2
  2   87.1475        0        9        0.1      102 
87.1475 0.106837 -0.0232007 5.99201 890 0.1 102 9 0
  3   87.2250        1        9        0.1      100 
87.225 0.104252 -0.0232007 5.99241 891 0.1 100 9 1
  4   87.3025        0        9        0.1      100 
87.3025 0.101666 -0.0232007 5.9928 891 0.1 100 9 0
  5   87.3725        0        9        0.1      102 
87.3725 0.0993305 -0.0232007 5.99314 891 0.1 102 9 0
  6   87.4525        2       10        0.1       99 
87.4525 0.0966611 -0.0232007 5.99352 892 0.1 99 10 2
  7   87.5225        0       10        0.1      102 
87.5225 0.0943253 -0.0232007 5.99384 892 0.1 102 10 0
  8   87.6025        0        9        0.1      102 
87.6025 0.0916557 -0.0232007 5.99419 892 0.1 102 9 0
  9   87.6725        1        9        0.1      100 
87.6725 0.0893196 -0.0232007 5.9945 893 0.1 100 9 1
 10   87.7525        0        9        0.1      102 
87.7525 0.0866496 -0.0232007 5.99483 893 0.1 102 9 0
 11   87.8225        0       10        0.1      102 
87.8225 0.0843133 -0.0232007 5.99511 893 0.1 102 10 0
 12   87.9000        2        9        0.1      101 
87.9 0.0817266 -0.0232007 5.99542 894 0.1 101 9 2
 13   87.9775        1       10        0.1      102 
87.9775 0.0791397 -0.0232007 5.99571 894 0.1 102 10 1
 14   88.0475        1        9        0.1      102 
88.0475 0.076803 -0.0232007 5.99596 894 0.1 102 9 1
 15   88.1250        2        9        0.1       99 
88.125 0.0742159 -0.0232007 5.99623 895 0.1 99 9 2
 16   88.2000        1        9        0.1      102 
88.2 0.0717121 -0.0232007 5.99648 895 0.1 102 9 1
 17   88.2775        1        9        0.1      100 
88.2775 0.0691247 -0.0232007 5.99673 895 0.1 100 9 1
 18   88.3475        5       10        0.1       99 
88.3475 0.0667877 -0.0232007 5.99695 896 0.1 99 10 5
 19   88.4275       10       10        0.1      102 
88.4275 0.0641167 -0.0232007 5.99719 896 0.1 102 10 10
 20   88.4975       26        9        0.1      101 
88.4975 0.0617795 -0.0232007 5.99738 896 0.1 101 9 26
 21   88.5775       60        9        0.1      101 
88.5775 0.0591082 -0.0232007 5.9976 897 0.1 101 9 60
 22   88.6475      114       10        0.1      101 
88.6475 0.0567709 -0.0232007 5.99777 897 0.1 101 10 114
 23   88.7275      179        9        0.1      102 
88.7275 0.0540995 -0.0232007 5.99797 897 0.1 102 9 179
 24   88.7975      168       10        0.1      101 
88.7975 0.051762 -0.0232007 5.99812 898 0.1 101 10 168
 25   88.8775     2130        9        0.1      102 
88.8775 0.0490905 -0.0232007 5.99829 898 0.1 102 9 2130
 26   88.9475    11934        9        0.1      101 
88.9475 0.0467528 -0.0232007 5.99843 898 0.1 101 9 11934
 27   89.0250    13676        9        0.1      101 
89.025 0.0441646 -0.0232007 5.99858 899 0.1 101 9 13676
 28   89.1000    12861        9        0.1      102 
89.1 0.0416599 -0.0232007 5.9987 899 0.1 102 9 12861
 29   89.1775    12379        9        0.1       99 
89.1775 0.0390716 -0.0232007 5.99883 899 0.1 99 9 12379
 30   89.2475    11871        9        0.1      101 
89.2475 0.0367338 -0.0232007 5.99893 900 0.1 101 9 11871
 31   89.3250    11947       10        0.1      101 
89.325 0.0341454 -0.0232007 5.99903 900 0.1 101 10 11947
 32   89.4025    12192       11        0.1      100 
89.4025 0.031557 -0.0232007 5.99912 900 0.1 100 11 12192
 33   89.4725    11207       10        0.1      102 
89.4725 0.0292191 -0.0232007 5.99919 901 0.1 102 10 11207
 34   89.5525    11665       10        0.1      101 
89.5525 0.0265471 -0.0232006 5.99926 901 0.1 101 10 11665
 35   89.6225    11745       10        0.1      100 
89.6225 0.0242091 -0.0232006 5.99931 901 0.1 100 10 11745
 36   89.7025     9734       10        0.1      102 
89.7025 0.0215371 -0.0232006 5.99936 902 0.1 102 10 9734
 37   89.7725     1411       10        0.1      100 
89.7725 0.019199 -0.0232006 5.9994 902 0.1 100 10 1411
 38   89.8525      110        9        0.1      100 
89.8525 0.016527 -0.0232006 5.99942 902 0.1 100 9 110
 39   89.9225       60       10        0.1      102 
89.9225 0.0141889 -0.0232006 5.99944 903 0.1 102 10 60
 40   90.0000       29       10        0.1       99 
90 0.0116003 -0.0232006 5.99944 903 0.1 99 10 29
#R 4 89.025 13676 0.81508 0 89.3072 135527

Returning chi to 90


41.FOURCC> mv chi CEN


42.FOURCC> dscan tth -1 1 40 .1
Total 41 points, 4.1 seconds

#S 5  ascan  tth 40.9403 42.9403  40 0.1
#D Sun Dec 13 20:55:16 2020
#T 0.1  (Seconds)
#G0 0 0 0 0 0 1 0 0 0 0 0 0 50 0 0.1 0 68 68 50 -1 1 1 3.13542 3.13542 0 463.6 838.8
#G1 4.785 4.785 12.991 90 90 120 1.516237713 1.516237713 0.483656786 90 90 60 0 0 6 1 0 0 41.94188 20.97 90 0 0 0 60 30 0 0 0 0 1.549802558 1.549802558 0 0
#G3 1.516237713 0.7581188565 2.961543674e-17 5.523479432e-21 1.313100377 -7.934919163e-06 -3.366724039e-16 2.15428495e-05 0.483656786
#G4 0.03431241316 -0.02320065115 5.999022163 1.549802558 20.36709818 21.57005837 0 -48.50585122 0 0 0 0 0 0 0 0 -180 -170 -180 -180 -180 -180 -180 -180 -180 0
#Q 0.0343124 -0.0232007 5.99902
#P0 41.94025 20.367656 89.32 0 -0.2 6.216 1.889625 1.3323
#P1 -0.05008 -0.19984 8.08975 1.50195 -0.43655 13.7217 -47.0089 
#U_ring 100.064 51.0284 Disable 240 2.39347 0.0437714 1.82878
#U_rfsteering 867.915 2.44152 347.085 1.18372
#U_temp 79.55 0 71.92 72.11 75.59 76.91 0 989.751
#U_ID_UA 18.7573 8.22958 0 1
#U_ID_HSCU 0 14.7716 20 1
#U_slits 0.60009 0.190045 0.600163 0.0400488
#U_mono 8 1.5498 -19.8665 36.9719 0.0408 0.626389 3.48322
#U_BPM 13.6406 31.5852 1.04475 On
#U_C_ICgains 1 uA/V 1 uA/V 10 uA/V
#U_C_JJs 700 0.0002535 299.999 -299.997
#U_KBs -719.986 0 3000.03 -300.018 -0.001 6.04132 2520.03 560.047
#U_ATTEN1 0 0 0 0
#U_ATTEN2 0 1 1 0
#U_ALP_BET 20.3671 21.5701
#N 9
#L TwoTheta  H  K  L  Epoch  Seconds  Trig  IC_1  Btot

Scan   5   Sun Dec 13 20:55:16 2020   file = Align4Pete.spec  fourcC  user = 7idc
ascan  tth 40.9403 42.9403  40 0.1

  #  TwoTheta     Btot     IC_1    Seconds     Trig 
  0   40.9402        0       10        0.1      100 
40.94025 0.0241086 -0.00382667 5.86252 925 0.1 100 10 0
  1   40.9904        0        9        0.1      102 
40.990375 0.0246097 -0.00477688 5.86938 925 0.1 102 9 0
  2   41.0403        0        9        0.1       99 
41.04025 0.0251094 -0.00572454 5.87621 926 0.1 99 9 0
  3   41.0902        0        9        0.1      101 
41.09025 0.0256114 -0.00667678 5.88305 926 0.1 101 9 0
  4   41.1403        0        9        0.1      101 
41.14025 0.0261145 -0.00763121 5.88989 927 0.1 101 9 0
  5   41.1902        0        9        0.1      101 
41.19025 0.0266187 -0.00858784 5.89673 928 0.1 101 9 0
  6   41.2403        7       10        0.1       99 
41.24025 0.027124 -0.00954668 5.90356 928 0.1 99 10 7
  7   41.2901        6        9        0.1       99 
41.290125 0.0276291 -0.0105053 5.91038 929 0.1 99 9 6
  8   41.3402        6        9        0.1      102 
41.34025 0.0281379 -0.0114709 5.91723 929 0.1 102 9 6
  9   41.3903       10       10        0.1      101 
41.39025 0.0286464 -0.0124363 5.92406 930 0.1 101 10 10
 10   41.4402       14        9        0.1      100 
41.44025 0.0291561 -0.013404 5.93088 930 0.1 100 9 14
 11   41.4903       17        9        0.1      100 
41.49025 0.0296668 -0.0143738 5.93771 931 0.1 100 9 17
 12   41.5401       32       10        0.1      101 
41.540125 0.0301774 -0.0153433 5.94451 931 0.1 101 10 32
 13   41.5902      115        9        0.1      101 
41.59025 0.0306916 -0.01632 5.95135 932 0.1 101 9 115
 14   41.6403     1201        9        0.1      100 
41.64025 0.0312056 -0.0172963 5.95817 933 0.1 100 9 1201
 15   41.6901    11927        9        0.1      102 
41.690125 0.0317194 -0.0182725 5.96497 933 0.1 102 9 11927
 16   41.7404    11901        9        0.1      101 
41.740375 0.0322381 -0.0192581 5.97181 934 0.1 101 9 11901
 17   41.7903    12376       10        0.1      100 
41.79025 0.0327541 -0.0202387 5.97861 934 0.1 100 10 12376
 18   41.8404    12128        9        0.1      101 
41.840375 0.0332738 -0.0212263 5.98543 935 0.1 101 9 12128
 19   41.8903    11918        9        0.1      101 
41.89025 0.0337919 -0.0222111 5.99222 935 0.1 101 9 11918
 20   41.9402    12265        9        0.1      101 
41.94025 0.0343124 -0.0232007 5.99902 936 0.1 101 9 12265
 21   41.9903    11897        9        0.1      102 
41.99025 0.034834 -0.0241924 6.00582 936 0.1 102 9 11897
 22   42.0404    11632        9        0.1       99 
42.040375 0.035358 -0.0251887 6.01264 937 0.1 99 9 11632
 23   42.0902    11834        9        0.1      100 
42.09025 0.0358805 -0.0261823 6.01942 937 0.1 100 9 11834
 24   42.1403    11909        9        0.1      102 
42.14025 0.0364053 -0.0271806 6.02621 938 0.1 102 9 11909
 25   42.1902    12439        9        0.1      101 
42.19025 0.0369313 -0.028181 6.033 939 0.1 101 9 12439
 26   42.2403      152        9        0.1       99 
42.24025 0.0374583 -0.0291837 6.03979 939 0.1 99 9 152
 27   42.2901        2        9        0.1      100 
42.290125 0.0379851 -0.030186 6.04656 940 0.1 100 9 2
 28   42.3402        2        9        0.1      101 
42.34025 0.0385156 -0.0311955 6.05336 940 0.1 101 9 2
 29   42.3903        1        9        0.1      100 
42.39025 0.0390458 -0.0322046 6.06015 941 0.1 100 9 1
 30   42.4402        3       10        0.1      100 
42.44025 0.0395772 -0.033216 6.06693 941 0.1 100 10 3
 31   42.4903        0        9        0.1      100 
42.49025 0.0401096 -0.0342295 6.0737 942 0.1 100 9 0
 32   42.5403        0        9        0.1      101 
42.54025 0.0406431 -0.0352452 6.08048 942 0.1 101 9 0
 33   42.5901        0        9        0.1      100 
42.590125 0.0411763 -0.0362606 6.08723 943 0.1 100 9 0
 34   42.6403        0        9        0.1      100 
42.64025 0.0417133 -0.0372832 6.09402 944 0.1 100 9 0
 35   42.6901        0        9        0.1      101 
42.690125 0.0422487 -0.0383029 6.10077 944 0.1 101 9 0
 36   42.7404        1        9        0.1      102 
42.740375 0.0427892 -0.0393324 6.10757 945 0.1 102 9 1
 37   42.7903        0        9        0.1      101 
42.79025 0.0433268 -0.0403564 6.11432 945 0.1 101 9 0
 38   42.8404        0        9        0.1      100 
42.840375 0.0438681 -0.0413878 6.12109 946 0.1 100 9 0
 39   42.8903        0        9        0.1      100 
42.89025 0.0444078 -0.0424161 6.12783 946 0.1 100 9 0
 40   42.9402        1       10        0.1      102 
42.94025 0.04495 -0.0434492 6.13459 947 0.1 102 10 1
#R 5 42.1903 12439 0.551915 0 41.9373 133796

Returning tth to 41.9403


43.FOURCC> mv tth CEN


44.FOURCC> comment 'peak is found. repeat th scan to optimize'

Sun Dec 13 20:56:09 2020.  peak is found. repeat th scan to optimize.
#C Sun Dec 13 20:56:09 2020.  peak is found. repeat th scan to optimize.


45.FOURCC> dscan th -.1 .1 50 .1
Total 51 points, 5.1 seconds

#S 6  ascan  th 20.2676 20.4676  50 0.1
#D Sun Dec 13 20:56:16 2020
#T 0.1  (Seconds)
#G0 0 0 0 0 0 1 0 0 0 0 0 0 50 0 0.1 0 68 68 50 -1 1 1 3.13542 3.13542 0 463.6 838.8
#G1 4.785 4.785 12.991 90 90 120 1.516237713 1.516237713 0.483656786 90 90 60 0 0 6 1 0 0 41.94188 20.97 90 0 0 0 60 30 0 0 0 0 1.549802558 1.549802558 0 0
#G3 1.516237713 0.7581188565 2.961543674e-17 5.523479432e-21 1.313100377 -7.934919163e-06 -3.366724039e-16 2.15428495e-05 0.483656786
#G4 0.03430329478 -0.02318331573 5.998903124 1.549802558 20.36709818 21.56918344 0 -48.52653724 0 0 0 0 0 0 0 0 -180 -170 -180 -180 -180 -180 -180 -180 -180 0
#Q 0.0343033 -0.0231833 5.9989
#P0 41.939375 20.367656 89.32 0 -0.2 6.216 1.889625 1.3323
#P1 -0.05008 -0.19984 8.08975 1.50195 -0.43655 13.7217 -47.0089 
#U_ring 100.031 51.1539 Disable 240 2.39649 0.0438063 1.82793
#U_rfsteering 869.044 2.44431 347.535 1.1848
#U_temp 79.55 0 71.92 72.11 75.55 76.91 0 989.749
#U_ID_UA 18.7573 8.22958 0 1
#U_ID_HSCU 0 14.7716 20 1
#U_slits 0.60009 0.190045 0.600163 0.0400488
#U_mono 8 1.5498 -19.8665 36.9719 0.0408 0.626389 3.48322
#U_BPM 13.6097 32.6935 0.9857 On
#U_C_ICgains 1 uA/V 1 uA/V 10 uA/V
#U_C_JJs 700 0.0002535 299.999 -299.997
#U_KBs -719.986 0 3000.03 -300.018 -0.001 6.04132 2520.03 560.047
#U_ATTEN1 0 0 0 0
#U_ATTEN2 0 1 1 0
#U_ALP_BET 20.3671 21.5692
#N 9
#L Theta  H  K  L  Epoch  Seconds  Trig  IC_1  Btot

Scan   6   Sun Dec 13 20:56:16 2020   file = Align4Pete.spec  fourcC  user = 7idc
ascan  th 20.2676 20.4676  50 0.1

  #     Theta     Btot     IC_1    Seconds     Trig 
  0   20.2677     2865        9        0.1      101 
20.267656 0.0362312 -0.02704 5.99878 983 0.1 101 9 2865
  1   20.2717        2        9        0.1      102 
20.271656 0.0361541 -0.0268857 5.99879 983 0.1 102 9 2
  2   20.2757        5        9        0.1      100 
20.275656 0.036077 -0.0267315 5.99879 984 0.1 100 9 5
  3   20.2797        5       10        0.1      100 
20.279656 0.0359998 -0.0265772 5.9988 984 0.1 100 10 5
  4   20.2837        3        9        0.1      101 
20.283656 0.0359227 -0.0264229 5.9988 984 0.1 101 9 3
  5   20.2877        6        9        0.1      101 
20.287656 0.0358456 -0.0262687 5.99881 984 0.1 101 9 6
  6   20.2917     1661        9        0.1      101 
20.291656 0.0357685 -0.0261144 5.99881 985 0.1 101 9 1661
  7   20.2957        8        9        0.1       99 
20.295656 0.0356914 -0.0259601 5.99882 985 0.1 99 9 8
  8   20.2997     3543        9        0.1      102 
20.299656 0.0356143 -0.0258059 5.99882 985 0.1 102 9 3543
  9   20.3037        5        9        0.1      102 
20.303656 0.0355372 -0.0256516 5.99883 985 0.1 102 9 5
 10   20.3077        8        9        0.1      101 
20.307656 0.03546 -0.0254973 5.99883 986 0.1 101 9 8
 11   20.3117    13118        9        0.1      100 
20.311656 0.0353829 -0.0253431 5.99884 986 0.1 100 9 13118
 12   20.3157       12        9        0.1      100 
20.315656 0.0353058 -0.0251888 5.99884 986 0.1 100 9 12
 13   20.3197        7        9        0.1      101 
20.319656 0.0352287 -0.0250345 5.99885 986 0.1 101 9 7
 14   20.3237     1547        9        0.1      102 
20.323656 0.0351516 -0.0248803 5.99885 987 0.1 102 9 1547
 15   20.3277       13       10        0.1       99 
20.327656 0.0350745 -0.024726 5.99886 987 0.1 99 10 13
 16   20.3317        9        9        0.1      102 
20.331656 0.0349973 -0.0245717 5.99886 987 0.1 102 9 9
 17   20.3357       14        9        0.1      101 
20.335656 0.0349202 -0.0244175 5.99887 987 0.1 101 9 14
 18   20.3397       14        9        0.1      102 
20.339656 0.0348431 -0.0242632 5.99887 988 0.1 102 9 14
 19   20.3437       16       10        0.1      101 
20.343656 0.034766 -0.0241089 5.99888 988 0.1 101 10 16
 20   20.3477       26       10        0.1      100 
20.347656 0.0346889 -0.0239547 5.99888 988 0.1 100 10 26
 21   20.3517     1441        9        0.1      101 
20.351656 0.0346118 -0.0238004 5.99889 988 0.1 101 9 1441
 22   20.3557      140        9        0.1      100 
20.355656 0.0345346 -0.0236461 5.99889 989 0.1 100 9 140
 23   20.3597     8764        9        0.1      100 
20.359656 0.0344575 -0.0234919 5.99889 989 0.1 100 9 8764
 24   20.3637    22807        9        0.1      100 
20.363656 0.0343804 -0.0233376 5.9989 989 0.1 100 9 22807
 25   20.3677    15452        9        0.1      101 
20.367656 0.0343033 -0.0231833 5.9989 989 0.1 101 9 15452
 26   20.3717      883        9        0.1      101 
20.371656 0.0342262 -0.023029 5.99891 990 0.1 101 9 883
 27   20.3757      178        9        0.1      100 
20.375656 0.0341491 -0.0228748 5.99891 990 0.1 100 9 178
 28   20.3797       65        9        0.1      101 
20.379656 0.0340719 -0.0227205 5.99892 990 0.1 101 9 65
 29   20.3837       44        9        0.1      101 
20.383656 0.0339948 -0.0225662 5.99892 990 0.1 101 9 44
 30   20.3877       26        9        0.1      102 
20.387656 0.0339177 -0.022412 5.99892 991 0.1 102 9 26
 31   20.3917       14        9        0.1      101 
20.391656 0.0338406 -0.0222577 5.99893 991 0.1 101 9 14
 32   20.3957       13        9        0.1      102 
20.395656 0.0337635 -0.0221034 5.99893 991 0.1 102 9 13
 33   20.3997        8        9        0.1      102 
20.399656 0.0336863 -0.0219492 5.99894 991 0.1 102 9 8
 34   20.4037       11        9        0.1      102 
20.403656 0.0336092 -0.0217949 5.99894 992 0.1 102 9 11
 35   20.4077       13        9        0.1      100 
20.407656 0.0335321 -0.0216406 5.99895 992 0.1 100 9 13
 36   20.4117       10        9        0.1      101 
20.411656 0.033455 -0.0214863 5.99895 992 0.1 101 9 10
 37   20.4157        6        9        0.1      101 
20.415656 0.0333779 -0.0213321 5.99895 992 0.1 101 9 6
 38   20.4197       12        9        0.1      101 
20.419656 0.0333007 -0.0211778 5.99896 993 0.1 101 9 12
 39   20.4237        7        9        0.1       99 
20.423656 0.0332236 -0.0210235 5.99896 993 0.1 99 9 7
 40   20.4277       10       10        0.1      101 
20.427656 0.0331465 -0.0208693 5.99897 993 0.1 101 10 10
 41   20.4317        7        9        0.1      101 
20.431656 0.0330694 -0.020715 5.99897 993 0.1 101 9 7
 42   20.4357       10       10        0.1      101 
20.435656 0.0329923 -0.0205607 5.99897 994 0.1 101 10 10
 43   20.4397       13        9        0.1      100 
20.439656 0.0329151 -0.0204065 5.99898 994 0.1 100 9 13
 44   20.4437        5        9        0.1      100 
20.443656 0.032838 -0.0202522 5.99898 994 0.1 100 9 5
 45   20.4477       11        9        0.1      101 
20.447656 0.0327609 -0.0200979 5.99899 994 0.1 101 9 11
 46   20.4517        8        9        0.1      100 
20.451656 0.0326838 -0.0199436 5.99899 995 0.1 100 9 8
 47   20.4557        7        9        0.1      100 
20.455656 0.0326067 -0.0197894 5.99899 995 0.1 100 9 7
 48   20.4597        9        9        0.1      102 
20.459656 0.0325295 -0.0196351 5.999 995 0.1 102 9 9
 49   20.4637        3        9        0.1      102 
20.463656 0.0324524 -0.0194808 5.999 995 0.1 102 9 3
 50   20.4677        5        9        0.1      101 
20.467656 0.0323753 -0.0193266 5.999 996 0.1 101 9 5
#R 6 20.3636 22807 0.0083597 0 20.3453 72869

Returning th to 20.3676


46.FOURCC> comment 'last scan was kind of spiky. why not one nice peak?'

Sun Dec 13 20:57:21 2020.  last scan was kind of spiky. why not one nice peak?.
#C Sun Dec 13 20:57:21 2020.  last scan was kind of spiky. why not one nice peak?.


47.FOURCC> dscan th -.1 .1 250 1
Total 251 points, 251 seconds (0:04:11)

#S 7  ascan  th 20.2676 20.4676  250 1
#D Sun Dec 13 20:57:28 2020
#T 1  (Seconds)
#G0 0 0 0 0 0 1 0 0 0 0 0 0 50 0 0.1 0 68 68 50 -1 1 1 3.13542 3.13542 0 463.6 838.8
#G1 4.785 4.785 12.991 90 90 120 1.516237713 1.516237713 0.483656786 90 90 60 0 0 6 1 0 0 41.94188 20.97 90 0 0 0 60 30 0 0 0 0 1.549802558 1.549802558 0 0
#G3 1.516237713 0.7581188565 2.961543674e-17 5.523479432e-21 1.313100377 -7.934919163e-06 -3.366724039e-16 2.15428495e-05 0.483656786
#G4 0.03430389727 -0.02318452096 5.99890309 1.549802558 20.36706693 21.56921469 0 -48.52505923 0 0 0 0 0 0 0 0 -180 -170 -180 -180 -180 -180 -180 -180 -180 0
#Q 0.0343039 -0.0231845 5.9989
#P0 41.939375 20.367625 89.32 0 -0.2 6.216 1.889625 1.3323
#P1 -0.05008 -0.19984 8.08975 1.50195 -0.43655 13.7217 -47.0089 
#U_ring 99.9909 51.2127 Disable 240 2.40331 0.0439766 1.82983
#U_rfsteering 870.409 2.44771 347.436 1.18451
#U_temp 79.55 0 71.92 72.11 75.55 76.91 0 989.764
#U_ID_UA 18.7573 8.22958 0 1
#U_ID_HSCU 0.109863 14.7715 22.1951 1
#U_slits 0.60009 0.190045 0.600163 0.0400488
#U_mono 8 1.5498 -19.8665 36.9719 0.0408 0.626389 3.48322
#U_BPM 13.6541 31.2568 0.436688 On
#U_C_ICgains 1 uA/V 1 uA/V 10 uA/V
#U_C_JJs 700 0.0002535 299.999 -299.997
#U_KBs -719.986 0 3000.03 -300.018 -0.001 6.04132 2520.03 560.047
#U_ATTEN1 0 0 0 0
#U_ATTEN2 0 1 1 0
#U_ALP_BET 20.3671 21.5692
#N 9
#L Theta  H  K  L  Epoch  Seconds  Trig  IC_1  Btot

Scan   7   Sun Dec 13 20:57:28 2020   file = Align4Pete.spec  fourcC  user = 7idc
ascan  th 20.2676 20.4676  250 1

  #     Theta     Btot     IC_1    Seconds     Trig 
  0   20.2676       43       84          1     1007 
20.267625 0.0362318 -0.0270412 5.99878 1056 1 1007 84 43
  1   20.2684       41       81          1     1005 
20.268438 0.0362161 -0.0270099 5.99879 1057 1 1005 81 41
  2   20.2692       45       85          1     1008 
20.269219 0.0362011 -0.0269797 5.99879 1058 1 1008 85 45
  3   20.2700       49       82          1     1007 
20.270031 0.0361854 -0.0269484 5.99879 1059 1 1007 82 49
  4   20.2708       44       82          1     1006 
20.270813 0.0361703 -0.0269183 5.99879 1061 1 1006 82 44
  5   20.2716       46       86          1     1007 
20.271625 0.0361547 -0.0268869 5.99879 1062 1 1007 86 46
  6   20.2724       37       82          1     1005 
20.272437 0.036139 -0.0268556 5.99879 1063 1 1005 82 37
  7   20.2732       36       84          1     1005 
20.273219 0.036124 -0.0268255 5.99879 1064 1 1005 84 36
  8   20.2740       37       84          1     1006 
20.274031 0.0361083 -0.0267941 5.99879 1065 1 1006 84 37
  9   20.2748       37       82          1     1007 
20.274812 0.0360932 -0.026764 5.99879 1066 1 1007 82 37
 10   20.2756       30       84          1     1006 
20.275625 0.0360776 -0.0267327 5.99879 1067 1 1006 84 30
 11   20.2764       44       84          1     1005 
20.276438 0.0360619 -0.0267013 5.9988 1068 1 1005 84 44
 12   20.2772       38       83          1     1007 
20.277219 0.0360468 -0.0266712 5.9988 1070 1 1007 83 38
 13   20.2780       38       83          1     1006 
20.278031 0.0360312 -0.0266399 5.9988 1071 1 1006 83 38
 14   20.2788       37       82          1     1006 
20.278813 0.0360161 -0.0266097 5.9988 1072 1 1006 82 37
 15   20.2796       40       84          1     1005 
20.279625 0.0360005 -0.0265784 5.9988 1073 1 1005 84 40
 16   20.2804       45       84          1     1006 
20.280438 0.0359848 -0.0265471 5.9988 1074 1 1006 84 45
 17   20.2812       43       82          1     1007 
20.281219 0.0359697 -0.0265169 5.9988 1075 1 1007 82 43
 18   20.2820       38       84          1     1006 
20.282031 0.0359541 -0.0264856 5.9988 1076 1 1006 84 38
 19   20.2828       44       85          1     1006 
20.282812 0.035939 -0.0264555 5.9988 1077 1 1006 85 44
 20   20.2836       40       85          1     1004 
20.283625 0.0359233 -0.0264241 5.9988 1079 1 1004 85 40
 21   20.2844       54       81          1     1007 
20.284437 0.0359077 -0.0263928 5.99881 1080 1 1007 81 54
 22   20.2852       46       84          1     1006 
20.285219 0.0358926 -0.0263627 5.99881 1081 1 1006 84 46
 23   20.2860       47       84          1     1004 
20.286031 0.0358769 -0.0263313 5.99881 1082 1 1004 84 47
 24   20.2868       64       83          1     1008 
20.286812 0.0358619 -0.0263012 5.99881 1083 1 1008 83 64
 25   20.2876       44       83          1     1006 
20.287625 0.0358462 -0.0262699 5.99881 1084 1 1006 83 44
 26   20.2884       52       82          1     1005 
20.288438 0.0358306 -0.0262385 5.99881 1085 1 1005 82 52
 27   20.2892       43       85          1     1006 
20.289219 0.0358155 -0.0262084 5.99881 1086 1 1006 85 43
 28   20.2900       45       85          1     1006 
20.290031 0.0357998 -0.0261771 5.99881 1088 1 1006 85 45
 29   20.2908       47       83          1     1007 
20.290813 0.0357848 -0.0261469 5.99881 1089 1 1007 83 47
 30   20.2916       55       85          1     1007 
20.291625 0.0357691 -0.0261156 5.99881 1090 1 1007 85 55
 31   20.2924       47       84          1     1007 
20.292437 0.0357534 -0.0260843 5.99882 1091 1 1007 84 47
 32   20.2932       46       83          1     1006 
20.293219 0.0357384 -0.0260541 5.99882 1092 1 1006 83 46
 33   20.2940     3335       88          1     1005 
20.294031 0.0357227 -0.0260228 5.99882 1093 1 1005 88 3335
 34   20.2948    28867       83          1     1006 
20.294812 0.0357077 -0.0259927 5.99882 1094 1 1006 83 28867
 35   20.2956       43       84          1     1006 
20.295625 0.035692 -0.0259613 5.99882 1095 1 1006 84 43
 36   20.2964       65       86          1     1005 
20.296437 0.0356763 -0.02593 5.99882 1097 1 1005 86 65
 37   20.2972       60       84          1     1006 
20.297219 0.0356613 -0.0258999 5.99882 1098 1 1006 84 60
 38   20.2980       60       87          1     1006 
20.298031 0.0356456 -0.0258685 5.99882 1099 1 1006 87 60
 39   20.2988       55       84          1     1006 
20.298813 0.0356305 -0.0258384 5.99882 1100 1 1006 84 55
 40   20.2996       59       83          1     1006 
20.299625 0.0356149 -0.0258071 5.99882 1101 1 1006 83 59
 41   20.3004       45       88          1     1007 
20.300438 0.0355992 -0.0257757 5.99883 1102 1 1007 88 45
 42   20.3012       61       84          1     1004 
20.301219 0.0355842 -0.0257456 5.99883 1103 1 1004 84 61
 43   20.3020       51       85          1     1006 
20.302031 0.0355685 -0.0257143 5.99883 1104 1 1006 85 51
 44   20.3028       56       87          1     1005 
20.302813 0.0355534 -0.0256841 5.99883 1106 1 1005 87 56
 45   20.3036       65       84          1     1006 
20.303625 0.0355378 -0.0256528 5.99883 1107 1 1006 84 65
 46   20.3044       64       86          1     1005 
20.304437 0.0355221 -0.0256215 5.99883 1108 1 1005 86 64
 47   20.3052       62       84          1     1006 
20.305219 0.035507 -0.0255913 5.99883 1109 1 1006 84 62
 48   20.3060       68       85          1     1007 
20.306031 0.0354914 -0.02556 5.99883 1110 1 1007 85 68
 49   20.3068       74       88          1     1007 
20.306812 0.0354763 -0.0255299 5.99883 1111 1 1007 88 74
 50   20.3076       66       84          1     1008 
20.307625 0.0354606 -0.0254985 5.99883 1112 1 1008 84 66
 51   20.3084    24554       85          1     1006 
20.308438 0.035445 -0.0254672 5.99883 1113 1 1006 85 24554
 52   20.3092    21494       86          1     1007 
20.309219 0.0354299 -0.0254371 5.99884 1115 1 1007 86 21494
 53   20.3100       70       83          1     1006 
20.310031 0.0354143 -0.0254057 5.99884 1116 1 1006 83 70
 54   20.3108       70       86          1     1009 
20.310813 0.0353992 -0.0253756 5.99884 1117 1 1009 86 70
 55   20.3116       68       84          1     1007 
20.311625 0.0353835 -0.0253443 5.99884 1118 1 1007 84 68
 56   20.3124       90       86          1     1005 
20.312438 0.0353679 -0.0253129 5.99884 1119 1 1005 86 90
 57   20.3132       87       86          1     1007 
20.313219 0.0353528 -0.0252828 5.99884 1121 1 1007 86 87
 58   20.3140       71       83          1     1006 
20.314031 0.0353371 -0.0252515 5.99884 1122 1 1006 83 71
 59   20.3148       88       86          1     1006 
20.314812 0.0353221 -0.0252213 5.99884 1123 1 1006 86 88
 60   20.3156       63       86          1     1007 
20.315625 0.0353064 -0.02519 5.99884 1124 1 1007 86 63
 61   20.3164       96       85          1     1007 
20.316437 0.0352908 -0.0251587 5.99884 1125 1 1007 85 96
 62   20.3172       81       84          1     1006 
20.317219 0.0352757 -0.0251285 5.99885 1126 1 1006 84 81
 63   20.3180       73       85          1     1006 
20.318031 0.03526 -0.0250972 5.99885 1127 1 1006 85 73
 64   20.3188       83       86          1     1007 
20.318812 0.035245 -0.0250671 5.99885 1128 1 1007 86 83
 65   20.3196       91       84          1     1007 
20.319625 0.0352293 -0.0250357 5.99885 1130 1 1007 84 91
 66   20.3204    34512       84          1     1007 
20.320438 0.0352136 -0.0250044 5.99885 1131 1 1007 84 34512
 67   20.3212    19926       85          1     1007 
20.321219 0.0351986 -0.0249743 5.99885 1132 1 1007 85 19926
 68   20.3220    37125       86          1     1007 
20.322031 0.0351829 -0.0249429 5.99885 1133 1 1007 86 37125
 69   20.3228    50435       86          1     1006 
20.322813 0.0351678 -0.0249128 5.99885 1134 1 1006 86 50435
 70   20.3236      678       84          1     1008 
20.323625 0.0351522 -0.0248815 5.99885 1135 1 1008 84 678
 71   20.3244       95       86          1     1008 
20.324437 0.0351365 -0.0248501 5.99885 1136 1 1008 86 95
 72   20.3252       99       86          1     1006 
20.325219 0.0351215 -0.02482 5.99885 1137 1 1006 86 99
 73   20.3260       98       83          1     1008 
20.326031 0.0351058 -0.0247887 5.99886 1139 1 1008 83 98
 74   20.3268       95       87          1     1006 
20.326812 0.0350907 -0.0247585 5.99886 1140 1 1006 87 95
 75   20.3276     2926       83          1     1008 
20.327625 0.0350751 -0.0247272 5.99886 1141 1 1008 83 2926
 76   20.3284      894       85          1     1008 
20.328437 0.0350594 -0.0246959 5.99886 1142 1 1008 85 894
 77   20.3292     3649       86          1     1006 
20.329219 0.0350443 -0.0246657 5.99886 1143 1 1006 86 3649
 78   20.3300    15058       83          1     1007 
20.330031 0.0350287 -0.0246344 5.99886 1144 1 1007 83 15058
 79   20.3308    34437       87          1     1007 
20.330813 0.0350136 -0.0246043 5.99886 1145 1 1007 87 34437
 80   20.3316    31740       85          1     1007 
20.331625 0.034998 -0.0245729 5.99886 1146 1 1007 85 31740
 81   20.3324      114       84          1     1007 
20.332438 0.0349823 -0.0245416 5.99886 1148 1 1007 84 114
 82   20.3332       96       88          1     1006 
20.333219 0.0349672 -0.0245115 5.99886 1149 1 1006 88 96
 83   20.3340      116       84          1     1007 
20.334031 0.0349516 -0.0244801 5.99887 1150 1 1007 84 116
 84   20.3348      121       84          1     1007 
20.334813 0.0349365 -0.02445 5.99887 1151 1 1007 84 121
 85   20.3356      118       87          1     1008 
20.335625 0.0349208 -0.0244187 5.99887 1152 1 1008 87 118
 86   20.3364      120       84          1     1007 
20.336437 0.0349052 -0.0243873 5.99887 1153 1 1007 84 120
 87   20.3372      120       91          1     1006 
20.337219 0.0348901 -0.0243572 5.99887 1154 1 1006 91 120
 88   20.3380      113       86          1     1008 
20.338031 0.0348744 -0.0243259 5.99887 1155 1 1008 86 113
 89   20.3388      130       83          1     1008 
20.338812 0.0348594 -0.0242957 5.99887 1157 1 1008 83 130
 90   20.3396      149       89          1     1006 
20.339625 0.0348437 -0.0242644 5.99887 1158 1 1006 89 149
 91   20.3404      148       83          1     1007 
20.340438 0.0348281 -0.0242331 5.99887 1159 1 1007 83 148
 92   20.3412    17678       85          1     1008 
20.341219 0.034813 -0.0242029 5.99887 1160 1 1008 85 17678
 93   20.3420     4065       86          1     1006 
20.342031 0.0347973 -0.0241716 5.99887 1161 1 1006 86 4065
 94   20.3428     6330       84          1     1006 
20.342813 0.0347823 -0.0241415 5.99888 1162 1 1006 84 6330
 95   20.3436     4189       85          1     1007 
20.343625 0.0347666 -0.0241101 5.99888 1163 1 1007 85 4189
 96   20.3444     3119       85          1     1006 
20.344438 0.0347509 -0.0240788 5.99888 1165 1 1006 85 3119
 97   20.3452     1495       84          1     1007 
20.345219 0.0347359 -0.0240487 5.99888 1166 1 1007 84 1495
 98   20.3460      222       87          1     1008 
20.346031 0.0347202 -0.0240173 5.99888 1167 1 1008 87 222
 99   20.3468      213       85          1     1007 
20.346812 0.0347051 -0.0239872 5.99888 1168 1 1007 85 213
100   20.3476      251       86          1     1007 
20.347625 0.0346895 -0.0239559 5.99888 1169 1 1007 86 251
101   20.3484    16471       86          1     1007 
20.348437 0.0346738 -0.0239245 5.99888 1170 1 1007 86 16471
102   20.3492    19732       84          1     1007 
20.349219 0.0346588 -0.0238944 5.99888 1171 1 1007 84 19732
103   20.3500      313       85          1     1006 
20.350031 0.0346431 -0.0238631 5.99888 1172 1 1006 85 313
104   20.3508    60524       85          1     1007 
20.350812 0.034628 -0.0238329 5.99888 1174 1 1007 85 60524
105   20.3516    10233       86          1     1007 
20.351625 0.0346124 -0.0238016 5.99889 1175 1 1007 86 10233
106   20.3524      490       83          1     1007 
20.352438 0.0345967 -0.0237703 5.99889 1176 1 1007 83 490
107   20.3532      503       84          1     1007 
20.353219 0.0345816 -0.0237401 5.99889 1177 1 1007 84 503
108   20.3540      619       85          1     1005 
20.354031 0.034566 -0.0237088 5.99889 1178 1 1005 85 619
109   20.3548      733       85          1     1006 
20.354813 0.0345509 -0.0236787 5.99889 1179 1 1006 85 733
110   20.3556      982       85          1     1006 
20.355625 0.0345353 -0.0236473 5.99889 1180 1 1006 85 982
111   20.3564    21515       84          1     1007 
20.356437 0.0345196 -0.023616 5.99889 1181 1 1007 84 21515
112   20.3572     1797       85          1     1007 
20.357219 0.0345045 -0.0235859 5.99889 1183 1 1007 85 1797
113   20.3580     3842       86          1     1009 
20.358031 0.0344889 -0.0235545 5.99889 1184 1 1009 86 3842
114   20.3588    19206       83          1     1007 
20.358812 0.0344738 -0.0235244 5.99889 1185 1 1007 83 19206
115   20.3596    59654       86          1     1006 
20.359625 0.0344581 -0.0234931 5.99889 1186 1 1006 86 59654
116   20.3604    87919       85          1     1007 
20.360437 0.0344425 -0.0234617 5.9989 1187 1 1007 85 87919
117   20.3612   128740       83          1     1008 
20.361219 0.0344274 -0.0234316 5.9989 1188 1 1008 83 128740
118   20.3620   144672       86          1     1007 
20.362031 0.0344117 -0.0234003 5.9989 1189 1 1007 86 144672
119   20.3628   152523       83          1     1006 
20.362813 0.0343967 -0.0233701 5.9989 1190 1 1006 83 152523
120   20.3636   199947       85          1     1007 
20.363625 0.034381 -0.0233388 5.9989 1192 1 1007 85 199947
121   20.3644   244276       86          1     1005 
20.364438 0.0343654 -0.0233075 5.9989 1193 1 1005 86 244276
122   20.3652   302053       83          1     1009 
20.365219 0.0343503 -0.0232773 5.9989 1194 1 1009 83 302053
123   20.3660   258139       87          1     1008 
20.366031 0.0343346 -0.023246 5.9989 1195 1 1008 87 258139
124   20.3668   222095       84          1     1007 
20.366813 0.0343196 -0.0232159 5.9989 1196 1 1007 84 222095
125   20.3676   189384       83          1     1007 
20.367625 0.0343039 -0.0231845 5.9989 1197 1 1007 83 189384
126   20.3684   121761       88          1     1007 
20.368437 0.0342882 -0.0231532 5.9989 1198 1 1007 88 121761
127   20.3692   127092       84          1     1006 
20.369219 0.0342732 -0.0231231 5.9989 1199 1 1006 84 127092
128   20.3700    94075       85          1     1005 
20.370031 0.0342575 -0.0230917 5.99891 1201 1 1005 85 94075
129   20.3708    77793       87          1     1007 
20.370812 0.0342424 -0.0230616 5.99891 1202 1 1007 87 77793
130   20.3716    22242       84          1     1005 
20.371625 0.0342268 -0.0230303 5.99891 1203 1 1005 84 22242
131   20.3724     7603       88          1     1007 
20.372438 0.0342111 -0.0229989 5.99891 1204 1 1007 88 7603
132   20.3732     5173       84          1     1006 
20.373219 0.0341961 -0.0229688 5.99891 1205 1 1006 84 5173
133   20.3740     3695       84          1     1008 
20.374031 0.0341804 -0.0229374 5.99891 1206 1 1008 84 3695
134   20.3748     2822       88          1     1007 
20.374813 0.0341653 -0.0229073 5.99891 1207 1 1007 88 2822
135   20.3756     2146       84          1     1005 
20.375625 0.0341497 -0.022876 5.99891 1208 1 1005 84 2146
136   20.3764     4242       85          1     1005 
20.376438 0.034134 -0.0228446 5.99891 1210 1 1005 85 4242
137   20.3772     1368       86          1     1005 
20.377219 0.0341189 -0.0228145 5.99891 1211 1 1005 86 1368
138   20.3780     1175       84          1     1005 
20.378031 0.0341033 -0.0227832 5.99891 1212 1 1005 84 1175
139   20.3788      969       85          1     1006 
20.378812 0.0340882 -0.022753 5.99892 1213 1 1006 85 969
140   20.3796      869       86          1     1007 
20.379625 0.0340725 -0.0227217 5.99892 1214 1 1007 86 869
141   20.3804      698       84          1     1007 
20.380437 0.0340569 -0.0226904 5.99892 1215 1 1007 84 698
142   20.3812      612       86          1     1007 
20.381219 0.0340418 -0.0226602 5.99892 1216 1 1007 86 612
143   20.3820      528       84          1     1006 
20.382031 0.0340262 -0.0226289 5.99892 1218 1 1006 84 528
144   20.3828     6406       87          1     1005 
20.382812 0.0340111 -0.0225988 5.99892 1219 1 1005 87 6406
145   20.3836      424       88          1     1006 
20.383625 0.0339954 -0.0225674 5.99892 1220 1 1006 88 424
146   20.3844      345       86          1     1005 
20.384438 0.0339798 -0.0225361 5.99892 1221 1 1005 86 345
147   20.3852      326       88          1     1006 
20.385219 0.0339647 -0.022506 5.99892 1222 1 1006 88 326
148   20.3860      350       88          1     1005 
20.386031 0.033949 -0.0224746 5.99892 1223 1 1005 88 350
149   20.3868      260       88          1     1007 
20.386813 0.033934 -0.0224445 5.99892 1224 1 1007 88 260
150   20.3876      298       87          1     1006 
20.387625 0.0339183 -0.0224132 5.99892 1225 1 1006 87 298
151   20.3884      257       88          1     1006 
20.388437 0.0339026 -0.0223818 5.99893 1226 1 1006 88 257
152   20.3892      232       89          1     1005 
20.389219 0.0338876 -0.0223517 5.99893 1228 1 1005 89 232
153   20.3900      200       87          1     1005 
20.390031 0.0338719 -0.0223204 5.99893 1229 1 1005 87 200
154   20.3908     8606       87          1     1005 
20.390812 0.0338569 -0.0222902 5.99893 1230 1 1005 87 8606
155   20.3916      184       86          1     1007 
20.391625 0.0338412 -0.0222589 5.99893 1231 1 1007 86 184
156   20.3924      161       88          1     1004 
20.392437 0.0338255 -0.0222276 5.99893 1232 1 1004 88 161
157   20.3932      160       88          1     1005 
20.393219 0.0338105 -0.0221974 5.99893 1233 1 1005 88 160
158   20.3940    21576       86          1     1006 
20.394031 0.0337948 -0.0221661 5.99893 1234 1 1006 86 21576
159   20.3948    18816       88          1     1006 
20.394813 0.0337797 -0.022136 5.99893 1235 1 1006 88 18816
160   20.3956      271       88          1     1006 
20.395625 0.0337641 -0.0221046 5.99893 1237 1 1006 88 271
161   20.3964      155       87          1     1006 
20.396438 0.0337484 -0.0220733 5.99893 1238 1 1006 87 155
162   20.3972      130       91          1     1007 
20.397219 0.0337333 -0.0220432 5.99893 1239 1 1007 91 130
163   20.3980      182       86          1     1007 
20.398031 0.0337177 -0.0220118 5.99894 1240 1 1007 86 182
164   20.3988      123       87          1     1007 
20.398812 0.0337026 -0.0219817 5.99894 1241 1 1007 87 123
165   20.3996      139       87          1     1006 
20.399625 0.0336869 -0.0219504 5.99894 1242 1 1006 87 139
166   20.4004      139       84          1     1006 
20.400437 0.0336713 -0.021919 5.99894 1243 1 1006 84 139
167   20.4012      128       88          1     1007 
20.401219 0.0336562 -0.0218889 5.99894 1245 1 1007 88 128
168   20.4020      110       85          1     1006 
20.402031 0.0336406 -0.0218576 5.99894 1246 1 1006 85 110
169   20.4028      134       84          1     1006 
20.402812 0.0336255 -0.0218274 5.99894 1247 1 1006 84 134
170   20.4036      116       89          1     1006 
20.403625 0.0336098 -0.0217961 5.99894 1248 1 1006 89 116
171   20.4044      125       84          1     1005 
20.404438 0.0335942 -0.0217648 5.99894 1249 1 1005 84 125
172   20.4052      132       85          1     1006 
20.405219 0.0335791 -0.0217346 5.99894 1250 1 1006 85 132
173   20.4060       89       87          1     1006 
20.406031 0.0335634 -0.0217033 5.99894 1251 1 1006 87 89
174   20.4068      138       84          1     1005 
20.406813 0.0335484 -0.0216732 5.99894 1252 1 1005 84 138
175   20.4076      120       88          1     1005 
20.407625 0.0335327 -0.0216418 5.99895 1254 1 1005 88 120
176   20.4084      109       84          1     1005 
20.408438 0.033517 -0.0216105 5.99895 1255 1 1005 84 109
177   20.4092      103       84          1     1007 
20.409219 0.033502 -0.0215804 5.99895 1256 1 1007 84 103
178   20.4100      120       89          1     1007 
20.410031 0.0334863 -0.021549 5.99895 1257 1 1007 89 120
179   20.4108     2059       84          1     1005 
20.410812 0.0334713 -0.0215189 5.99895 1258 1 1005 84 2059
180   20.4116      107       86          1     1007 
20.411625 0.0334556 -0.0214876 5.99895 1259 1 1007 86 107
181   20.4124       99       87          1     1007 
20.412437 0.0334399 -0.0214562 5.99895 1260 1 1007 87 99
182   20.4132       97       85          1     1006 
20.413219 0.0334249 -0.0214261 5.99895 1261 1 1006 85 97
183   20.4140       92       87          1     1007 
20.414031 0.0334092 -0.0213948 5.99895 1263 1 1007 87 92
184   20.4148      110       87          1     1006 
20.414813 0.0333941 -0.0213646 5.99895 1264 1 1006 87 110
185   20.4156       91       85          1     1006 
20.415625 0.0333785 -0.0213333 5.99895 1265 1 1006 85 91
186   20.4164       95       86          1     1008 
20.416438 0.0333628 -0.0213019 5.99895 1266 1 1008 86 95
187   20.4172       94       85          1     1005 
20.417219 0.0333477 -0.0212718 5.99896 1267 1 1005 85 94
188   20.4180      101       87          1     1005 
20.418031 0.0333321 -0.0212405 5.99896 1268 1 1005 87 101
189   20.4188       93       87          1     1007 
20.418813 0.033317 -0.0212103 5.99896 1269 1 1007 87 93
190   20.4196      109       85          1     1005 
20.419625 0.0333014 -0.021179 5.99896 1270 1 1005 85 109
191   20.4204       97       87          1     1006 
20.420437 0.0332857 -0.0211477 5.99896 1272 1 1006 87 97
192   20.4212      104       87          1     1007 
20.421219 0.0332706 -0.0211175 5.99896 1273 1 1007 87 104
193   20.4220       98       86          1     1007 
20.422031 0.033255 -0.0210862 5.99896 1274 1 1007 86 98
194   20.4228       87       84          1     1005 
20.422812 0.0332399 -0.0210561 5.99896 1275 1 1005 84 87
195   20.4236       95       86          1     1005 
20.423625 0.0332242 -0.0210247 5.99896 1276 1 1005 86 95
196   20.4244       96       87          1     1008 
20.424437 0.0332086 -0.0209934 5.99896 1277 1 1008 87 96
197   20.4252      791       86          1     1007 
20.425219 0.0331935 -0.0209633 5.99896 1278 1 1007 86 791
198   20.4260     1424       86          1     1007 
20.426031 0.0331778 -0.0209319 5.99896 1279 1 1007 86 1424
199   20.4268       93       86          1     1006 
20.426813 0.0331628 -0.0209018 5.99896 1281 1 1006 86 93
200   20.4276       94       87          1     1007 
20.427625 0.0331471 -0.0208705 5.99897 1282 1 1007 87 94
201   20.4284       77       87          1     1006 
20.428438 0.0331314 -0.0208391 5.99897 1283 1 1006 87 77
202   20.4292       84       83          1     1007 
20.429219 0.0331164 -0.020809 5.99897 1284 1 1007 83 84
203   20.4300      104       86          1     1007 
20.430031 0.0331007 -0.0207777 5.99897 1285 1 1007 86 104
204   20.4308      121       84          1     1006 
20.430812 0.0330857 -0.0207475 5.99897 1286 1 1006 84 121
205   20.4316     5910       83          1     1009 
20.431625 0.03307 -0.0207162 5.99897 1287 1 1009 83 5910
206   20.4324       82       88          1     1006 
20.432437 0.0330543 -0.0206849 5.99897 1288 1 1006 88 82
207   20.4332       92       84          1     1004 
20.433219 0.0330393 -0.0206547 5.99897 1290 1 1004 84 92
208   20.4340      109       86          1     1007 
20.434031 0.0330236 -0.0206234 5.99897 1291 1 1007 86 109
209   20.4348       89       87          1     1007 
20.434812 0.0330085 -0.0205933 5.99897 1292 1 1007 87 89
210   20.4356       79       85          1     1005 
20.435625 0.0329929 -0.0205619 5.99897 1293 1 1005 85 79
211   20.4364       88       88          1     1008 
20.436438 0.0329772 -0.0205306 5.99897 1294 1 1008 88 88
212   20.4372       92       84          1     1006 
20.437219 0.0329621 -0.0205005 5.99898 1295 1 1006 84 92
213   20.4380       95       85          1     1004 
20.438031 0.0329465 -0.0204691 5.99898 1296 1 1004 85 95
214   20.4388      107       89          1     1006 
20.438813 0.0329314 -0.020439 5.99898 1297 1 1006 89 107
215   20.4396       86       84          1     1005 
20.439625 0.0329157 -0.0204077 5.99898 1299 1 1005 84 86
216   20.4404       58       85          1     1005 
20.440438 0.0329001 -0.0203763 5.99898 1300 1 1005 85 58
217   20.4412       93       88          1     1006 
20.441219 0.032885 -0.0203462 5.99898 1301 1 1006 88 93
218   20.4420       64       85          1     1008 
20.442031 0.0328694 -0.0203149 5.99898 1302 1 1008 85 64
219   20.4428       72       87          1     1009 
20.442812 0.0328543 -0.0202847 5.99898 1303 1 1009 87 72
220   20.4436       78       85          1     1008 
20.443625 0.0328386 -0.0202534 5.99898 1304 1 1008 85 78
221   20.4444       85       85          1     1007 
20.444437 0.032823 -0.0202221 5.99898 1305 1 1007 85 85
222   20.4452       99       89          1     1006 
20.445219 0.0328079 -0.0201919 5.99898 1306 1 1006 89 99
223   20.4460       89       84          1     1009 
20.446031 0.0327922 -0.0201606 5.99898 1308 1 1009 84 89
224   20.4468       74       86          1     1007 
20.446813 0.0327772 -0.0201305 5.99898 1309 1 1007 86 74
225   20.4476       75       87          1     1006 
20.447625 0.0327615 -0.0200991 5.99899 1310 1 1006 87 75
226   20.4484       74       84          1     1008 
20.448438 0.0327458 -0.0200678 5.99899 1311 1 1008 84 74
227   20.4492       84       86          1     1008 
20.449219 0.0327308 -0.0200376 5.99899 1312 1 1008 86 84
228   20.4500       91       86          1     1007 
20.450031 0.0327151 -0.0200063 5.99899 1313 1 1007 86 91
229   20.4508       90       85          1     1006 
20.450813 0.0327 -0.0199762 5.99899 1314 1 1006 85 90
230   20.4516       67       85          1     1006 
20.451625 0.0326844 -0.0199448 5.99899 1315 1 1006 85 67
231   20.4524    36833       85          1     1007 
20.452437 0.0326687 -0.0199135 5.99899 1317 1 1007 85 36833
232   20.4532    13521       86          1     1008 
20.453219 0.0326537 -0.0198834 5.99899 1318 1 1008 86 13521
233   20.4540       84       86          1     1005 
20.454031 0.032638 -0.019852 5.99899 1319 1 1005 86 84
234   20.4548       91       84          1     1007 
20.454812 0.0326229 -0.0198219 5.99899 1320 1 1007 84 91
235   20.4556       83       86          1     1007 
20.455625 0.0326073 -0.0197906 5.99899 1321 1 1007 86 83
236   20.4564       67       87          1     1006 
20.456437 0.0325916 -0.0197592 5.99899 1322 1 1006 87 67
237   20.4572       53       85          1     1005 
20.457219 0.0325765 -0.0197291 5.99899 1323 1 1005 85 53
238   20.4580       57       84          1     1006 
20.458031 0.0325609 -0.0196978 5.99899 1324 1 1006 84 57
239   20.4588       62       87          1     1008 
20.458813 0.0325458 -0.0196676 5.999 1325 1 1008 87 62
240   20.4596       68       86          1     1006 
20.459625 0.0325301 -0.0196363 5.999 1327 1 1006 86 68
241   20.4604       51       85          1     1006 
20.460438 0.0325145 -0.019605 5.999 1328 1 1006 85 51
242   20.4612       70       86          1     1006 
20.461219 0.0324994 -0.0195748 5.999 1329 1 1006 86 70
243   20.4620       58       85          1     1006 
20.462031 0.0324837 -0.0195435 5.999 1330 1 1006 85 58
244   20.4628       54       85          1     1006 
20.462812 0.0324687 -0.0195134 5.999 1331 1 1006 85 54
245   20.4636       58       86          1     1007 
20.463625 0.032453 -0.019482 5.999 1332 1 1007 86 58
246   20.4644       60       84          1     1008 
20.464437 0.0324374 -0.0194507 5.999 1333 1 1008 84 60
247   20.4652    12209       87          1     1007 
20.465219 0.0324223 -0.0194206 5.999 1334 1 1007 87 12209
248   20.4660       60       86          1     1007 
20.466031 0.0324066 -0.0193892 5.999 1336 1 1007 86 60
249   20.4668       53       85          1     1006 
20.466812 0.0323916 -0.0193591 5.999 1337 1 1006 85 53
250   20.4676       51       88          1     1007 
20.467625 0.0323759 -0.0193278 5.999 1338 1 1007 88 51
#R 7 20.3652 302053 0.00540627 0 20.3625 3.11292e+06

Returning th to 20.3676


48.FOURCC> comment 'maybe this substrate is not as nice as I thought'

Sun Dec 13 21:07:04 2020.  maybe this substrate is not as nice as I thought.
#C Sun Dec 13 21:07:04 2020.  maybe this substrate is not as nice as I thought.


49.FOURCC> mv th CEN


50.FOURCC> ct

Sun Dec 13 21:07:15 2020

     Seconds = 1
        IC_1 = 85 (85/s)
        Btot = 268808 (268808/s)
        Trig = 1006 (1006/s)


51.FOURCC> or0 0 0 6
PRINTER=""
H=0.0343039
K=-0.0231845
L=5.9989
LAMBDA=1.5498
ALPHA=20.3671
BETA=21.5692
OMEGA=0
AZIMUTH=-48.5251
F_ALPHA=0
F_BETA=0
F_OMEGA=0
F_AZIMUTH=0
F_THETA=0
F_PHI=0
F_CHI_Z=0
F_PHI_Z=0
CUT_AZI=0
CUT_TTH=-180
CUT_TH=-170
CUT_CHI=-180
CUT_PHI=-180
g_mode=0
g_sect=0
g_frz=0
g_omsect=0
g_aa=4.785
g_bb=4.785
g_cc=12.991
g_al=90
g_be=90
g_ga=120
g_aa_s=1.51624
g_bb_s=1.51624
g_cc_s=0.483657
g_al_s=90
g_be_s=90
g_ga_s=60
g_u00=41.9419
g_u01=20.97
g_u02=90
g_u03=0
g_u10=60
g_u11=30
g_u12=0
g_u13=0
g_h0=0
g_k0=0
g_l0=6
g_h1=1
g_k1=0
g_l1=0
g_lambda0=1.5498
g_lambda1=1.5498
calcG
g_haz=0
g_kaz=0
g_laz=1
g_zh0=0
g_zk0=0
g_zl0=0
g_zh1=0
g_zk1=0
g_zl1=0
#C Sun Dec 13 21:07:31 2020.  g_u00 reset from 41.9419 to 41.9394.
#C Sun Dec 13 21:07:31 2020.  g_u01 reset from 20.97 to 20.3654.
#C Sun Dec 13 21:07:31 2020.  g_u02 reset from 90 to 89.32.
(UB recalculated from orientation reflections and lattice.)


52.FOURCC> wh

H K L =  -2.4101e-07  4.8212e-07  5.9997
Alpha = 20.97  Beta = 20.97  Azimuth = -180
Omega = 0  Lambda = 1.5498

  TwoTheta      Theta        Chi        Phi 
  41.93937   20.36538   89.32000    0.00000 


53.FOURCC> ca 1 0 4

Calculated Positions:

H K L =  0.99998  7.7073e-07  4.0001
Alpha = 14.389  Beta = 13.22  Azimuth = -90.965
Omega = 0  Lambda = 1.5498

  TwoTheta      Theta        Chi        Phi 
  35.29300   17.64650   51.23000   -0.75250 

Chi will hit high limit at 94.87.


54.FOURCC> comment 'I just entered the first reflection in the orientation matrix so spec at least knows which way is up'

Sun Dec 13 21:08:40 2020.  I just entered the first reflection in the orientation matrix so spec at least knows which way is up.
#C Sun Dec 13 21:08:40 2020.  I just entered the first reflection in the orientation matrix so spec at least knows which way is up.


55.FOURCC> pa

Four-Circle Geometry, Omega equals zero (mode 0)
Sector 0

  Primary Reflection (at lambda 1.5498):
          tth th chi phi = 41.9394 20.3654 89.32 0 
                   H K L = 0 0 6

  Secondary Reflection (at lambda 1.5498):
          tth th chi phi = 60 30 0 0 
                   H K L = 1 0 0

  Lattice Constants (lengths / angles):
              real space = 4.785 4.785 12.99 / 90 90 120
        reciprocal space = 1.516 1.516 0.4837 / 90 90 60

  Azimuthal Reference:
                   H K L = 0 0 1

                  Lambda = 1.5498 

 Cut Points:
      tth   th  chi  phi
     -180 -170 -180 -180


56.FOURCC> comment 'I think I saw something at th ~ 15 so will see if that is real'

Sun Dec 13 21:09:45 2020.  I think I saw something at th ~ 15 so will see if that is real.
#C Sun Dec 13 21:09:45 2020.  I think I saw something at th ~ 15 so will see if that is real.


57.FOURCC> mv th 15

Waiting for motors to stop.
Moving aborted.

58.FOURCC> 

58.FOURCC> filters2 0 0 0 0


59.FOURCC> mv th 15


60.FOURCC> mv th 14


61.FOURCC> ascan th 14 15 40 .1
Total 41 points, 4.1 seconds

#S 8  ascan  th 14 15  40 0.1
#D Sun Dec 13 21:11:01 2020
#T 0.1  (Seconds)
#G0 0 0 0 0 0 1 0 0 0 0 0 0 50 0 0.1 0 68 68 50 -1 1 1 3.13542 3.13542 0 463.6 838.8
#G1 4.785 4.785 12.991 90 90 120 1.516237713 1.516237713 0.483656786 90 90 60 0 0 6 1 0 0 41.939375 20.3653625 89.32 0 0 0 60 30 0 0 0 0 1.549802558 1.549802558 0 0
#G3 1.516130941 0.7580654706 0.005739700252 0.0001897971475 1.313122226 -0.005101256503 -0.01799264703 0.004854270058 0.4835958227
#G4 0.1224752362 -0.245003595 5.962668671 1.549802558 14.604325 27.33505 0 0 0 0 0 0 0 0 0 0 -180 -170 -180 -180 -180 -180 -180 -180 -180 0
#Q 0.122475 -0.245004 5.96267
#P0 41.939375 14 89.32 0 -0.2 6.216 1.889625 1.3323
#P1 -0.05008 -0.19984 8.08975 1.50195 -0.43655 13.7217 -47.0089 
#U_ring 99.5379 50.4115 Disable 240 2.39043 0.0437462 1.83005
#U_rfsteering 868.522 2.44307 348.705 1.18774
#U_temp 79.55 0 71.92 72.11 75.55 76.91 0 989.74
#U_ID_UA 18.7573 8.22958 0 1
#U_ID_HSCU 0.109863 14.7715 22.1951 1
#U_slits 0.60009 0.190045 0.600163 0.0400488
#U_mono 8 1.5498 -19.8665 36.9719 0.0408 0.626389 3.48217
#U_BPM 13.5622 39.7745 -0.60215 On
#U_C_ICgains 1 uA/V 1 uA/V 10 uA/V
#U_C_JJs 700 0.0002535 299.999 -299.997
#U_KBs -719.986 0 3000.03 -300.018 -0.001 6.04132 2520.03 560.047
#U_ATTEN1 0 0 0 0
#U_ATTEN2 0 0 0 0
#U_ALP_BET 14.6043 27.335
#N 9
#L Theta  H  K  L  Epoch  Seconds  Trig  IC_1  Btot

Scan   8   Sun Dec 13 21:11:01 2020   file = Align4Pete.spec  fourcC  user = 7idc
ascan  th 14 15  40 0.1

  #     Theta     Btot     IC_1    Seconds     Trig 
  0   14.0000      135     5421        0.1      101 
14 0.122475 -0.245004 5.96267 1867 0.1 101 5421 135
  1   14.0250      147     5431        0.1      101 
14.025 0.121996 -0.244045 5.96296 1867 0.1 101 5431 147
  2   14.0500      126     5405        0.1      102 
14.05 0.121517 -0.243087 5.96325 1868 0.1 102 5405 126
  3   14.0750      148     5424        0.1      102 
14.075 0.121038 -0.242129 5.96353 1868 0.1 102 5424 148
  4   14.1000      138     5406        0.1      102 
14.1 0.120559 -0.24117 5.96382 1868 0.1 102 5406 138
  5   14.1250      135     5398        0.1       99 
14.125 0.12008 -0.240212 5.96411 1869 0.1 99 5398 135
  6   14.1500      124     5396        0.1      100 
14.15 0.119601 -0.239253 5.96439 1869 0.1 100 5396 124
  7   14.1750      145     5399        0.1       99 
14.175 0.119121 -0.238294 5.96467 1870 0.1 99 5399 145
  8   14.2000      133     5439        0.1      101 
14.2 0.118642 -0.237336 5.96495 1870 0.1 101 5439 133
  9   14.2250      156     5406        0.1      102 
14.225 0.118163 -0.236377 5.96523 1871 0.1 102 5406 156
 10   14.2500      125     5405        0.1      101 
14.25 0.117684 -0.235418 5.96551 1871 0.1 101 5405 125
 11   14.2750      127     5402        0.1      100 
14.275 0.117204 -0.23446 5.96579 1871 0.1 100 5402 127
 12   14.3000      144     5424        0.1      100 
14.3 0.116725 -0.233501 5.96607 1872 0.1 100 5424 144
 13   14.3250      142     5415        0.1      100 
14.325 0.116246 -0.232542 5.96635 1872 0.1 100 5415 142
 14   14.3500      132     5408        0.1      100 
14.35 0.115766 -0.231583 5.96662 1873 0.1 100 5408 132
 15   14.3750      135     5410        0.1      101 
14.375 0.115287 -0.230624 5.96689 1873 0.1 101 5410 135
 16   14.4000      124     5405        0.1      101 
14.4 0.114808 -0.229665 5.96717 1874 0.1 101 5405 124
 17   14.4250     2212     5433        0.1      102 
14.425 0.114328 -0.228706 5.96744 1874 0.1 102 5433 2212
 18   14.4500      129     5400        0.1       99 
14.45 0.113849 -0.227747 5.96771 1874 0.1 99 5400 129
 19   14.4750      128     5402        0.1      100 
14.475 0.113369 -0.226788 5.96798 1875 0.1 100 5402 128
 20   14.5000      134     5401        0.1      100 
14.5 0.11289 -0.225829 5.96825 1875 0.1 100 5401 134
 21   14.5250      136     5417        0.1      101 
14.525 0.11241 -0.224869 5.96851 1876 0.1 101 5417 136
 22   14.5500      130     5409        0.1      101 
14.55 0.111931 -0.22391 5.96878 1876 0.1 101 5409 130
 23   14.5750      129     5405        0.1      102 
14.575 0.111451 -0.222951 5.96904 1877 0.1 102 5405 129
 24   14.6000      154     5420        0.1      100 
14.6 0.110972 -0.221992 5.96931 1877 0.1 100 5420 154
 25   14.6250     4796     5401        0.1      100 
14.625 0.110492 -0.221032 5.96957 1878 0.1 100 5401 4796
 26   14.6500      113     5422        0.1      101 
14.65 0.110013 -0.220073 5.96983 1878 0.1 101 5422 113
 27   14.6750      124     5411        0.1      101 
14.675 0.109533 -0.219113 5.97009 1878 0.1 101 5411 124
 28   14.7000      135     5408        0.1      102 
14.7 0.109053 -0.218154 5.97035 1879 0.1 102 5408 135
 29   14.7250      133     5401        0.1      102 
14.725 0.108574 -0.217194 5.97061 1879 0.1 102 5401 133
 30   14.7500     1070     5404        0.1       99 
14.75 0.108094 -0.216235 5.97086 1880 0.1 99 5404 1070
 31   14.7750      149     5396        0.1       99 
14.775 0.107614 -0.215275 5.97112 1880 0.1 99 5396 149
 32   14.8000      127     5411        0.1      101 
14.8 0.107134 -0.214315 5.97137 1881 0.1 101 5411 127
 33   14.8250      122     5410        0.1      102 
14.825 0.106655 -0.213356 5.97163 1881 0.1 102 5410 122
 34   14.8500      143     5406        0.1      101 
14.85 0.106175 -0.212396 5.97188 1881 0.1 101 5406 143
 35   14.8750      148     5416        0.1      101 
14.875 0.105695 -0.211436 5.97213 1882 0.1 101 5416 148
 36   14.9000      827     5417        0.1      100 
14.9 0.105215 -0.210476 5.97238 1882 0.1 100 5417 827
 37   14.9250      128     5415        0.1      101 
14.925 0.104736 -0.209516 5.97263 1883 0.1 101 5415 128
 38   14.9500      144     5406        0.1      101 
14.95 0.104256 -0.208557 5.97288 1883 0.1 101 5406 144
 39   14.9750      132     5406        0.1      101 
14.975 0.103776 -0.207597 5.97312 1884 0.1 101 5406 132
 40   15.0000      129     5420        0.1      101 
15 0.103296 -0.206637 5.97337 1884 0.1 101 5420 129
#R 8 14.625 4796 0.0257163 0 14.5666 13888

62.FOURCC> ascan th 15 18 140 .1
Total 141 points, 14.1 seconds

#S 9  ascan  th 15 18  140 0.1
#D Sun Dec 13 21:11:27 2020
#T 0.1  (Seconds)
#G0 0 0 0 0 0 1 0 0 0 0 0 0 50 0 0.1 0 68 68 50 -1 1 1 3.13542 3.13542 0 463.6 838.8
#G1 4.785 4.785 12.991 90 90 120 1.516237713 1.516237713 0.483656786 90 90 60 0 0 6 1 0 0 41.939375 20.3653625 89.32 0 0 0 60 30 0 0 0 0 1.549802558 1.549802558 0 0
#G3 1.516130941 0.7580654706 0.005739700252 0.0001897971475 1.313122226 -0.005101256503 -0.01799264703 0.004854270058 0.4835958227
#G4 0.103295891 -0.2066365858 5.973369357 1.549802558 15.604325 26.33505 0 0 0 0 0 0 0 0 0 0 -180 -170 -180 -180 -180 -180 -180 -180 -180 0
#Q 0.103296 -0.206637 5.97337
#P0 41.939375 15 89.32 0 -0.2 6.216 1.889625 1.3323
#P1 -0.05008 -0.19984 8.08975 1.50195 -0.43655 13.7217 -47.0089 
#U_ring 99.5238 50.4395 Disable 240 2.40585 0.0438408 1.82226
#U_rfsteering 868.008 2.44173 347.639 1.1851
#U_temp 79.55 0 71.92 72.11 75.55 76.91 0 989.733
#U_ID_UA 18.7573 8.22958 0 1
#U_ID_HSCU 0 14.7716 20 1
#U_slits 0.60009 0.190045 0.600163 0.0400488
#U_mono 8 1.5498 -19.8665 36.9719 0.0408 0.626389 3.48112
#U_BPM 13.5677 39.8663 1.44744 On
#U_C_ICgains 1 uA/V 1 uA/V 10 uA/V
#U_C_JJs 700 0.0002535 299.999 -299.997
#U_KBs -719.986 0 3000.03 -300.018 -0.001 6.04132 2520.03 560.047
#U_ATTEN1 0 0 0 0
#U_ATTEN2 0 0 0 0
#U_ALP_BET 15.6043 26.335
#N 9
#L Theta  H  K  L  Epoch  Seconds  Trig  IC_1  Btot

Scan   9   Sun Dec 13 21:11:27 2020   file = Align4Pete.spec  fourcC  user = 7idc
ascan  th 15 18  140 0.1

  #     Theta     Btot     IC_1    Seconds     Trig 
  0   15.0000      143     5417        0.1      101 
15 0.103296 -0.206637 5.97337 1892 0.1 101 5417 143
  1   15.0214      120     5425        0.1      101 
15.021437 0.102884 -0.205813 5.97358 1893 0.1 101 5425 120
  2   15.0429      569     5402        0.1      102 
15.042875 0.102473 -0.20499 5.97379 1893 0.1 102 5402 569
  3   15.0643      133     5425        0.1      101 
15.064312 0.102061 -0.204167 5.974 1894 0.1 101 5425 133
  4   15.0857     2079     5402        0.1      102 
15.085719 0.10165 -0.203345 5.9742 1894 0.1 102 5402 2079
  5   15.1072      440     5425        0.1      101 
15.107156 0.101239 -0.202521 5.97441 1894 0.1 101 5425 440
  6   15.1286      119     5407        0.1       99 
15.128594 0.100827 -0.201698 5.97461 1895 0.1 99 5407 119
  7   15.1500      147     5417        0.1      101 
15.15 0.100416 -0.200876 5.97482 1895 0.1 101 5417 147
  8   15.1714      142     5422        0.1      100 
15.171437 0.100005 -0.200052 5.97502 1896 0.1 100 5422 142
  9   15.1929      125     5423        0.1      100 
15.192875 0.0995929 -0.199229 5.97522 1896 0.1 100 5423 125
 10   15.2143      122     5417        0.1      101 
15.214313 0.0991812 -0.198405 5.97543 1896 0.1 101 5417 122
 11   15.2357      124     5413        0.1      101 
15.235719 0.0987702 -0.197583 5.97563 1897 0.1 101 5413 124
 12   15.2572      105     5417        0.1      101 
15.257156 0.0983585 -0.19676 5.97583 1897 0.1 101 5417 105
 13   15.2786      116     5419        0.1      101 
15.278594 0.0979468 -0.195936 5.97603 1898 0.1 101 5419 116
 14   15.3000      136     5409        0.1      100 
15.3 0.0975357 -0.195114 5.97622 1898 0.1 100 5409 136
 15   15.3214      121     5408        0.1      101 
15.321438 0.097124 -0.19429 5.97642 1898 0.1 101 5408 121
 16   15.3429      567     5415        0.1       99 
15.342875 0.0967122 -0.193466 5.97662 1899 0.1 99 5415 567
 17   15.3643     3598     5412        0.1      101 
15.364313 0.0963005 -0.192643 5.97682 1899 0.1 101 5412 3598
 18   15.3857      142     5398        0.1      101 
15.385719 0.0958893 -0.19182 5.97701 1899 0.1 101 5398 142
 19   15.4072      150     5415        0.1      101 
15.407156 0.0954776 -0.190997 5.97721 1900 0.1 101 5415 150
 20   15.4286      127     5416        0.1      102 
15.428594 0.0950658 -0.190173 5.9774 1900 0.1 102 5416 127
 21   15.4500     9722     5398        0.1      102 
15.45 0.0946546 -0.18935 5.97759 1901 0.1 102 5398 9722
 22   15.4714      126     5414        0.1      101 
15.471438 0.0942428 -0.188526 5.97778 1901 0.1 101 5414 126
 23   15.4929      799     5409        0.1      102 
15.492875 0.0938309 -0.187703 5.97797 1901 0.1 102 5409 799
 24   15.5143     4943     5419        0.1      102 
15.514313 0.0934191 -0.186879 5.97816 1902 0.1 102 5419 4943
 25   15.5357      134     5404        0.1      101 
15.535719 0.0930078 -0.186056 5.97835 1902 0.1 101 5404 134
 26   15.5572      138     5406        0.1      101 
15.557156 0.092596 -0.185232 5.97854 1903 0.1 101 5406 138
 27   15.5786     1032     5392        0.1      101 
15.578594 0.0921841 -0.184408 5.97873 1903 0.1 101 5392 1032
 28   15.6000      139     5403        0.1      102 
15.6 0.0917728 -0.183585 5.97892 1903 0.1 102 5403 139
 29   15.6214      140     5397        0.1      102 
15.621438 0.0913609 -0.182761 5.9791 1904 0.1 102 5397 140
 30   15.6429      126     5411        0.1      101 
15.642875 0.090949 -0.181937 5.97929 1904 0.1 101 5411 126
 31   15.6643      139     5404        0.1      100 
15.664312 0.0905371 -0.181113 5.97947 1905 0.1 100 5404 139
 32   15.6857      120     5418        0.1      101 
15.685719 0.0901257 -0.180291 5.97966 1905 0.1 101 5418 120
 33   15.7072      142     5423        0.1      100 
15.707156 0.0897138 -0.179466 5.97984 1905 0.1 100 5423 142
 34   15.7286      115     5411        0.1       99 
15.728594 0.0893018 -0.178642 5.98002 1906 0.1 99 5411 115
 35   15.7500     1261     5417        0.1      100 
15.75 0.0888904 -0.177819 5.9802 1906 0.1 100 5417 1261
 36   15.7714     1806     5430        0.1      100 
15.771437 0.0884784 -0.176995 5.98038 1907 0.1 100 5430 1806
 37   15.7929      141     5416        0.1      100 
15.792875 0.0880664 -0.176171 5.98056 1907 0.1 100 5416 141
 38   15.8143     4214     5422        0.1      100 
15.814312 0.0876544 -0.175347 5.98074 1907 0.1 100 5422 4214
 39   15.8357      131     5400        0.1      101 
15.835719 0.087243 -0.174524 5.98092 1908 0.1 101 5400 131
 40   15.8572      133     5417        0.1      102 
15.857156 0.0868309 -0.1737 5.98109 1908 0.1 102 5417 133
 41   15.8786     9531     5410        0.1      102 
15.878594 0.0864189 -0.172875 5.98127 1908 0.1 102 5410 9531
 42   15.9000      148     5398        0.1      102 
15.9 0.0860074 -0.172052 5.98144 1909 0.1 102 5398 148
 43   15.9214     1499     5404        0.1      101 
15.921437 0.0855953 -0.171228 5.98162 1909 0.1 101 5404 1499
 44   15.9429      128     5410        0.1      101 
15.942875 0.0851832 -0.170403 5.98179 1910 0.1 101 5410 128
 45   15.9643      682     5404        0.1      101 
15.964313 0.0847711 -0.169579 5.98196 1910 0.1 101 5404 682
 46   15.9857     7080     5408        0.1       99 
15.985719 0.0843596 -0.168756 5.98214 1910 0.1 99 5408 7080
 47   16.0072      160     5404        0.1      101 
16.007156 0.0839475 -0.167931 5.98231 1911 0.1 101 5404 160
 48   16.0286      123     5397        0.1      101 
16.028594 0.0835354 -0.167107 5.98248 1911 0.1 101 5397 123
 49   16.0500      142     5400        0.1      100 
16.05 0.0831238 -0.166284 5.98265 1912 0.1 100 5400 142
 50   16.0714      144     5429        0.1      101 
16.071437 0.0827117 -0.165459 5.98282 1912 0.1 101 5429 144
 51   16.0929    11237     5423        0.1      100 
16.092875 0.0822995 -0.164635 5.98298 1912 0.1 100 5423 11237
 52   16.1143      147     5420        0.1      100 
16.114313 0.0818873 -0.16381 5.98315 1913 0.1 100 5420 147
 53   16.1357      166     5406        0.1      101 
16.135719 0.0814757 -0.162987 5.98332 1913 0.1 101 5406 166
 54   16.1572      121     5405        0.1      100 
16.157156 0.0810635 -0.162162 5.98348 1914 0.1 100 5405 121
 55   16.1786      127     5418        0.1      100 
16.178594 0.0806513 -0.161338 5.98364 1914 0.1 100 5418 127
 56   16.2000      130     5388        0.1       99 
16.2 0.0802397 -0.160514 5.98381 1914 0.1 99 5388 130
 57   16.2214      136     5413        0.1      101 
16.221438 0.0798274 -0.159689 5.98397 1915 0.1 101 5413 136
 58   16.2429      149     5402        0.1      100 
16.242875 0.0794152 -0.158865 5.98413 1915 0.1 100 5402 149
 59   16.2643      147     5418        0.1      100 
16.264312 0.0790029 -0.15804 5.98429 1915 0.1 100 5418 147
 60   16.2857      143     5399        0.1      101 
16.285719 0.0785912 -0.157217 5.98445 1916 0.1 101 5399 143
 61   16.3072      163     5412        0.1      101 
16.307156 0.0781789 -0.156392 5.98461 1916 0.1 101 5412 163
 62   16.3286      138     5399        0.1      102 
16.328594 0.0777667 -0.155567 5.98477 1917 0.1 102 5399 138
 63   16.3500      147     5398        0.1      101 
16.35 0.0773549 -0.154743 5.98493 1917 0.1 101 5398 147
 64   16.3714      137     5385        0.1      101 
16.371437 0.0769426 -0.153919 5.98509 1917 0.1 101 5385 137
 65   16.3929      137     5397        0.1      102 
16.392875 0.0765303 -0.153094 5.98524 1918 0.1 102 5397 137
 66   16.4143      142     5412        0.1      101 
16.414313 0.076118 -0.152269 5.9854 1918 0.1 101 5412 142
 67   16.4357      135     5390        0.1      101 
16.435719 0.0757062 -0.151445 5.98555 1919 0.1 101 5390 135
 68   16.4572      129     5424        0.1      101 
16.457156 0.0752939 -0.15062 5.9857 1919 0.1 101 5424 129
 69   16.4786      149     5401        0.1      102 
16.478594 0.0748815 -0.149795 5.98586 1919 0.1 102 5401 149
 70   16.5000      153     5429        0.1      102 
16.5 0.0744697 -0.148972 5.98601 1920 0.1 102 5429 153
 71   16.5214      144     5418        0.1       99 
16.521438 0.0740573 -0.148147 5.98616 1920 0.1 99 5418 144
 72   16.5429      130     5414        0.1      100 
16.542875 0.0736449 -0.147322 5.98631 1921 0.1 100 5414 130
 73   16.5643      166     5428        0.1      101 
16.564312 0.0732325 -0.146497 5.98646 1921 0.1 101 5428 166
 74   16.5857     9644     5401        0.1       99 
16.585719 0.0728207 -0.145673 5.98661 1921 0.1 99 5401 9644
 75   16.6072      147     5413        0.1      101 
16.607156 0.0724082 -0.144848 5.98675 1922 0.1 101 5413 147
 76   16.6286      128     5418        0.1       99 
16.628594 0.0719958 -0.144023 5.9869 1922 0.1 99 5418 128
 77   16.6500      146     5404        0.1      101 
16.65 0.071584 -0.143199 5.98705 1923 0.1 101 5404 146
 78   16.6714      156     5399        0.1       99 
16.671437 0.0711715 -0.142374 5.98719 1923 0.1 99 5399 156
 79   16.6929      132     5397        0.1      100 
16.692875 0.070759 -0.141549 5.98734 1923 0.1 100 5397 132
 80   16.7143      157     5417        0.1      100 
16.714312 0.0703465 -0.140724 5.98748 1924 0.1 100 5417 157
 81   16.7357      135     5406        0.1      101 
16.735719 0.0699346 -0.1399 5.98762 1924 0.1 101 5406 135
 82   16.7572      288     5403        0.1      101 
16.757156 0.0695221 -0.139074 5.98776 1924 0.1 101 5403 288
 83   16.7786     1073     5397        0.1      101 
16.778594 0.0691096 -0.138249 5.9879 1925 0.1 101 5397 1073
 84   16.8000      152     5415        0.1      102 
16.8 0.0686977 -0.137425 5.98804 1925 0.1 102 5415 152
 85   16.8214      134     5420        0.1      101 
16.821437 0.0682852 -0.1366 5.98818 1926 0.1 101 5420 134
 86   16.8429      151     5423        0.1      101 
16.842875 0.0678726 -0.135775 5.98832 1926 0.1 101 5423 151
 87   16.8643      150     5411        0.1      101 
16.864313 0.0674601 -0.134949 5.98846 1926 0.1 101 5411 150
 88   16.8857      145     5433        0.1      100 
16.885719 0.0670481 -0.134125 5.98859 1927 0.1 100 5433 145
 89   16.9072     3013     5406        0.1      100 
16.907156 0.0666356 -0.1333 5.98873 1927 0.1 100 5406 3013
 90   16.9286      140     5411        0.1      100 
16.928594 0.066223 -0.132475 5.98887 1928 0.1 100 5411 140
 91   16.9500      146     5430        0.1      101 
16.95 0.065811 -0.131651 5.989 1928 0.1 101 5430 146
 92   16.9714      151     5434        0.1      100 
16.971438 0.0653984 -0.130825 5.98913 1928 0.1 100 5434 151
 93   16.9929      141     5398        0.1       99 
16.992875 0.0649858 -0.13 5.98927 1929 0.1 99 5398 141
 94   17.0143      127     5414        0.1      101 
17.014312 0.0645732 -0.129174 5.9894 1929 0.1 101 5414 127
 95   17.0357      149     5412        0.1      101 
17.035719 0.0641612 -0.12835 5.98953 1930 0.1 101 5412 149
 96   17.0572      121     5420        0.1      100 
17.057156 0.0637485 -0.127525 5.98966 1930 0.1 100 5420 121
 97   17.0786      137     5444        0.1      101 
17.078594 0.0633359 -0.126699 5.98979 1930 0.1 101 5444 137
 98   17.1000      130     5398        0.1      100 
17.1 0.0629238 -0.125875 5.98991 1931 0.1 100 5398 130
 99   17.1214      123     5415        0.1      101 
17.121437 0.0625112 -0.125049 5.99004 1931 0.1 101 5415 123
100   17.1429      120     5422        0.1      101 
17.142875 0.0620985 -0.124224 5.99017 1931 0.1 101 5422 120
101   17.1643     1135     5409        0.1      101 
17.164313 0.0616858 -0.123398 5.99029 1932 0.1 101 5409 1135
102   17.1857     2263     5402        0.1      101 
17.185719 0.0612737 -0.122574 5.99042 1932 0.1 101 5402 2263
103   17.2072      152     5428        0.1      102 
17.207156 0.060861 -0.121748 5.99054 1933 0.1 102 5428 152
104   17.2286      483     5424        0.1      102 
17.228594 0.0604483 -0.120923 5.99067 1933 0.1 102 5424 483
105   17.2500      144     5399        0.1      102 
17.25 0.0600362 -0.120099 5.99079 1933 0.1 102 5399 144
106   17.2714      125     5428        0.1      101 
17.271438 0.0596235 -0.119273 5.99091 1934 0.1 101 5428 125
107   17.2929      156     5397        0.1      102 
17.292875 0.0592108 -0.118447 5.99103 1934 0.1 102 5397 156
108   17.3143      140     5428        0.1      101 
17.314312 0.0587981 -0.117622 5.99115 1935 0.1 101 5428 140
109   17.3357      156     5415        0.1      100 
17.335719 0.0583859 -0.116797 5.99127 1935 0.1 100 5415 156
110   17.3572      144     5424        0.1      101 
17.357156 0.0579732 -0.115971 5.99139 1935 0.1 101 5424 144
111   17.3786      141     5421        0.1       99 
17.378594 0.0575604 -0.115146 5.99151 1936 0.1 99 5421 141
112   17.4000      139     5417        0.1      101 
17.4 0.0571482 -0.114321 5.99162 1936 0.1 101 5417 139
113   17.4214      137     5410        0.1      100 
17.421437 0.0567355 -0.113496 5.99174 1937 0.1 100 5410 137
114   17.4429      168     5386        0.1       99 
17.442875 0.0563227 -0.11267 5.99185 1937 0.1 99 5386 168
115   17.4643      137     5416        0.1      100 
17.464312 0.0559099 -0.111844 5.99197 1937 0.1 100 5416 137
116   17.4857      169     5406        0.1      100 
17.485719 0.0554977 -0.111019 5.99208 1938 0.1 100 5406 169
117   17.5072      123     5384        0.1       99 
17.507156 0.0550849 -0.110194 5.99219 1938 0.1 99 5384 123
118   17.5286      151     5394        0.1      100 
17.528594 0.0546721 -0.109368 5.9923 1939 0.1 100 5394 151
119   17.5500      148     5414        0.1      100 
17.55 0.0542598 -0.108543 5.99241 1939 0.1 100 5414 148
120   17.5714      180     5405        0.1      100 
17.571437 0.053847 -0.107717 5.99252 1939 0.1 100 5405 180
121   17.5929      145     5412        0.1      100 
17.592875 0.0534342 -0.106891 5.99263 1940 0.1 100 5412 145
122   17.6143      146     5412        0.1      100 
17.614313 0.0530213 -0.106066 5.99274 1940 0.1 100 5412 146
123   17.6357      153     5412        0.1      101 
17.635719 0.0526091 -0.105241 5.99285 1940 0.1 101 5412 153
124   17.6572      149     5427        0.1      101 
17.657156 0.0521962 -0.104415 5.99295 1941 0.1 101 5427 149
125   17.6786      147     5426        0.1      102 
17.678594 0.0517833 -0.103589 5.99306 1941 0.1 102 5426 147
126   17.7000      129     5411        0.1      101 
17.7 0.0513711 -0.102764 5.99317 1942 0.1 101 5411 129
127   17.7214      132     5406        0.1      101 
17.721438 0.0509582 -0.101938 5.99327 1942 0.1 101 5406 132
128   17.7429      154     5427        0.1      102 
17.742875 0.0505453 -0.101112 5.99337 1942 0.1 102 5427 154
129   17.7643      141     5398        0.1      102 
17.764312 0.0501324 -0.100287 5.99347 1943 0.1 102 5398 141
130   17.7857      160     5443        0.1      101 
17.785719 0.0497201 -0.0994617 5.99358 1943 0.1 101 5443 160
131   17.8072      152     5417        0.1      102 
17.807156 0.0493072 -0.0986357 5.99368 1944 0.1 102 5417 152
132   17.8286      151     5396        0.1       99 
17.828594 0.0488943 -0.0978097 5.99378 1944 0.1 99 5396 151
133   17.8500      137     5414        0.1      100 
17.85 0.0484819 -0.0969849 5.99388 1944 0.1 100 5414 137
134   17.8714      168     5418        0.1      100 
17.871437 0.048069 -0.0961589 5.99397 1945 0.1 100 5418 168
135   17.8929      154     5405        0.1       99 
17.892875 0.0476561 -0.0953328 5.99407 1945 0.1 99 5405 154
136   17.9143      172     5408        0.1       99 
17.914313 0.0472431 -0.0945067 5.99417 1945 0.1 99 5408 172
137   17.9357      142     5411        0.1      100 
17.935719 0.0468308 -0.0936819 5.99426 1946 0.1 100 5411 142
138   17.9572      169     5393        0.1      102 
17.957156 0.0464178 -0.0928558 5.99436 1946 0.1 102 5393 169
139   17.9786      151     5418        0.1      102 
17.978594 0.0460048 -0.0920297 5.99445 1947 0.1 102 5418 151
140   18.0000      153     5425        0.1      102 
18 0.0455925 -0.0912047 5.99454 1947 0.1 102 5425 153
#R 9 16.0929 11237 0.0217097 0 16.0913 95468

63.FOURCC> mv th 16.09


64.FOURCC> ct

Sun Dec 13 21:12:49 2020

     Seconds = 1
        IC_1 = 54063 (54063/s)
        Btot = 1380 (1380/s)
        Trig = 1004 (1004/s)


65.FOURCC> mv th 16.093


66.FOURCC> ct

Sun Dec 13 21:13:08 2020

     Seconds = 1
        IC_1 = 54122 (54122/s)
        Btot = 1398 (1398/s)
        Trig = 1006 (1006/s)


67.FOURCC> dscan phi -5 5 40 .1
Total 41 points, 4.1 seconds

#S 10  ascan  phi -5 5  40 0.1
#D Sun Dec 13 21:13:41 2020
#T 0.1  (Seconds)
#G0 0 0 0 0 0 1 0 0 0 0 0 0 50 0 0.1 0 68 68 50 -1 1 1 3.13542 3.13542 0 463.6 838.8
#G1 4.785 4.785 12.991 90 90 120 1.516237713 1.516237713 0.483656786 90 90 60 0 0 6 1 0 0 41.939375 20.3653625 89.32 0 0 0 60 30 0 0 0 0 1.549802558 1.549802558 0 0
#G3 1.516130941 0.7580654706 0.005739700252 0.0001897971475 1.313122226 -0.005101256503 -0.01799264703 0.004854270058 0.4835958227
#G4 0.08229708385 -0.1646298634 5.982983864 1.549802558 16.697325 25.24205 0 0 0 0 0 0 0 0 0 0 -180 -170 -180 -180 -180 -180 -180 -180 -180 0
#Q 0.0822971 -0.16463 5.98298
#P0 41.939375 16.093 89.32 0 -0.2 6.216 1.889625 1.3323
#P1 -0.05008 -0.19984 8.08975 1.50195 -0.43655 13.7217 -47.0089 
#U_ring 99.4492 51.2248 Disable 240 2.39498 0.0437391 1.82628
#U_rfsteering 869.998 2.44674 351.072 1.19351
#U_temp 79.52 0 71.88 72.11 75.44 76.91 0 989.756
#U_ID_UA 18.7573 8.22958 0 1
#U_ID_HSCU 0.109863 14.7715 22.1951 1
#U_slits 0.60009 0.190045 0.600163 0.0400488
#U_mono 8 1.5498 -19.8665 36.9719 0.0408 0.626389 3.48007
#U_BPM 13.5427 41.17 -0.392143 On
#U_C_ICgains 1 uA/V 1 uA/V 10 uA/V
#U_C_JJs 700 0.0002535 299.999 -299.997
#U_KBs -719.986 0 3000.03 -300.018 -0.001 6.04132 2520.03 560.047
#U_ATTEN1 0 0 0 0
#U_ATTEN2 0 0 0 0
#U_ALP_BET 16.6973 25.242
#N 9
#L Phi  H  K  L  Epoch  Seconds  Trig  IC_1  Btot

Scan  10   Sun Dec 13 21:13:41 2020   file = Align4Pete.spec  fourcC  user = 7idc
ascan  phi -5 5  40 0.1

  #       Phi     Btot     IC_1    Seconds     Trig 
  0   -5.0000      124     5415        0.1       99 
-5 0.0688133 -0.166192 5.9825 2036 0.1 99 5415 124
  1   -4.7500      122     5425        0.1       99 
-4.75 0.069507 -0.166148 5.98252 2037 0.1 99 5425 122
  2   -4.5000      153     5418        0.1      100 
-4.5 0.0701987 -0.166101 5.98255 2039 0.1 100 5418 153
  3   -4.2500      146     5411        0.1       99 
-4.25 0.0708884 -0.16605 5.98257 2040 0.1 99 5411 146
  4   -4.0000      136     5407        0.1       99 
-4 0.0715762 -0.165995 5.9826 2041 0.1 99 5407 136
  5   -3.7500      111     5406        0.1       99 
-3.75 0.0722619 -0.165937 5.98262 2042 0.1 99 5406 111
  6   -3.5000      127     5425        0.1      100 
-3.5 0.0729456 -0.165875 5.98265 2043 0.1 100 5425 127
  7   -3.2500      142     5409        0.1      100 
-3.25 0.0736272 -0.165809 5.98267 2045 0.1 100 5409 142
  8   -3.0000      229     5416        0.1      101 
-3 0.0743068 -0.16574 5.9827 2046 0.1 101 5416 229
  9   -2.7500      142     5407        0.1       99 
-2.75 0.0749843 -0.165667 5.98272 2047 0.1 99 5407 142
 10   -2.5000      132     5413        0.1      101 
-2.5 0.0756598 -0.165591 5.98275 2048 0.1 101 5413 132
 11   -2.2500      147     5404        0.1      101 
-2.25 0.0763331 -0.165511 5.98277 2049 0.1 101 5404 147
 12   -2.0000      146     5414        0.1      101 
-2 0.0770044 -0.165427 5.98279 2050 0.1 101 5414 146
 13   -1.7500      131     5407        0.1      101 
-1.75 0.0776735 -0.16534 5.98282 2052 0.1 101 5407 131
 14   -1.5000      148     5412        0.1      102 
-1.5 0.0783405 -0.165249 5.98284 2053 0.1 102 5412 148
 15   -1.2500      141     5429        0.1      101 
-1.25 0.0790054 -0.165155 5.98287 2054 0.1 101 5429 141
 16   -1.0000      139     5409        0.1      102 
-1 0.0796681 -0.165057 5.98289 2055 0.1 102 5409 139
 17   -0.7500      123     5420        0.1      102 
-0.75 0.0803286 -0.164956 5.98291 2056 0.1 102 5420 123
 18   -0.5000      139     5424        0.1      101 
-0.5 0.080987 -0.164851 5.98294 2058 0.1 101 5424 139
 19   -0.2500      144     5407        0.1      101 
-0.25 0.0816431 -0.164742 5.98296 2059 0.1 101 5407 144
 20    0.0000      135     5416        0.1      101 
0 0.0822971 -0.16463 5.98298 2060 0.1 101 5416 135
 21    0.2500      136     5428        0.1      102 
0.25 0.0829488 -0.164514 5.98301 2061 0.1 102 5428 136
 22    0.5000      125     5389        0.1      100 
0.5 0.0835983 -0.164395 5.98303 2062 0.1 100 5389 125
 23    0.7500      151     5407        0.1      100 
0.75 0.0842456 -0.164272 5.98305 2064 0.1 100 5407 151
 24    1.0000      126     5410        0.1      101 
1 0.0848906 -0.164145 5.98308 2065 0.1 101 5410 126
 25    1.2500      142     5404        0.1      101 
1.25 0.0855333 -0.164015 5.9831 2066 0.1 101 5404 142
 26    1.5000      153     5398        0.1      100 
1.5 0.0861738 -0.163881 5.98312 2067 0.1 100 5398 153
 27    1.7500      130     5388        0.1      101 
1.75 0.0868119 -0.163744 5.98314 2068 0.1 101 5388 130
 28    2.0000      146     5406        0.1      101 
2 0.0874478 -0.163603 5.98317 2070 0.1 101 5406 146
 29    2.2500      119     5409        0.1      100 
2.25 0.0880813 -0.163459 5.98319 2071 0.1 100 5409 119
 30    2.5000      139     5427        0.1      100 
2.5 0.0887126 -0.163311 5.98321 2072 0.1 100 5427 139
 31    2.7500      138     5424        0.1       99 
2.75 0.0893414 -0.16316 5.98323 2073 0.1 99 5424 138
 32    3.0000      128     5421        0.1      100 
3 0.0899679 -0.163005 5.98325 2074 0.1 100 5421 128
 33    3.2500      144     5414        0.1      100 
3.25 0.0905921 -0.162846 5.98327 2076 0.1 100 5414 144
 34    3.5000      155     5413        0.1       99 
3.5 0.0912139 -0.162684 5.9833 2077 0.1 99 5413 155
 35    3.7500      171     5407        0.1       99 
3.75 0.0918333 -0.162519 5.98332 2078 0.1 99 5407 171
 36    4.0000      152     5406        0.1      101 
4 0.0924503 -0.16235 5.98334 2079 0.1 101 5406 152
 37    4.2500      133     5408        0.1      101 
4.25 0.0930648 -0.162177 5.98336 2080 0.1 101 5408 133
 38    4.5000      122     5415        0.1      100 
4.5 0.093677 -0.162001 5.98338 2082 0.1 100 5415 122
 39    4.7500      134     5401        0.1      101 
4.75 0.0942867 -0.161821 5.9834 2083 0.1 101 5401 134
 40    5.0000      138     5373        0.1      101 
5 0.094894 -0.161638 5.98342 2084 0.1 101 5373 138
#R 10 -3 229 0.695312 0 -0.00483534 5739

Returning phi to 0


68.FOURCC> comment 'it is also possible this detector is a little glitchy'

Sun Dec 13 21:15:02 2020.  it is also possible this detector is a little glitchy.
#C Sun Dec 13 21:15:02 2020.  it is also possible this detector is a little glitchy.


69.FOURCC> ca 1 0 4

Calculated Positions:

H K L =  0.99998  7.7073e-07  4.0001
Alpha = 14.389  Beta = 13.22  Azimuth = -90.965
Omega = 0  Lambda = 1.5498

  TwoTheta      Theta        Chi        Phi 
  35.29300   17.64650   51.23000   -0.75250 

Chi will hit high limit at 94.87.


70.FOURCC> wh

H K L =  0.082297  -0.16463  5.983
Alpha = 16.697  Beta = 25.242  Azimuth = 0
Omega = 0  Lambda = 1.5498

  TwoTheta      Theta        Chi        Phi 
  41.93937   16.09300   89.32000    0.00000 


71.FOURCC> mv th 35.293
Move to 35.293 exceeds low limit of 31.5341 on motor 27, unit 0, "th".
Motion canceled.


72.FOURCC> mv tth 35.293


73.FOURCC> ca 0 1 4

Calculated Positions:

H K L =  5.7157e-07  1  4
Alpha = 14.683  Beta = 12.928  Azimuth = -91.45
Omega = 0  Lambda = 1.5498

  TwoTheta      Theta        Chi        Phi 
  35.29300   17.64650   52.08750   58.86075 

Chi will hit high limit at 94.87.


74.FOURCC> wh

H K L =  0.015504  -0.031015  5.0815
Alpha = 16.697  Beta = 18.596  Azimuth = 0
Omega = 0  Lambda = 1.5498

  TwoTheta      Theta        Chi        Phi 
  35.29337   16.09300   89.32000    0.00000 


75.FOURCC> mv th 17.64


76.FOURCC> mv th 17.5


77.FOURCC> mv th 17.


78.FOURCC> wh

H K L =  0.00069187  -0.001384  5.0822
Alpha = 17.604  Beta = 17.689  Azimuth = 0
Omega = 0  Lambda = 1.5498

  TwoTheta      Theta        Chi        Phi 
  35.29337   17.00000   89.32000    0.00000 


79.FOURCC> comment 'going into hutch to make sure it is safe to go to chi=52'

Sun Dec 13 21:18:08 2020.  going into hutch to make sure it is safe to go to chi=52.
#C Sun Dec 13 21:18:08 2020.  going into hutch to make sure it is safe to go to chi=52.


80.FOURCC> wh

H K L =  0.98556  -0.0055681  4.0418
Alpha = 14.039  Beta = 13.862  Azimuth = -90.149
Omega = 0  Lambda = 1.5498

  TwoTheta      Theta        Chi        Phi 
  35.29337   17.00000   52.00000    0.00000 


81.FOURCC> mv th 17.646


82.FOURCC> comment 'now basically aligned except for phi'

Sun Dec 13 21:23:07 2020.  now basically aligned except for phi.
#C Sun Dec 13 21:23:07 2020.  now basically aligned except for phi.


83.FOURCC> umv phi -40

      Phi 
   0.0000 
   0.0000 
  -0.1660 
  -0.3162 
  -0.4160 
  -0.5660 
  -0.6660 
  -0.8160 
  -0.9160 
  -0.9663 
  -1.1160 
  -1.3160 
  -1.4160 
  -1.5660 
  -1.6660 
  -1.7163 
  -1.9160 
  -1.9660 
  -2.1660 
  -2.3160 
  -2.4160 
  -2.5660 
  -2.6160 
  -2.8160 
  -2.9160 
  -3.0660 
  -3.2160 
  -3.3160 
  -3.4660 
  -3.5660 
  -3.6160 
  -3.8160 
  -3.9660 
  -4.0660 
  -4.2160 
  -4.3160 
  -4.4660 
  -4.5657 
  -4.7160 
  -4.7660 
  -4.9660 
  -5.0160 
  -5.2160 
  -5.3157 
  -5.4660 
  -5.5657 
  -5.6158 
  -5.8157 
  -5.9660 
  -6.0157 
  -6.2160 
  -6.2657 
  -6.4657 
  -6.5657 
  -6.7157 
  -6.8157 
  -6.9657 
  -7.0657 
  -7.1158 
  -7.3157 
  -7.4657 
  -7.5657 
  -7.6655 
  -7.7657 
  -7.9657 
  -8.0157 
  -8.1655 
  -8.3655 
  -8.4657 
  -8.6155 
  -8.7157 
  -8.8655 
  -8.9657 
  -9.0157 
  -9.2157 
  -9.3655 
  -9.4657 
  -9.5157 
  -9.7157 
  -9.8655 
  -9.9657 
 -10.0155 
 -10.1655 
 -10.3655 
 -10.4655 
 -10.6155 
 -10.7155 
 -10.8655 
 -10.9655 
 -11.1155 
 -11.2655 
 -11.3655 
 -11.5155 
 -11.6155 
 -11.6653 
 -11.8655 
 -12.0155 
 -12.0655 
 -12.2655 
 -12.3653 
 -12.5155 
 -12.6153 
 -12.6653 
 -12.8653 
 -13.0155 
 -13.0653 
 -13.2655 
 -13.3653 
 -13.5155 
 -13.5653 
 -13.6653 
 -13.8153 
 -14.0152 
 -14.1153 
 -14.2652 
 -14.3653 
 -14.5152 
 -14.6153 
 -14.6653 
 -14.8653 
 -15.0152 
 -15.1153 
 -15.2652 
 -15.3153 
 -15.5152 
 -15.6153 
 -15.7652 
 -15.9150 
 -16.0152 
 -16.0653 
 -16.2652 
 -16.3153 
 -16.5152 
 -16.5653 
 -16.7155 
 -16.9150 
 -17.0152 
 -17.1650 
 -17.2152 
 -17.4150 
 -17.5152 
 -17.5650 
 -17.7152 
 -17.9150 
 -18.0150 
 -18.0650 
 -18.2152 
 -18.4150 
 -18.5150 
 -18.6650 
 -18.7650 
 -18.9150 
 -18.9650 
 -19.0650 
 -19.2650 
 -19.4150 
 -19.5150 
 -19.6647 
 -19.7650 
 -19.9147 
 -20.0235 
 -20.0733 
 -20.2735 
 -20.3233 
 -20.5233 
 -20.6735 
 -20.7235 
 -20.9235 
 -21.0233 
 -21.1735 
 -21.2733 
 -21.4235 
 -21.5233 
 -21.6735 
 -21.7233 
 -21.9235 
 -22.0733 
 -22.1732 
 -22.3233 
 -22.4232 
 -22.5733 
 -22.6732 
 -22.8233 
 -22.9232 
 -23.0733 
 -23.1235 
 -23.3233 
 -23.4232 
 -23.4733 
 -23.6732 
 -23.7233 
 -23.9232 
 -24.0730 
 -24.1235 
 -24.3230 
 -24.4232 
 -24.5730 
 -24.6732 
 -24.8230 
 -24.9232 
 -25.0730 
 -25.1732 
 -25.3230 
 -25.4232 
 -25.5730 
 -25.6732 
 -25.8230 
 -25.9232 
 -26.0730 
 -26.1730 
 -26.3230 
 -26.4730 
 -26.5230 
 -26.6232 
 -26.8230 
 -26.9730 
 -27.0230 
 -27.1232 
 -27.3230 
 -27.4730 
 -27.5230 
 -27.7230 
 -27.7730 
 -27.9730 
 -28.0727 
 -28.2230 
 -28.3227 
 -28.4730 
 -28.5727 
 -28.7230 
 -28.8227 
 -28.9730 
 -29.0228 
 -29.2230 
 -29.2728 
 -29.4730 
 -29.5228 
 -29.6230 
 -29.7728 
 -29.9728 
 -30.1230 
 -30.2228 
 -30.3730 
 -30.4728 
 -30.5228 
 -30.7228 
 -30.8730 
 -30.9728 
 -31.1230 
 -31.2228 
 -31.3730 
 -31.4728 
 -31.6230 
 -31.7228 
 -31.7728 
 -31.9728 
 -32.0228 
 -32.1728 
 -32.3727 
 -32.4728 
 -32.5228 
 -32.6728 
 -32.8727 
 -32.9728 
 -33.1230 
 -33.2228 
 -33.3727 
 -33.4725 
 -33.6230 
 -33.7225 
 -33.7725 
 -33.9725 
 -34.1230 
 -34.2225 
 -34.3727 
 -34.4725 
 -34.6230 
 -34.7225 
 -34.8727 
 -35.0225 
 -35.1230 
 -35.2725 
 -35.3727 
 -35.5225 
 -35.5725 
 -35.6725 
 -35.8222 
 -36.0225 
 -36.1230 
 -36.2725 
 -36.3725 
 -36.5225 
 -36.6227 
 -36.7722 
 -36.8725 
 -37.0222 
 -37.1230 
 -37.2722 
 -37.3222 
 -37.5222 
 -37.5722 
 -37.7722 
 -37.8222 
 -38.0222 
 -38.1227 
 -38.1725 
 -38.3222 
 -38.5222 
 -38.5722 
 -38.7722 
 -38.8725 
 -39.0222 
 -39.1723 
 -39.2722 
 -39.4223 
 -39.5222 
 -39.6723 
 -39.7722 
 -39.9223 
 -40.0000 
 -40.0000 
 -40.0000 



84.FOURCC> umv phi -65

      Phi 
 -40.0000 
 -40.0238 
 -40.1145 
 -40.3145 
 -40.3645 
 -40.4647 
 -40.6647 
 -40.8145 
 -40.8645 
 -40.9647 
 -41.1145 
 -41.3145 
 -41.4147 
 -41.5645 
 -41.6647 
 -41.8145 
 -41.9147 
 -42.0645 
 -42.1647 
 -42.3145 
 -42.4145 
 -42.5645 
 -42.7145 
 -42.8145 
 -42.8645 
 -43.0145 
 -43.2145 
 -43.3145 
 -43.4645 
 -43.5645 
 -43.6142 
 -43.8145 
 -43.8642 
 -44.0643 
 -44.1142 
 -44.3143 
 -44.3642 
 -44.5145 
 -44.7145 
 -44.8143 
 -44.8642 
 -45.0643 
 -45.1142 
 -45.3143 
 -45.3642 
 -45.5725 
 -45.6228 
 -45.8225 
 -45.8728 
 -46.0725 
 -46.2225 
 -46.3225 
 -46.4810 
 -46.5810 
 -46.6310 
 -46.8392 
 -46.8893 
 -46.9892 
 -47.1393 
 -47.3392 
 -47.4393 
 -47.5892 
 -47.6412 
 -47.8392 
 -47.8893 
 -48.0892 
 -48.1393 
 -48.3392 
 -48.3893 
 -48.5892 
 -48.7390 
 -48.8392 
 -48.9890 
 -49.0892 
 -49.1390 
 -49.3392 
 -49.3893 
 -49.5393 
 -49.6412 
 -49.8390 
 -49.9890 
 -50.0890 
 -50.1390 
 -50.3390 
 -50.4890 
 -50.5890 
 -50.6410 
 -50.8390 
 -50.8890 
 -51.0890 
 -51.2390 
 -51.3390 
 -51.4890 
 -51.5393 
 -51.7390 
 -51.8390 
 -51.8890 
 -52.0890 
 -52.2388 
 -52.3390 
 -52.4888 
 -52.5390 
 -52.6410 
 -52.8390 
 -52.9888 
 -53.0390 
 -53.2388 
 -53.3888 
 -53.4888 
 -53.6410 
 -53.7388 
 -53.8888 
 -53.9888 
 -54.1388 
 -54.2388 
 -54.3888 
 -54.4888 
 -54.6410 
 -54.7388 
 -54.8888 
 -54.9387 
 -55.0388 
 -55.1887 
 -55.3888 
 -55.4387 
 -55.5388 
 -55.7388 
 -55.8888 
 -55.9885 
 -56.1388 
 -56.1887 
 -56.3888 
 -56.4885 
 -56.6408 
 -56.7385 
 -56.8888 
 -56.9885 
 -57.1388 
 -57.1885 
 -57.3888 
 -57.4885 
 -57.6408 
 -57.6885 
 -57.8885 
 -57.9385 
 -58.1385 
 -58.2888 
 -58.3885 
 -58.5388 
 -58.6408 
 -58.7888 
 -58.8885 
 -58.9385 
 -59.1385 
 -59.1885 
 -59.3885 
 -59.4385 
 -59.5885 
 -59.6885 
 -59.8385 
 -59.9385 
 -60.0885 
 -60.1885 
 -60.3885 
 -60.4385 
 -60.6405 
 -60.7885 
 -60.8385 
 -61.0385 
 -61.1385 
 -61.1883 
 -61.3385 
 -61.4383 
 -61.6405 
 -61.7885 
 -61.8882 
 -61.9383 
 -62.0885 
 -62.2383 
 -62.4383 
 -62.5385 
 -62.6883 
 -62.7885 
 -62.9383 
 -63.0385 
 -63.1883 
 -63.2882 
 -63.4383 
 -63.5382 
 -63.6883 
 -63.7383 
 -63.9383 
 -63.9883 
 -64.0883 
 -64.2380 
 -64.4383 
 -64.5383 
 -64.6883 
 -64.7380 
 -64.9377 
 -65.0000 
 -65.0000 
 -65.0000 



85.FOURCC> ascan phi -65 -35 300 .1
Total 301 points, 30.1 seconds

#S 11  ascan  phi -65 -35  300 0.1
#D Sun Dec 13 21:26:31 2020
#T 0.1  (Seconds)
#G0 0 0 0 0 0 1 0 0 0 0 0 0 50 0 0.1 0 68 68 50 -1 1 1 3.13542 3.13542 0 463.6 838.8
#G1 4.785 4.785 12.991 90 90 120 1.516237713 1.516237713 0.483656786 90 90 60 0 0 6 1 0 0 41.939375 20.3653625 89.32 0 0 0 60 30 0 0 0 0 1.549802558 1.549802558 0 0
#G3 1.516130941 0.7580654706 0.005739700252 0.0001897971475 1.313122226 -0.005101256503 -0.01799264703 0.004854270058 0.4835958227
#G4 0.9209253641 -1.028885727 4.049897258 1.549802558 13.62475047 14.33455532 0 -89.40178484 0 0 0 0 0 0 0 0 -180 -170 -180 -180 -180 -180 -180 -180 -180 0
#Q 0.920925 -1.02889 4.0499
#P0 35.293375 17.646 52 -65 -0.2 6.216 1.889625 1.3323
#P1 -0.05008 -0.19984 8.08975 1.50195 -0.43655 13.7217 -47.0089 
#U_ring 99.0258 50.7912 Disable 240 2.39097 0.0440065 1.84053
#U_rfsteering 868.82 2.44371 350.741 1.19271
#U_temp 79.52 0 71.88 72.11 75.44 76.91 0 989.63
#U_ID_UA 18.7573 8.22958 0 1
#U_ID_HSCU 0.109863 14.7715 22.1951 1
#U_slits 0.60009 0.190045 0.600163 0.0400488
#U_mono 8 1.5498 -19.8665 36.9719 0.0408 0.626389 3.48112
#U_BPM 13.5105 46.047 -0.404677 On
#U_C_ICgains 1 uA/V 1 uA/V 10 uA/V
#U_C_JJs 700 0.0002535 299.999 -299.997
#U_KBs -719.986 0 3000.03 -300.018 -0.001 6.04132 2520.03 560.047
#U_ATTEN1 0 0 0 0
#U_ATTEN2 0 0 0 0
#U_ALP_BET 13.6248 14.3346
#N 9
#L Phi  H  K  L  Epoch  Seconds  Trig  IC_1  Btot

Scan  11   Sun Dec 13 21:26:31 2020   file = Align4Pete.spec  fourcC  user = 7idc
ascan  phi -65 -35  300 0.1

  #       Phi     Btot     IC_1    Seconds     Trig 
  0  -65.0000      163     5391        0.1      102 
-65 0.920925 -1.02889 4.0499 2796 0.1 102 5391 163
  1  -64.9000      177     5393        0.1       99 
-64.9 0.922078 -1.02803 4.04993 2797 0.1 99 5393 177
  2  -64.8000      162     5368        0.1      101 
-64.8 0.923227 -1.02718 4.04997 2798 0.1 101 5368 162
  3  -64.7000      176     5398        0.1      100 
-64.7 0.924374 -1.02632 4.05 2799 0.1 100 5398 176
  4  -64.6000      189     5402        0.1      102 
-64.6 0.925517 -1.02546 4.05003 2800 0.1 102 5402 189
  5  -64.5000      181     5392        0.1      100 
-64.5 0.926658 -1.0246 4.05007 2800 0.1 100 5392 181
  6  -64.4000      177     5399        0.1      101 
-64.4 0.927796 -1.02373 4.0501 2801 0.1 101 5399 177
  7  -64.3000      165     5410        0.1      102 
-64.3 0.928931 -1.02286 4.05013 2802 0.1 102 5410 165
  8  -64.2000      171     5406        0.1      101 
-64.2 0.930063 -1.02198 4.05017 2803 0.1 101 5406 171
  9  -64.1000      201     5407        0.1      101 
-64.1 0.931192 -1.02111 4.0502 2804 0.1 101 5407 201
 10  -64.0000      182     5382        0.1      100 
-64 0.932319 -1.02023 4.05023 2805 0.1 100 5382 182
 11  -63.9000      163     5401        0.1      102 
-63.9 0.933442 -1.01934 4.05027 2806 0.1 102 5401 163
 12  -63.8000      175     5375        0.1      101 
-63.8 0.934562 -1.01846 4.0503 2807 0.1 101 5375 175
 13  -63.7000      178     5398        0.1      100 
-63.7 0.93568 -1.01757 4.05033 2808 0.1 100 5398 178
 14  -63.6000      177     5397        0.1      101 
-63.6 0.936795 -1.01668 4.05037 2808 0.1 101 5397 177
 15  -63.5000      185     5392        0.1      100 
-63.5 0.937906 -1.01578 4.0504 2809 0.1 100 5392 185
 16  -63.4000      600     5396        0.1      102 
-63.4 0.939015 -1.01488 4.05043 2810 0.1 102 5396 600
 17  -63.3000      174     5391        0.1      101 
-63.3 0.940121 -1.01398 4.05046 2811 0.1 101 5391 174
 18  -63.2000      177     5392        0.1      101 
-63.2 0.941224 -1.01307 4.05049 2812 0.1 101 5392 177
 19  -63.1000      182     5407        0.1      100 
-63.1 0.942324 -1.01216 4.05053 2813 0.1 100 5407 182
 20  -63.0000      168     5369        0.1      100 
-63 0.943421 -1.01125 4.05056 2814 0.1 100 5369 168
 21  -62.9000      163     5388        0.1      102 
-62.9 0.944515 -1.01034 4.05059 2815 0.1 102 5388 163
 22  -62.8000      172     5389        0.1       99 
-62.8 0.945606 -1.00942 4.05062 2816 0.1 99 5389 172
 23  -62.7000      186     5386        0.1      102 
-62.7 0.946694 -1.0085 4.05065 2816 0.1 102 5386 186
 24  -62.6000      185     5382        0.1       99 
-62.6 0.947779 -1.00758 4.05068 2817 0.1 99 5382 185
 25  -62.5000      192     5384        0.1      101 
-62.5 0.948862 -1.00665 4.05071 2818 0.1 101 5384 192
 26  -62.4000      173     5391        0.1      100 
-62.4 0.949941 -1.00572 4.05074 2819 0.1 100 5391 173
 27  -62.3000      162     5406        0.1      102 
-62.3 0.951017 -1.00479 4.05077 2820 0.1 102 5406 162
 28  -62.2000      182     5396        0.1      100 
-62.2 0.952091 -1.00385 4.05081 2821 0.1 100 5396 182
 29  -62.1000      185     5412        0.1      101 
-62.1 0.953161 -1.00291 4.05084 2822 0.1 101 5412 185
 30  -62.0000      156     5375        0.1      100 
-62 0.954229 -1.00197 4.05087 2823 0.1 100 5375 156
 31  -61.9000      166     5406        0.1      102 
-61.9 0.955293 -1.00102 4.0509 2824 0.1 102 5406 166
 32  -61.8000      179     5412        0.1      102 
-61.8 0.956355 -1.00007 4.05093 2824 0.1 102 5412 179
 33  -61.7000      163     5403        0.1      100 
-61.7 0.957413 -0.99912 4.05096 2825 0.1 100 5403 163
 34  -61.6000      165     5369        0.1      101 
-61.6 0.958469 -0.998165 4.05099 2826 0.1 101 5369 165
 35  -61.5000      175     5395        0.1      100 
-61.5 0.959521 -0.997207 4.05102 2827 0.1 100 5395 175
 36  -61.4000      171     5400        0.1      101 
-61.4 0.960571 -0.996245 4.05104 2828 0.1 101 5400 171
 37  -61.3000      176     5376        0.1      100 
-61.3 0.961617 -0.995281 4.05107 2829 0.1 100 5376 176
 38  -61.2000      165     5389        0.1      102 
-61.2 0.962661 -0.994314 4.0511 2830 0.1 102 5389 165
 39  -61.1000      181     5367        0.1       99 
-61.1 0.963701 -0.993343 4.05113 2831 0.1 99 5367 181
 40  -61.0000      192     5376        0.1      101 
-61 0.964739 -0.99237 4.05116 2832 0.1 101 5376 192
 41  -60.9000    10988     5394        0.1      101 
-60.9 0.965773 -0.991393 4.05119 2832 0.1 101 5394 10988
 42  -60.8000      173     5403        0.1      101 
-60.8 0.966805 -0.990413 4.05122 2833 0.1 101 5403 173
 43  -60.7000      182     5393        0.1      101 
-60.7 0.967833 -0.989431 4.05125 2834 0.1 101 5393 182
 44  -60.6000      173     5408        0.1      100 
-60.6 0.968859 -0.988445 4.05127 2835 0.1 100 5408 173
 45  -60.5000      183     5384        0.1      102 
-60.5 0.969881 -0.987456 4.0513 2836 0.1 102 5384 183
 46  -60.4000      185     5395        0.1      100 
-60.4 0.970901 -0.986464 4.05133 2837 0.1 100 5395 185
 47  -60.3000      184     5388        0.1      102 
-60.3 0.971917 -0.985469 4.05136 2838 0.1 102 5388 184
 48  -60.2000      169     5403        0.1       99 
-60.2 0.97293 -0.984471 4.05139 2839 0.1 99 5403 169
 49  -60.1000      176     5376        0.1      102 
-60.1 0.973941 -0.98347 4.05141 2840 0.1 102 5376 176
 50  -60.0000      157     5401        0.1      100 
-60 0.974948 -0.982466 4.05144 2840 0.1 100 5401 157
 51  -59.9000      171     5379        0.1      100 
-59.9 0.975952 -0.981459 4.05147 2841 0.1 100 5379 171
 52  -59.8000      168     5389        0.1      102 
-59.8 0.976954 -0.980448 4.0515 2842 0.1 102 5389 168
 53  -59.7000      168     5395        0.1      100 
-59.7 0.977952 -0.979435 4.05152 2843 0.1 100 5395 168
 54  -59.6000      152     5396        0.1      101 
-59.6 0.978947 -0.978419 4.05155 2844 0.1 101 5396 152
 55  -59.5000      160     5408        0.1      101 
-59.5 0.979939 -0.9774 4.05158 2845 0.1 101 5408 160
 56  -59.4000     1167     5397        0.1      102 
-59.4 0.980928 -0.976377 4.0516 2846 0.1 102 5397 1167
 57  -59.3000      157     5383        0.1      101 
-59.3 0.981914 -0.975352 4.05163 2847 0.1 101 5383 157
 58  -59.2000      174     5382        0.1      100 
-59.2 0.982897 -0.974324 4.05166 2848 0.1 100 5382 174
 59  -59.1000      147     5391        0.1      102 
-59.1 0.983877 -0.973292 4.05168 2848 0.1 102 5391 147
 60  -59.0000     6364     5404        0.1      101 
-59 0.984853 -0.972258 4.05171 2849 0.1 101 5404 6364
 61  -58.9000      171     5381        0.1      102 
-58.9 0.985827 -0.971221 4.05173 2850 0.1 102 5381 171
 62  -58.8000      165     5380        0.1      100 
-58.8 0.986798 -0.97018 4.05176 2851 0.1 100 5380 165
 63  -58.7000      152     5405        0.1      101 
-58.7 0.987765 -0.969137 4.05178 2852 0.1 101 5405 152
 64  -58.6000    11654     5384        0.1      101 
-58.6 0.98873 -0.96809 4.05181 2853 0.1 101 5384 11654
 65  -58.5000      179     5401        0.1       99 
-58.5 0.989691 -0.967041 4.05183 2854 0.1 99 5401 179
 66  -58.4000      154     5420        0.1      101 
-58.4 0.99065 -0.965989 4.05186 2855 0.1 101 5420 154
 67  -58.3000     2183     5400        0.1      100 
-58.3 0.991605 -0.964933 4.05189 2856 0.1 100 5400 2183
 68  -58.2000      173     5380        0.1      101 
-58.2 0.992557 -0.963875 4.05191 2856 0.1 101 5380 173
 69  -58.1000      155     5401        0.1      100 
-58.1 0.993506 -0.962814 4.05193 2857 0.1 100 5401 155
 70  -58.0000      171     5380        0.1      102 
-58 0.994452 -0.961749 4.05196 2858 0.1 102 5380 171
 71  -57.9000      351     5406        0.1       99 
-57.9 0.995395 -0.960682 4.05198 2859 0.1 99 5406 351
 72  -57.8000      172     5396        0.1      102 
-57.8 0.996334 -0.959612 4.05201 2860 0.1 102 5396 172
 73  -57.7000      184     5395        0.1      101 
-57.7 0.997271 -0.958538 4.05203 2861 0.1 101 5395 184
 74  -57.6000      171     5408        0.1      101 
-57.6 0.998205 -0.957462 4.05206 2862 0.1 101 5408 171
 75  -57.5000      181     5407        0.1      100 
-57.5 0.999135 -0.956383 4.05208 2863 0.1 100 5407 181
 76  -57.4000      133     5382        0.1      102 
-57.4 1.00006 -0.955301 4.0521 2864 0.1 102 5382 133
 77  -57.3000      173     5406        0.1      101 
-57.3 1.00099 -0.954216 4.05213 2864 0.1 101 5406 173
 78  -57.2000      188     5397        0.1      101 
-57.2 1.00191 -0.953128 4.05215 2865 0.1 101 5397 188
 79  -57.1000      151     5392        0.1      101 
-57.1 1.00283 -0.952037 4.05217 2866 0.1 101 5392 151
 80  -57.0000      182     5413        0.1       99 
-57 1.00374 -0.950943 4.0522 2867 0.1 99 5413 182
 81  -56.9000     2215     5387        0.1      101 
-56.9 1.00465 -0.949846 4.05222 2868 0.1 101 5387 2215
 82  -56.8000      164     5399        0.1      100 
-56.8 1.00556 -0.948746 4.05224 2869 0.1 100 5399 164
 83  -56.7000      176     5414        0.1      102 
-56.7 1.00647 -0.947643 4.05226 2870 0.1 102 5414 176
 84  -56.6000      171     5382        0.1      100 
-56.6 1.00737 -0.946538 4.05229 2871 0.1 100 5382 171
 85  -56.5000      171     5414        0.1      101 
-56.5 1.00827 -0.945429 4.05231 2872 0.1 101 5414 171
 86  -56.4000      166     5398        0.1      100 
-56.4 1.00916 -0.944317 4.05233 2872 0.1 100 5398 166
 87  -56.3000      197     5371        0.1       99 
-56.3 1.01006 -0.943203 4.05235 2873 0.1 99 5371 197
 88  -56.2000      156     5389        0.1      101 
-56.2 1.01095 -0.942086 4.05238 2874 0.1 101 5389 156
 89  -56.1000      180     5389        0.1       99 
-56.1 1.01183 -0.940965 4.0524 2875 0.1 99 5389 180
 90  -56.0000      154     5391        0.1      101 
-56 1.01272 -0.939842 4.05242 2876 0.1 101 5391 154
 91  -55.9000      176     5400        0.1      100 
-55.9 1.0136 -0.938716 4.05244 2877 0.1 100 5400 176
 92  -55.8000     2686     5398        0.1      101 
-55.8 1.01447 -0.937587 4.05246 2878 0.1 101 5398 2686
 93  -55.7000      194     5424        0.1      100 
-55.7 1.01535 -0.936455 4.05248 2879 0.1 100 5424 194
 94  -55.6000      172     5391        0.1      102 
-55.6 1.01622 -0.93532 4.0525 2880 0.1 102 5391 172
 95  -55.5000      155     5383        0.1      100 
-55.5 1.01709 -0.934182 4.05252 2880 0.1 100 5383 155
 96  -55.4000      154     5378        0.1      102 
-55.4 1.01795 -0.933042 4.05255 2881 0.1 102 5378 154
 97  -55.3000      168     5395        0.1      101 
-55.3 1.01881 -0.931898 4.05257 2882 0.1 101 5395 168
 98  -55.2000      150     5404        0.1       99 
-55.2 1.01967 -0.930752 4.05259 2883 0.1 99 5404 150
 99  -55.1000      169     5402        0.1      101 
-55.1 1.02052 -0.929602 4.05261 2884 0.1 101 5402 169
100  -55.0000     4917     5383        0.1       99 
-55 1.02138 -0.92845 4.05263 2885 0.1 99 5383 4917
101  -54.9000      167     5382        0.1      101 
-54.9 1.02222 -0.927295 4.05265 2886 0.1 101 5382 167
102  -54.8000      182     5372        0.1       99 
-54.8 1.02307 -0.926137 4.05267 2887 0.1 99 5372 182
103  -54.7000      186     5381        0.1      101 
-54.7 1.02391 -0.924976 4.05269 2888 0.1 101 5381 186
104  -54.6000      183     5390        0.1      102 
-54.6 1.02475 -0.923813 4.05271 2888 0.1 102 5390 183
105  -54.5000      174     5400        0.1      100 
-54.5 1.02559 -0.922646 4.05272 2889 0.1 100 5400 174
106  -54.4000      171     5398        0.1      101 
-54.4 1.02642 -0.921477 4.05274 2890 0.1 101 5398 171
107  -54.3000      178     5380        0.1      101 
-54.3 1.02725 -0.920305 4.05276 2891 0.1 101 5380 178
108  -54.2000      175     5381        0.1      101 
-54.2 1.02808 -0.91913 4.05278 2892 0.1 101 5381 175
109  -54.1000      612     5387        0.1      100 
-54.1 1.0289 -0.917952 4.0528 2893 0.1 100 5387 612
110  -54.0000      182     5403        0.1      102 
-54 1.02972 -0.916771 4.05282 2894 0.1 102 5403 182
111  -53.9000      185     5390        0.1      100 
-53.9 1.03054 -0.915587 4.05284 2895 0.1 100 5390 185
112  -53.8000     2104     5394        0.1      102 
-53.8 1.03135 -0.914401 4.05286 2896 0.1 102 5394 2104
113  -53.7000      173     5394        0.1      101 
-53.7 1.03216 -0.913211 4.05287 2896 0.1 101 5394 173
114  -53.6000      161     5381        0.1      100 
-53.6 1.03297 -0.912019 4.05289 2897 0.1 100 5381 161
115  -53.5000     5672     5389        0.1      102 
-53.5 1.03377 -0.910824 4.05291 2898 0.1 102 5389 5672
116  -53.4000      176     5393        0.1      100 
-53.4 1.03457 -0.909627 4.05293 2899 0.1 100 5393 176
117  -53.3000      178     5402        0.1      101 
-53.3 1.03537 -0.908426 4.05295 2900 0.1 101 5402 178
118  -53.2000      164     5385        0.1      101 
-53.2 1.03616 -0.907223 4.05296 2901 0.1 101 5385 164
119  -53.1000      175     5376        0.1      101 
-53.1 1.03695 -0.906016 4.05298 2902 0.1 101 5376 175
120  -53.0000      183     5397        0.1      102 
-53 1.03774 -0.904807 4.053 2903 0.1 102 5397 183
121  -52.9000      176     5398        0.1      100 
-52.9 1.03852 -0.903596 4.05301 2904 0.1 100 5398 176
122  -52.8000      167     5396        0.1      101 
-52.8 1.03931 -0.902381 4.05303 2904 0.1 101 5396 167
123  -52.7000      174     5385        0.1      101 
-52.7 1.04008 -0.901164 4.05305 2905 0.1 101 5385 174
124  -52.6000      175     5386        0.1      101 
-52.6 1.04086 -0.899943 4.05307 2906 0.1 101 5386 175
125  -52.5000     7962     5388        0.1      102 
-52.5 1.04163 -0.89872 4.05308 2907 0.1 102 5388 7962
126  -52.4000      178     5374        0.1      100 
-52.4 1.0424 -0.897495 4.0531 2908 0.1 100 5374 178
127  -52.3000      152     5396        0.1      101 
-52.3 1.04316 -0.896266 4.05311 2909 0.1 101 5396 152
128  -52.2000      173     5380        0.1      100 
-52.2 1.04392 -0.895035 4.05313 2910 0.1 100 5380 173
129  -52.1000      163     5383        0.1      102 
-52.1 1.04468 -0.893801 4.05315 2911 0.1 102 5383 163
130  -52.0000      174     5384        0.1       99 
-52 1.04544 -0.892564 4.05316 2911 0.1 99 5384 174
131  -51.9000      536     5398        0.1      102 
-51.9 1.04619 -0.891324 4.05318 2912 0.1 102 5398 536
132  -51.8000      162     5384        0.1      102 
-51.8 1.04694 -0.890082 4.05319 2913 0.1 102 5384 162
133  -51.7000     1562     5401        0.1      100 
-51.7 1.04768 -0.888836 4.05321 2914 0.1 100 5401 1562
134  -51.6000      179     5393        0.1      102 
-51.6 1.04843 -0.887589 4.05322 2915 0.1 102 5393 179
135  -51.5000      166     5389        0.1      101 
-51.5 1.04917 -0.886338 4.05324 2916 0.1 101 5389 166
136  -51.4000      175     5391        0.1      101 
-51.4 1.0499 -0.885084 4.05325 2917 0.1 101 5391 175
137  -51.3000      186     5381        0.1       99 
-51.3 1.05063 -0.883828 4.05327 2918 0.1 99 5381 186
138  -51.2000      173     5386        0.1      101 
-51.2 1.05136 -0.882569 4.05328 2919 0.1 101 5386 173
139  -51.1000      166     5367        0.1      100 
-51.1 1.05209 -0.881308 4.0533 2919 0.1 100 5367 166
140  -51.0000      168     5390        0.1      100 
-51 1.05281 -0.880043 4.05331 2920 0.1 100 5390 168
141  -50.9000      153     5390        0.1      101 
-50.9 1.05353 -0.878776 4.05332 2921 0.1 101 5390 153
142  -50.8000      160     5378        0.1      101 
-50.8 1.05425 -0.877506 4.05334 2922 0.1 101 5378 160
143  -50.7000      149     5405        0.1      101 
-50.7 1.05496 -0.876234 4.05335 2923 0.1 101 5405 149
144  -50.6000      177     5381        0.1      101 
-50.6 1.05567 -0.874959 4.05337 2924 0.1 101 5381 177
145  -50.5000      201     5393        0.1      101 
-50.5 1.05638 -0.873681 4.05338 2925 0.1 101 5393 201
146  -50.4000      174     5402        0.1      101 
-50.4 1.05708 -0.8724 4.05339 2926 0.1 101 5402 174
147  -50.3000      178     5396        0.1      101 
-50.3 1.05778 -0.871117 4.05341 2927 0.1 101 5396 178
148  -50.2000      186     5396        0.1      100 
-50.2 1.05847 -0.86983 4.05342 2928 0.1 100 5396 186
149  -50.1000      138     5380        0.1      102 
-50.1 1.05917 -0.868542 4.05343 2928 0.1 102 5380 138
150  -50.0000      151     5396        0.1      100 
-50 1.05986 -0.86725 4.05344 2929 0.1 100 5396 151
151  -49.9000      170     5349        0.1      102 
-49.9 1.06054 -0.865956 4.05346 2930 0.1 102 5349 170
152  -49.8000      193     5407        0.1      100 
-49.8 1.06123 -0.864659 4.05347 2931 0.1 100 5407 193
153  -49.7000      158     5385        0.1      100 
-49.7 1.06191 -0.86336 4.05348 2932 0.1 100 5385 158
154  -49.6000      185     5403        0.1      101 
-49.6 1.06258 -0.862057 4.05349 2933 0.1 101 5403 185
155  -49.5000      175     5387        0.1      101 
-49.5 1.06326 -0.860753 4.05351 2934 0.1 101 5387 175
156  -49.4000      182     5379        0.1      101 
-49.4 1.06393 -0.859445 4.05352 2935 0.1 101 5379 182
157  -49.3000      154     5375        0.1      100 
-49.3 1.06459 -0.858135 4.05353 2936 0.1 100 5375 154
158  -49.2000      162     5380        0.1      101 
-49.2 1.06526 -0.856822 4.05354 2936 0.1 101 5380 162
159  -49.1000      159     5385        0.1      101 
-49.1 1.06592 -0.855506 4.05355 2937 0.1 101 5385 159
160  -49.0000      131     5384        0.1      101 
-49 1.06657 -0.854188 4.05356 2938 0.1 101 5384 131
161  -48.9000      144     5383        0.1      100 
-48.9 1.06723 -0.852867 4.05357 2939 0.1 100 5383 144
162  -48.8000      152     5392        0.1      101 
-48.8 1.06788 -0.851544 4.05358 2940 0.1 101 5392 152
163  -48.7000      155     5392        0.1      101 
-48.7 1.06852 -0.850218 4.0536 2941 0.1 101 5392 155
164  -48.6000      157     5399        0.1       99 
-48.6 1.06917 -0.848889 4.05361 2942 0.1 99 5399 157
165  -48.5000      181     5369        0.1      101 
-48.5 1.06981 -0.847557 4.05362 2943 0.1 101 5369 181
166  -48.4000      149     5383        0.1      100 
-48.4 1.07044 -0.846223 4.05363 2944 0.1 100 5383 149
167  -48.3000      165     5380        0.1      102 
-48.3 1.07108 -0.844887 4.05364 2944 0.1 102 5380 165
168  -48.2000      176     5389        0.1      101 
-48.2 1.07171 -0.843548 4.05365 2945 0.1 101 5389 176
169  -48.1000      166     5393        0.1      101 
-48.1 1.07233 -0.842206 4.05366 2946 0.1 101 5393 166
170  -48.0000      170     5382        0.1      100 
-48 1.07296 -0.840861 4.05367 2947 0.1 100 5382 170
171  -47.9000      138     5394        0.1      101 
-47.9 1.07358 -0.839514 4.05368 2948 0.1 101 5394 138
172  -47.8000      176     5384        0.1      100 
-47.8 1.07419 -0.838164 4.05369 2949 0.1 100 5384 176
173  -47.7000      173     5355        0.1      102 
-47.7 1.07481 -0.836812 4.05369 2950 0.1 102 5355 173
174  -47.6000      142     5382        0.1      100 
-47.6 1.07542 -0.835457 4.0537 2951 0.1 100 5382 142
175  -47.5000     2240     5398        0.1      101 
-47.5 1.07602 -0.8341 4.05371 2952 0.1 101 5398 2240
176  -47.4000      171     5368        0.1       99 
-47.4 1.07663 -0.832739 4.05372 2952 0.1 99 5368 171
177  -47.3000     1624     5376        0.1      100 
-47.3 1.07723 -0.831377 4.05373 2953 0.1 100 5376 1624
178  -47.2000      182     5375        0.1       99 
-47.2 1.07782 -0.830011 4.05374 2954 0.1 99 5375 182
179  -47.1000      179     5395        0.1      101 
-47.1 1.07842 -0.828644 4.05375 2955 0.1 101 5395 179
180  -47.0000      163     5388        0.1      102 
-47 1.07901 -0.827273 4.05376 2956 0.1 102 5388 163
181  -46.9000      816     5381        0.1      101 
-46.9 1.07959 -0.8259 4.05376 2957 0.1 101 5381 816
182  -46.8000     2975     5379        0.1      101 
-46.8 1.08018 -0.824525 4.05377 2958 0.1 101 5379 2975
183  -46.7000      170     5391        0.1       99 
-46.7 1.08076 -0.823147 4.05378 2959 0.1 99 5391 170
184  -46.6000      160     5383        0.1      102 
-46.6 1.08133 -0.821766 4.05379 2960 0.1 102 5383 160
185  -46.5000      173     5384        0.1      100 
-46.5 1.0819 -0.820383 4.05379 2961 0.1 100 5384 173
186  -46.4000      183     5405        0.1      102 
-46.4 1.08247 -0.818997 4.0538 2961 0.1 102 5405 183
187  -46.3000      169     5395        0.1       99 
-46.3 1.08304 -0.817609 4.05381 2962 0.1 99 5395 169
188  -46.2000     1160     5388        0.1      101 
-46.2 1.0836 -0.816218 4.05382 2963 0.1 101 5388 1160
189  -46.1000    11007     5376        0.1      101 
-46.1 1.08416 -0.814824 4.05382 2964 0.1 101 5376 11007
190  -46.0000     2176     5375        0.1      100 
-46 1.08472 -0.813429 4.05383 2965 0.1 100 5375 2176
191  -45.9000      170     5383        0.1      101 
-45.9 1.08527 -0.81203 4.05384 2966 0.1 101 5383 170
192  -45.8000     2428     5397        0.1      100 
-45.8 1.08582 -0.810629 4.05384 2967 0.1 100 5397 2428
193  -45.7000      190     5375        0.1      102 
-45.7 1.08637 -0.809226 4.05385 2968 0.1 102 5375 190
194  -45.6000      190     5384        0.1       99 
-45.6 1.08691 -0.80782 4.05385 2969 0.1 99 5384 190
195  -45.5000      175     5401        0.1      102 
-45.5 1.08745 -0.806411 4.05386 2969 0.1 102 5401 175
196  -45.4000      167     5393        0.1      100 
-45.4 1.08799 -0.805 4.05387 2970 0.1 100 5393 167
197  -45.3000      171     5382        0.1      101 
-45.3 1.08852 -0.803587 4.05387 2971 0.1 101 5382 171
198  -45.2000      174     5382        0.1      102 
-45.2 1.08905 -0.802171 4.05388 2972 0.1 102 5382 174
199  -45.1000      187     5374        0.1      100 
-45.1 1.08957 -0.800752 4.05388 2973 0.1 100 5374 187
200  -45.0000      155     5388        0.1      102 
-45 1.0901 -0.799331 4.05389 2974 0.1 102 5388 155
201  -44.9000      180     5380        0.1      100 
-44.9 1.09062 -0.797908 4.05389 2975 0.1 100 5380 180
202  -44.8000      157     5397        0.1      102 
-44.8 1.09113 -0.796482 4.0539 2976 0.1 102 5397 157
203  -44.7000      234     5402        0.1      101 
-44.7 1.09164 -0.795054 4.0539 2977 0.1 101 5402 234
204  -44.6000     1486     5372        0.1      101 
-44.6 1.09215 -0.793623 4.05391 2977 0.1 101 5372 1486
205  -44.5000     7179     5367        0.1      100 
-44.5 1.09266 -0.79219 4.05391 2978 0.1 100 5367 7179
206  -44.4000     3097     5394        0.1      102 
-44.4 1.09316 -0.790754 4.05392 2979 0.1 102 5394 3097
207  -44.3000     1515     5399        0.1      101 
-44.3 1.09366 -0.789316 4.05392 2980 0.1 101 5399 1515
208  -44.2000      930     5397        0.1       99 
-44.2 1.09415 -0.787875 4.05392 2981 0.1 99 5397 930
209  -44.1000      901     5375        0.1      101 
-44.1 1.09465 -0.786432 4.05393 2982 0.1 101 5375 901
210  -44.0000      164     5399        0.1      100 
-44 1.09513 -0.784986 4.05393 2983 0.1 100 5399 164
211  -43.9000      156     5403        0.1      101 
-43.9 1.09562 -0.783538 4.05393 2984 0.1 101 5403 156
212  -43.8000      171     5391        0.1      100 
-43.8 1.0961 -0.782088 4.05394 2985 0.1 100 5391 171
213  -43.7000      178     5385        0.1      101 
-43.7 1.09658 -0.780635 4.05394 2985 0.1 101 5385 178
214  -43.6000      178     5397        0.1      101 
-43.6 1.09705 -0.779179 4.05394 2986 0.1 101 5397 178
215  -43.5000      153     5392        0.1      102 
-43.5 1.09753 -0.777722 4.05395 2987 0.1 102 5392 153
216  -43.4000      170     5397        0.1      102 
-43.4 1.09799 -0.776262 4.05395 2988 0.1 102 5397 170
217  -43.3000      159     5383        0.1      100 
-43.3 1.09846 -0.774799 4.05395 2989 0.1 100 5383 159
218  -43.2000      164     5381        0.1      101 
-43.2 1.09892 -0.773334 4.05395 2990 0.1 101 5381 164
219  -43.1000      157     5390        0.1      101 
-43.1 1.09938 -0.771867 4.05396 2991 0.1 101 5390 157
220  -43.0000      169     5407        0.1      101 
-43 1.09983 -0.770397 4.05396 2992 0.1 101 5407 169
221  -42.9000      174     5371        0.1      100 
-42.9 1.10028 -0.768925 4.05396 2993 0.1 100 5371 174
222  -42.8000      166     5389        0.1      102 
-42.8 1.10073 -0.76745 4.05396 2993 0.1 102 5389 166
223  -42.7000      183     5373        0.1      101 
-42.7 1.10117 -0.765973 4.05396 2994 0.1 101 5373 183
224  -42.6000      165     5394        0.1      101 
-42.6 1.10161 -0.764494 4.05397 2995 0.1 101 5394 165
225  -42.5000      160     5386        0.1      102 
-42.5 1.10205 -0.763012 4.05397 2996 0.1 102 5386 160
226  -42.4000      171     5386        0.1      100 
-42.4 1.10249 -0.761528 4.05397 2997 0.1 100 5386 171
227  -42.3000      170     5394        0.1      101 
-42.3 1.10292 -0.760042 4.05397 2998 0.1 101 5394 170
228  -42.2000      182     5380        0.1      100 
-42.2 1.10334 -0.758553 4.05397 2999 0.1 100 5380 182
229  -42.1000      196     5368        0.1      101 
-42.1 1.10377 -0.757062 4.05397 3000 0.1 101 5368 196
230  -42.0000      165     5375        0.1      101 
-42 1.10419 -0.755568 4.05397 3000 0.1 101 5375 165
231  -41.9000      157     5363        0.1      101 
-41.9 1.1046 -0.754072 4.05397 3001 0.1 101 5363 157
232  -41.8000      177     5383        0.1      101 
-41.8 1.10502 -0.752574 4.05397 3002 0.1 101 5383 177
233  -41.7000      159     5389        0.1      101 
-41.7 1.10543 -0.751074 4.05397 3003 0.1 101 5389 159
234  -41.6000      182     5383        0.1      102 
-41.6 1.10583 -0.749571 4.05397 3004 0.1 102 5383 182
235  -41.5000      182     5381        0.1      100 
-41.5 1.10623 -0.748066 4.05397 3005 0.1 100 5381 182
236  -41.4000      154     5384        0.1      101 
-41.4 1.10663 -0.746558 4.05397 3006 0.1 101 5384 154
237  -41.3000      185     5405        0.1       99 
-41.3 1.10703 -0.745048 4.05397 3007 0.1 99 5405 185
238  -41.2000      160     5365        0.1      101 
-41.2 1.10742 -0.743536 4.05397 3008 0.1 101 5365 160
239  -41.1000      160     5391        0.1       99 
-41.1 1.10781 -0.742022 4.05397 3009 0.1 99 5391 160
240  -41.0000      161     5376        0.1      101 
-41 1.1082 -0.740505 4.05397 3009 0.1 101 5376 161
241  -40.9000      170     5412        0.1       99 
-40.9 1.10858 -0.738986 4.05397 3010 0.1 99 5412 170
242  -40.8000      159     5384        0.1      100 
-40.8 1.10896 -0.737464 4.05397 3011 0.1 100 5384 159
243  -40.7000      153     5388        0.1      101 
-40.7 1.10933 -0.735941 4.05397 3012 0.1 101 5388 153
244  -40.6000      144     5382        0.1      100 
-40.6 1.10971 -0.734415 4.05397 3013 0.1 100 5382 144
245  -40.5000      187     5380        0.1      101 
-40.5 1.11007 -0.732886 4.05396 3014 0.1 101 5380 187
246  -40.4000      176     5387        0.1      100 
-40.4 1.11044 -0.731356 4.05396 3015 0.1 100 5387 176
247  -40.3000      176     5401        0.1      101 
-40.3 1.1108 -0.729823 4.05396 3016 0.1 101 5401 176
248  -40.2000      171     5395        0.1      100 
-40.2 1.11116 -0.728288 4.05396 3016 0.1 100 5395 171
249  -40.1000      194     5376        0.1      101 
-40.1 1.11151 -0.726751 4.05396 3017 0.1 101 5376 194
250  -40.0000      156     5391        0.1      100 
-40 1.11187 -0.725211 4.05395 3018 0.1 100 5391 156
251  -39.9000      158     5393        0.1      100 
-39.9 1.11221 -0.723669 4.05395 3019 0.1 100 5393 158
252  -39.8000      169     5408        0.1      102 
-39.8 1.11256 -0.722125 4.05395 3020 0.1 102 5408 169
253  -39.7000      168     5379        0.1      101 
-39.7 1.1129 -0.720579 4.05395 3021 0.1 101 5379 168
254  -39.6000      157     5395        0.1      101 
-39.6 1.11324 -0.71903 4.05394 3022 0.1 101 5395 157
255  -39.5000      161     5395        0.1      101 
-39.5 1.11357 -0.717479 4.05394 3023 0.1 101 5395 161
256  -39.4000      163     5406        0.1      101 
-39.4 1.1139 -0.715926 4.05394 3024 0.1 101 5406 163
257  -39.3000      185     5369        0.1       99 
-39.3 1.11423 -0.714371 4.05393 3025 0.1 99 5369 185
258  -39.2000      177     5383        0.1      101 
-39.2 1.11455 -0.712813 4.05393 3025 0.1 101 5383 177
259  -39.1000      153     5397        0.1      100 
-39.1 1.11487 -0.711253 4.05392 3026 0.1 100 5397 153
260  -39.0000      161     5390        0.1      101 
-39 1.11519 -0.709691 4.05392 3027 0.1 101 5390 161
261  -38.9000      151     5393        0.1      100 
-38.9 1.1155 -0.708127 4.05392 3028 0.1 100 5393 151
262  -38.8000      186     5385        0.1      102 
-38.8 1.11581 -0.706561 4.05391 3029 0.1 102 5385 186
263  -38.7000      160     5386        0.1      100 
-38.7 1.11612 -0.704992 4.05391 3030 0.1 100 5386 160
264  -38.6000      169     5366        0.1      102 
-38.6 1.11642 -0.703422 4.0539 3031 0.1 102 5366 169
265  -38.5000      181     5400        0.1      101 
-38.5 1.11672 -0.701849 4.0539 3032 0.1 101 5400 181
266  -38.4000      162     5370        0.1      101 
-38.4 1.11701 -0.700273 4.05389 3033 0.1 101 5370 162
267  -38.3000    14072     5372        0.1      102 
-38.3 1.11731 -0.698696 4.05389 3033 0.1 102 5372 14072
268  -38.2000      157     5374        0.1      101 
-38.2 1.11759 -0.697117 4.05388 3034 0.1 101 5374 157
269  -38.1000      173     5401        0.1      101 
-38.1 1.11788 -0.695535 4.05388 3035 0.1 101 5401 173
270  -38.0000      152     5413        0.1       99 
-38 1.11816 -0.693951 4.05387 3036 0.1 99 5413 152
271  -37.9000      181     5389        0.1       99 
-37.9 1.11844 -0.692365 4.05387 3037 0.1 99 5389 181
272  -37.8000      155     5380        0.1      101 
-37.8 1.11871 -0.690777 4.05386 3038 0.1 101 5380 155
273  -37.7000      170     5378        0.1      101 
-37.7 1.11899 -0.689187 4.05386 3039 0.1 101 5378 170
274  -37.6000      178     5399        0.1      101 
-37.6 1.11925 -0.687594 4.05385 3040 0.1 101 5399 178
275  -37.5000      163     5395        0.1      100 
-37.5 1.11952 -0.686 4.05384 3040 0.1 100 5395 163
276  -37.4000      184     5377        0.1      101 
-37.4 1.11978 -0.684403 4.05384 3041 0.1 101 5377 184
277  -37.3000      182     5391        0.1      101 
-37.3 1.12004 -0.682804 4.05383 3042 0.1 101 5391 182
278  -37.2000      174     5374        0.1      100 
-37.2 1.12029 -0.681203 4.05382 3043 0.1 100 5374 174
279  -37.1000      183     5378        0.1      102 
-37.1 1.12054 -0.6796 4.05382 3044 0.1 102 5378 183
280  -37.0000     1334     5382        0.1       99 
-37 1.12079 -0.677995 4.05381 3045 0.1 99 5382 1334
281  -36.9000      167     5379        0.1      101 
-36.9 1.12103 -0.676387 4.0538 3046 0.1 101 5379 167
282  -36.8000      161     5381        0.1      100 
-36.8 1.12127 -0.674778 4.0538 3047 0.1 100 5381 161
283  -36.7000      166     5398        0.1      102 
-36.7 1.12151 -0.673166 4.05379 3048 0.1 102 5398 166
284  -36.6000      143     5383        0.1      100 
-36.6 1.12174 -0.671553 4.05378 3048 0.1 100 5383 143
285  -36.5000      179     5406        0.1      101 
-36.5 1.12197 -0.669937 4.05377 3049 0.1 101 5406 179
286  -36.4000      168     5387        0.1      101 
-36.4 1.1222 -0.668319 4.05377 3050 0.1 101 5387 168
287  -36.3000      179     5381        0.1      100 
-36.3 1.12242 -0.666699 4.05376 3051 0.1 100 5381 179
288  -36.2000      185     5380        0.1      102 
-36.2 1.12264 -0.665077 4.05375 3052 0.1 102 5380 185
289  -36.1000      151     5383        0.1      100 
-36.1 1.12286 -0.663453 4.05374 3053 0.1 100 5383 151
290  -36.0000      148     5364        0.1      101 
-36 1.12307 -0.661827 4.05373 3054 0.1 101 5364 148
291  -35.9000      156     5376        0.1      102 
-35.9 1.12328 -0.660199 4.05373 3055 0.1 102 5376 156
292  -35.8000      191     5386        0.1      100 
-35.8 1.12348 -0.658568 4.05372 3056 0.1 100 5386 191
293  -35.7000      173     5394        0.1      101 
-35.7 1.12368 -0.656936 4.05371 3056 0.1 101 5394 173
294  -35.6000      175     5374        0.1      100 
-35.6 1.12388 -0.655302 4.0537 3057 0.1 100 5374 175
295  -35.5000      459     5397        0.1      101 
-35.5 1.12408 -0.653665 4.05369 3058 0.1 101 5397 459
296  -35.4000      159     5385        0.1      101 
-35.4 1.12427 -0.652027 4.05368 3059 0.1 101 5385 159
297  -35.3000      175     5365        0.1      101 
-35.3 1.12445 -0.650386 4.05367 3060 0.1 101 5365 175
298  -35.2000      162     5376        0.1      100 
-35.2 1.12464 -0.648744 4.05366 3061 0.1 100 5376 162
299  -35.1000      159     5374        0.1       99 
-35.1 1.12482 -0.647099 4.05365 3062 0.1 99 5374 159
300  -35.0000      148     5386        0.1      101 
-35 1.125 -0.645453 4.05364 3063 0.1 101 5386 148
#R 11 -38.3 14072 0.101146 0 -50.4283 162543

86.FOURCC> ascan phi -35 -5 300 .1
Total 301 points, 30.1 seconds

#S 12  ascan  phi -35 -5  300 0.1
#D Sun Dec 13 21:34:15 2020
#T 0.1  (Seconds)
#G0 0 0 0 0 0 1 0 0 0 0 0 0 50 0 0.1 0 68 68 50 -1 1 1 3.13542 3.13542 0 463.6 838.8
#G1 4.785 4.785 12.991 90 90 120 1.516237713 1.516237713 0.483656786 90 90 60 0 0 6 1 0 0 41.939375 20.3653625 89.32 0 0 0 60 30 0 0 0 0 1.549802558 1.549802558 0 0
#G3 1.516130941 0.7580654706 0.005739700252 0.0001897971475 1.313122226 -0.005101256503 -0.01799264703 0.004854270058 0.4835958227
#G4 1.124997223 -0.6454526511 4.053641098 1.549802558 14.09519196 13.88998434 0 -90.17321392 0 0 0 0 0 0 0 0 -180 -170 -180 -180 -180 -180 -180 -180 -180 0
#Q 1.125 -0.645453 4.05364
#P0 35.293375 17.646 52 -35 -0.2 6.216 1.889625 1.3323
#P1 -0.05008 -0.19984 8.08975 1.50195 -0.43655 13.7217 -47.0089 
#U_ring 98.7718 50.9603 Disable 240 2.39385 0.0436705 1.82428
#U_rfsteering 869.385 2.44515 348.828 1.18799
#U_temp 79.52 0 71.85 72.11 75.44 76.91 0 989.246
#U_ID_UA 18.7573 8.22958 0 1
#U_ID_HSCU 0.109863 14.7715 22.1951 1
#U_slits 0.60009 0.190045 0.600163 0.0400488
#U_mono 8 1.5498 -19.8665 36.9719 0.0408 0.626389 3.48217
#U_BPM 13.4393 49.5773 0.935086 On
#U_C_ICgains 1 uA/V 1 uA/V 10 uA/V
#U_C_JJs 700 0.0002535 299.999 -299.997
#U_KBs -719.986 0 3000.03 -300.018 -0.001 6.04132 2520.03 560.047
#U_ATTEN1 0 0 0 0
#U_ATTEN2 0 0 0 0
#U_ALP_BET 14.0952 13.89
#N 9
#L Phi  H  K  L  Epoch  Seconds  Trig  IC_1  Btot

Scan  12   Sun Dec 13 21:34:15 2020   file = Align4Pete.spec  fourcC  user = 7idc
ascan  phi -35 -5  300 0.1

  #       Phi     Btot     IC_1    Seconds     Trig 
  0  -35.0000      185     5386        0.1      102 
-35 1.125 -0.645453 4.05364 3260 0.1 102 5386 185
  1  -34.9000      193     5394        0.1      101 
-34.9 1.12517 -0.643804 4.05363 3261 0.1 101 5394 193
  2  -34.8000      150     5398        0.1      102 
-34.8 1.12534 -0.642154 4.05362 3262 0.1 102 5398 150
  3  -34.7000      191     5378        0.1      100 
-34.7 1.12551 -0.640501 4.05361 3263 0.1 100 5378 191
  4  -34.6000      144     5391        0.1      101 
-34.6 1.12567 -0.638846 4.0536 3264 0.1 101 5391 144
  5  -34.5000     2261     5399        0.1      101 
-34.5 1.12583 -0.63719 4.05359 3265 0.1 101 5399 2261
  6  -34.4000      175     5377        0.1      102 
-34.4 1.12599 -0.635531 4.05358 3266 0.1 102 5377 175
  7  -34.3000     1739     5385        0.1       99 
-34.3 1.12614 -0.633871 4.05357 3267 0.1 99 5385 1739
  8  -34.2000      155     5399        0.1      102 
-34.2 1.12629 -0.632208 4.05356 3268 0.1 102 5399 155
  9  -34.1000      169     5369        0.1      101 
-34.1 1.12644 -0.630544 4.05354 3268 0.1 101 5369 169
 10  -34.0000      167     5403        0.1      102 
-34 1.12658 -0.628877 4.05353 3269 0.1 102 5403 167
 11  -33.9000      164     5396        0.1      101 
-33.9 1.12672 -0.627209 4.05352 3270 0.1 101 5396 164
 12  -33.8000      167     5388        0.1      102 
-33.8 1.12685 -0.625538 4.05351 3271 0.1 102 5388 167
 13  -33.7000     9933     5388        0.1      102 
-33.7 1.12698 -0.623866 4.0535 3272 0.1 102 5388 9933
 14  -33.6000      168     5389        0.1      100 
-33.6 1.12711 -0.622192 4.05349 3273 0.1 100 5389 168
 15  -33.5000      188     5382        0.1      101 
-33.5 1.12724 -0.620516 4.05347 3274 0.1 101 5382 188
 16  -33.4000      181     5389        0.1      100 
-33.4 1.12736 -0.618837 4.05346 3275 0.1 100 5389 181
 17  -33.3000      158     5393        0.1      102 
-33.3 1.12748 -0.617157 4.05345 3276 0.1 102 5393 158
 18  -33.2000      190     5381        0.1       99 
-33.2 1.12759 -0.615475 4.05344 3277 0.1 99 5381 190
 19  -33.1000      181     5405        0.1      102 
-33.1 1.1277 -0.613791 4.05342 3277 0.1 102 5405 181
 20  -33.0000      168     5394        0.1      101 
-33 1.12781 -0.612105 4.05341 3278 0.1 101 5394 168
 21  -32.9000      166     5394        0.1      100 
-32.9 1.12791 -0.610418 4.0534 3279 0.1 100 5394 166
 22  -32.8000      182     5363        0.1      101 
-32.8 1.12801 -0.608728 4.05338 3280 0.1 101 5363 182
 23  -32.7000      173     5387        0.1      101 
-32.7 1.12811 -0.607036 4.05337 3281 0.1 101 5387 173
 24  -32.6000      190     5394        0.1      101 
-32.6 1.1282 -0.605343 4.05336 3282 0.1 101 5394 190
 25  -32.5000      153     5390        0.1      101 
-32.5 1.12829 -0.603648 4.05334 3283 0.1 101 5390 153
 26  -32.4000      153     5369        0.1      101 
-32.4 1.12838 -0.60195 4.05333 3284 0.1 101 5369 153
 27  -32.3000      183     5389        0.1      100 
-32.3 1.12846 -0.600251 4.05332 3284 0.1 100 5389 183
 28  -32.2000      182     5373        0.1       99 
-32.2 1.12854 -0.59855 4.0533 3285 0.1 99 5373 182
 29  -32.1000     8111     5370        0.1      102 
-32.1 1.12861 -0.596847 4.05329 3286 0.1 102 5370 8111
 30  -32.0000      191     5379        0.1       99 
-32 1.12869 -0.595142 4.05327 3287 0.1 99 5379 191
 31  -31.9000      166     5383        0.1      102 
-31.9 1.12876 -0.593436 4.05326 3288 0.1 102 5383 166
 32  -31.8000      182     5387        0.1      101 
-31.8 1.12882 -0.591727 4.05324 3289 0.1 101 5387 182
 33  -31.7000      185     5379        0.1      102 
-31.7 1.12888 -0.590017 4.05323 3290 0.1 102 5379 185
 34  -31.6000      194     5372        0.1      100 
-31.6 1.12894 -0.588305 4.05321 3291 0.1 100 5372 194
 35  -31.5000    10387     5376        0.1      101 
-31.5 1.12899 -0.586591 4.0532 3292 0.1 101 5376 10387
 36  -31.4000      169     5372        0.1      100 
-31.4 1.12905 -0.584875 4.05318 3292 0.1 100 5372 169
 37  -31.3000      183     5383        0.1       99 
-31.3 1.12909 -0.583157 4.05317 3293 0.1 99 5383 183
 38  -31.2000      169     5374        0.1      102 
-31.2 1.12914 -0.581438 4.05315 3294 0.1 102 5374 169
 39  -31.1000      163     5391        0.1       99 
-31.1 1.12918 -0.579717 4.05314 3295 0.1 99 5391 163
 40  -31.0000     2070     5394        0.1      101 
-31 1.12922 -0.577993 4.05312 3296 0.1 101 5394 2070
 41  -30.9000      174     5408        0.1      100 
-30.9 1.12925 -0.576269 4.0531 3297 0.1 100 5408 174
 42  -30.8000     2874     5370        0.1      101 
-30.8 1.12928 -0.574542 4.05309 3298 0.1 101 5370 2874
 43  -30.7000      322     5381        0.1      100 
-30.7 1.12931 -0.572813 4.05307 3299 0.1 100 5381 322
 44  -30.6000      152     5378        0.1      101 
-30.6 1.12933 -0.571083 4.05306 3300 0.1 101 5378 152
 45  -30.5000      160     5389        0.1      101 
-30.5 1.12935 -0.569351 4.05304 3301 0.1 101 5389 160
 46  -30.4000      200     5380        0.1      101 
-30.4 1.12936 -0.567617 4.05302 3301 0.1 101 5380 200
 47  -30.3000      899     5376        0.1      100 
-30.3 1.12938 -0.565881 4.05301 3302 0.1 100 5376 899
 48  -30.2000     1695     5394        0.1      101 
-30.2 1.12939 -0.564144 4.05299 3303 0.1 101 5394 1695
 49  -30.1000      171     5385        0.1      100 
-30.1 1.12939 -0.562405 4.05297 3304 0.1 100 5385 171
 50  -30.0000      965     5403        0.1      101 
-30 1.12939 -0.560664 4.05295 3305 0.1 101 5403 965
 51  -29.9000      159     5368        0.1      100 
-29.9 1.12939 -0.558921 4.05294 3306 0.1 100 5368 159
 52  -29.8000     2026     5385        0.1      100 
-29.8 1.12939 -0.557177 4.05292 3307 0.1 100 5385 2026
 53  -29.7000      172     5396        0.1      101 
-29.7 1.12938 -0.55543 4.0529 3308 0.1 101 5396 172
 54  -29.6000      180     5391        0.1      101 
-29.6 1.12937 -0.553682 4.05288 3309 0.1 101 5391 180
 55  -29.5000      807     5389        0.1      101 
-29.5 1.12935 -0.551933 4.05286 3309 0.1 101 5389 807
 56  -29.4000      628     5386        0.1      100 
-29.4 1.12933 -0.550181 4.05285 3310 0.1 100 5386 628
 57  -29.3000      171     5371        0.1      102 
-29.3 1.12931 -0.548428 4.05283 3311 0.1 102 5371 171
 58  -29.2000      153     5404        0.1      100 
-29.2 1.12928 -0.546673 4.05281 3312 0.1 100 5404 153
 59  -29.1000      163     5384        0.1      101 
-29.1 1.12925 -0.544917 4.05279 3313 0.1 101 5384 163
 60  -29.0000      161     5395        0.1      100 
-29 1.12922 -0.543158 4.05277 3314 0.1 100 5395 161
 61  -28.9000      159     5373        0.1      102 
-28.9 1.12918 -0.541398 4.05275 3315 0.1 102 5373 159
 62  -28.8000      312     5388        0.1      101 
-28.8 1.12914 -0.539637 4.05273 3316 0.1 101 5388 312
 63  -28.7000      911     5376        0.1       99 
-28.7 1.1291 -0.537873 4.05271 3317 0.1 99 5376 911
 64  -28.6000     3160     5380        0.1      101 
-28.6 1.12905 -0.536108 4.05269 3317 0.1 101 5380 3160
 65  -28.5000      177     5373        0.1      100 
-28.5 1.129 -0.534342 4.05267 3318 0.1 100 5373 177
 66  -28.4000      166     5372        0.1      101 
-28.4 1.12895 -0.532573 4.05265 3319 0.1 101 5372 166
 67  -28.3000      156     5372        0.1      100 
-28.3 1.12889 -0.530803 4.05264 3320 0.1 100 5372 156
 68  -28.2000      783     5385        0.1      101 
-28.2 1.12883 -0.529031 4.05262 3321 0.1 101 5385 783
 69  -28.1000      768     5399        0.1      100 
-28.1 1.12876 -0.527258 4.05259 3322 0.1 100 5399 768
 70  -28.0000     1454     5389        0.1       99 
-28 1.1287 -0.525483 4.05257 3323 0.1 99 5389 1454
 71  -27.9000     3860     5384        0.1      102 
-27.9 1.12862 -0.523706 4.05255 3324 0.1 102 5384 3860
 72  -27.8000      181     5364        0.1      100 
-27.8 1.12855 -0.521928 4.05253 3325 0.1 100 5364 181
 73  -27.7000      183     5371        0.1      102 
-27.7 1.12847 -0.520148 4.05251 3325 0.1 102 5371 183
 74  -27.6000      173     5385        0.1       99 
-27.6 1.12839 -0.518366 4.05249 3326 0.1 99 5385 173
 75  -27.5000      175     5383        0.1      101 
-27.5 1.1283 -0.516583 4.05247 3327 0.1 101 5383 175
 76  -27.4000      186     5380        0.1       99 
-27.4 1.12821 -0.514798 4.05245 3328 0.1 99 5380 186
 77  -27.3000      174     5375        0.1      101 
-27.3 1.12812 -0.513012 4.05243 3329 0.1 101 5375 174
 78  -27.2000      180     5394        0.1      101 
-27.2 1.12802 -0.511224 4.05241 3330 0.1 101 5394 180
 79  -27.1000      164     5371        0.1      100 
-27.1 1.12792 -0.509434 4.05238 3331 0.1 100 5371 164
 80  -27.0000      193     5378        0.1      102 
-27 1.12782 -0.507643 4.05236 3332 0.1 102 5378 193
 81  -26.9000     9872     5401        0.1      100 
-26.9 1.12771 -0.50585 4.05234 3333 0.1 100 5401 9872
 82  -26.8000      161     5368        0.1      101 
-26.8 1.1276 -0.504055 4.05232 3333 0.1 101 5368 161
 83  -26.7000      185     5368        0.1      101 
-26.7 1.12749 -0.502259 4.0523 3334 0.1 101 5368 185
 84  -26.6000      164     5386        0.1      102 
-26.6 1.12737 -0.500462 4.05227 3335 0.1 102 5386 164
 85  -26.5000      158     5366        0.1       99 
-26.5 1.12725 -0.498662 4.05225 3336 0.1 99 5366 158
 86  -26.4000      181     5383        0.1      101 
-26.4 1.12713 -0.496862 4.05223 3337 0.1 101 5383 181
 87  -26.3000      168     5381        0.1       99 
-26.3 1.127 -0.495059 4.05221 3338 0.1 99 5381 168
 88  -26.2000     1362     5376        0.1      102 
-26.2 1.12687 -0.493255 4.05218 3339 0.1 102 5376 1362
 89  -26.1000      188     5375        0.1      101 
-26.1 1.12673 -0.49145 4.05216 3340 0.1 101 5375 188
 90  -26.0000      189     5375        0.1      101 
-26 1.12659 -0.489643 4.05214 3341 0.1 101 5375 189
 91  -25.9000      176     5392        0.1      102 
-25.9 1.12645 -0.487834 4.05211 3341 0.1 102 5392 176
 92  -25.8000      186     5375        0.1      100 
-25.8 1.12631 -0.486024 4.05209 3342 0.1 100 5375 186
 93  -25.7000      176     5405        0.1      101 
-25.7 1.12616 -0.484213 4.05207 3343 0.1 101 5405 176
 94  -25.6000      190     5371        0.1      100 
-25.6 1.12601 -0.4824 4.05204 3344 0.1 100 5371 190
 95  -25.5000      189     5382        0.1      102 
-25.5 1.12585 -0.480585 4.05202 3345 0.1 102 5382 189
 96  -25.4000      256     5397        0.1      100 
-25.4 1.12569 -0.478769 4.05199 3346 0.1 100 5397 256
 97  -25.3000      174     5367        0.1      101 
-25.3 1.12553 -0.476951 4.05197 3347 0.1 101 5367 174
 98  -25.2000     3903     5372        0.1      100 
-25.2 1.12536 -0.475132 4.05195 3348 0.1 100 5372 3903
 99  -25.1000      173     5373        0.1      102 
-25.1 1.12519 -0.473311 4.05192 3349 0.1 102 5373 173
100  -25.0000      197     5383        0.1      101 
-25 1.12502 -0.471489 4.0519 3349 0.1 101 5383 197
101  -24.9000      157     5382        0.1      102 
-24.9 1.12484 -0.469666 4.05187 3350 0.1 102 5382 157
102  -24.8000      169     5363        0.1      101 
-24.8 1.12466 -0.467841 4.05185 3351 0.1 101 5363 169
103  -24.7000      163     5386        0.1      100 
-24.7 1.12448 -0.466014 4.05182 3352 0.1 100 5386 163
104  -24.6000      179     5371        0.1      102 
-24.6 1.12429 -0.464186 4.0518 3353 0.1 102 5371 179
105  -24.5000      191     5396        0.1       99 
-24.5 1.1241 -0.462357 4.05177 3354 0.1 99 5396 191
106  -24.4000      177     5380        0.1      101 
-24.4 1.12391 -0.460526 4.05174 3355 0.1 101 5380 177
107  -24.3000      197     5392        0.1      100 
-24.3 1.12371 -0.458693 4.05172 3356 0.1 100 5392 197
108  -24.2000      175     5395        0.1      102 
-24.2 1.12351 -0.456859 4.05169 3357 0.1 102 5395 175
109  -24.1000      182     5396        0.1      100 
-24.1 1.1233 -0.455024 4.05167 3357 0.1 100 5396 182
110  -24.0000      182     5397        0.1      100 
-24 1.12309 -0.453187 4.05164 3358 0.1 100 5397 182
111  -23.9000     2043     5381        0.1      102 
-23.9 1.12288 -0.451349 4.05161 3359 0.1 102 5381 2043
112  -23.8000     3946     5365        0.1      100 
-23.8 1.12267 -0.44951 4.05159 3360 0.1 100 5365 3946
113  -23.7000     9804     5362        0.1      102 
-23.7 1.12245 -0.447669 4.05156 3361 0.1 102 5362 9804
114  -23.6000     2941     5382        0.1      101 
-23.6 1.12223 -0.445826 4.05153 3362 0.1 101 5382 2941
115  -23.5000     2385     5400        0.1      101 
-23.5 1.122 -0.443983 4.05151 3363 0.1 101 5400 2385
116  -23.4000      171     5384        0.1      100 
-23.4 1.12177 -0.442137 4.05148 3364 0.1 100 5384 171
117  -23.3000     2663     5366        0.1      101 
-23.3 1.12154 -0.440291 4.05145 3365 0.1 101 5366 2663
118  -23.2000     2318     5398        0.1      101 
-23.2 1.1213 -0.438443 4.05143 3365 0.1 101 5398 2318
119  -23.1000      179     5354        0.1      101 
-23.1 1.12106 -0.436593 4.0514 3366 0.1 101 5354 179
120  -23.0000      173     5378        0.1      101 
-23 1.12082 -0.434743 4.05137 3367 0.1 101 5378 173
121  -22.9000      178     5366        0.1      100 
-22.9 1.12057 -0.432891 4.05134 3368 0.1 100 5366 178
122  -22.8000      166     5371        0.1      101 
-22.8 1.12032 -0.431037 4.05131 3369 0.1 101 5371 166
123  -22.7000      175     5365        0.1      100 
-22.7 1.12007 -0.429182 4.05129 3370 0.1 100 5365 175
124  -22.6000      159     5376        0.1      102 
-22.6 1.11981 -0.427326 4.05126 3371 0.1 102 5376 159
125  -22.5000      176     5379        0.1      101 
-22.5 1.11955 -0.425469 4.05123 3372 0.1 101 5379 176
126  -22.4000      182     5390        0.1      101 
-22.4 1.11929 -0.42361 4.0512 3373 0.1 101 5390 182
127  -22.3000      172     5373        0.1      102 
-22.3 1.11902 -0.421749 4.05117 3373 0.1 102 5373 172
128  -22.2000      167     5389        0.1      100 
-22.2 1.11875 -0.419888 4.05114 3374 0.1 100 5389 167
129  -22.1000      151     5373        0.1      102 
-22.1 1.11847 -0.418025 4.05112 3375 0.1 102 5373 151
130  -22.0000      183     5382        0.1      100 
-22 1.1182 -0.416161 4.05109 3376 0.1 100 5382 183
131  -21.9000      180     5384        0.1      101 
-21.9 1.11791 -0.414295 4.05106 3377 0.1 101 5384 180
132  -21.8000     4196     5378        0.1      101 
-21.8 1.11763 -0.412428 4.05103 3378 0.1 101 5378 4196
133  -21.7000      194     5364        0.1      101 
-21.7 1.11734 -0.41056 4.051 3379 0.1 101 5364 194
134  -21.6000      176     5362        0.1      101 
-21.6 1.11705 -0.408691 4.05097 3380 0.1 101 5362 176
135  -21.5000      173     5377        0.1      101 
-21.5 1.11675 -0.40682 4.05094 3381 0.1 101 5377 173
136  -21.4000      288     5383        0.1      102 
-21.4 1.11645 -0.404948 4.05091 3381 0.1 102 5383 288
137  -21.3000      167     5383        0.1      100 
-21.3 1.11615 -0.403075 4.05088 3382 0.1 100 5383 167
138  -21.2000      162     5364        0.1      101 
-21.2 1.11585 -0.4012 4.05085 3383 0.1 101 5364 162
139  -21.1000      195     5369        0.1      100 
-21.1 1.11554 -0.399325 4.05082 3384 0.1 100 5369 195
140  -21.0000      171     5386        0.1      101 
-21 1.11523 -0.397447 4.05079 3385 0.1 101 5386 171
141  -20.9000     1044     5378        0.1      100 
-20.9 1.11491 -0.395569 4.05076 3386 0.1 100 5378 1044
142  -20.8000      182     5360        0.1      100 
-20.8 1.11459 -0.393689 4.05073 3387 0.1 100 5360 182
143  -20.7000      162     5385        0.1      102 
-20.7 1.11427 -0.391809 4.0507 3388 0.1 102 5385 162
144  -20.6000      173     5373        0.1      101 
-20.6 1.11394 -0.389927 4.05066 3389 0.1 101 5373 173
145  -20.5000      142     5373        0.1      102 
-20.5 1.11361 -0.388043 4.05063 3389 0.1 102 5373 142
146  -20.4000      190     5373        0.1      101 
-20.4 1.11328 -0.386159 4.0506 3390 0.1 101 5373 190
147  -20.3000      165     5376        0.1      102 
-20.3 1.11294 -0.384273 4.05057 3391 0.1 102 5376 165
148  -20.2000      178     5385        0.1      100 
-20.2 1.1126 -0.382386 4.05054 3392 0.1 100 5385 178
149  -20.1000      173     5381        0.1      101 
-20.1 1.11226 -0.380498 4.05051 3393 0.1 101 5381 173
150  -20.0000      157     5392        0.1      100 
-20 1.11191 -0.378608 4.05048 3394 0.1 100 5392 157
151  -19.9000      194     5389        0.1      101 
-19.9 1.11156 -0.376718 4.05044 3395 0.1 101 5389 194
152  -19.8000      163     5388        0.1      100 
-19.8 1.1112 -0.374826 4.05041 3396 0.1 100 5388 163
153  -19.7000      178     5402        0.1      102 
-19.7 1.11085 -0.372933 4.05038 3397 0.1 102 5402 178
154  -19.6000     4683     5379        0.1       99 
-19.6 1.11048 -0.371039 4.05035 3397 0.1 99 5379 4683
155  -19.5000      182     5367        0.1      101 
-19.5 1.11012 -0.369143 4.05031 3398 0.1 101 5367 182
156  -19.4000      608     5358        0.1      101 
-19.4 1.10975 -0.367247 4.05028 3399 0.1 101 5358 608
157  -19.3000     1919     5377        0.1      100 
-19.3 1.10938 -0.365349 4.05025 3400 0.1 100 5377 1919
158  -19.2000      283     5382        0.1      102 
-19.2 1.10901 -0.36345 4.05022 3401 0.1 102 5382 283
159  -19.1000      180     5375        0.1      100 
-19.1 1.10863 -0.36155 4.05018 3402 0.1 100 5375 180
160  -19.0000      163     5371        0.1      102 
-19 1.10824 -0.359649 4.05015 3403 0.1 102 5371 163
161  -18.9000    11449     5376        0.1       99 
-18.9 1.10786 -0.357747 4.05012 3404 0.1 99 5376 11449
162  -18.8000      188     5374        0.1      101 
-18.8 1.10747 -0.355843 4.05008 3405 0.1 101 5374 188
163  -18.7000     4617     5403        0.1      100 
-18.7 1.10708 -0.353939 4.05005 3406 0.1 100 5403 4617
164  -18.6000      162     5383        0.1      101 
-18.6 1.10668 -0.352033 4.05001 3406 0.1 101 5383 162
165  -18.5000      178     5392        0.1      100 
-18.5 1.10628 -0.350126 4.04998 3407 0.1 100 5392 178
166  -18.4000      488     5370        0.1      101 
-18.4 1.10588 -0.348218 4.04995 3408 0.1 101 5370 488
167  -18.3000      192     5385        0.1      100 
-18.3 1.10548 -0.346309 4.04991 3409 0.1 100 5385 192
168  -18.2000      163     5385        0.1      101 
-18.2 1.10507 -0.344399 4.04988 3410 0.1 101 5385 163
169  -18.1000    12351     5370        0.1      100 
-18.1 1.10465 -0.342488 4.04984 3411 0.1 100 5370 12351
170  -18.0000      187     5382        0.1      101 
-18 1.10424 -0.340575 4.04981 3412 0.1 101 5382 187
171  -17.9000      175     5376        0.1      101 
-17.9 1.10382 -0.338662 4.04977 3413 0.1 101 5376 175
172  -17.8000      176     5380        0.1      100 
-17.8 1.10339 -0.336748 4.04974 3414 0.1 100 5380 176
173  -17.7000      157     5391        0.1      101 
-17.7 1.10297 -0.334832 4.0497 3414 0.1 101 5391 157
174  -17.6000      655     5395        0.1       99 
-17.6 1.10254 -0.332915 4.04967 3415 0.1 99 5395 655
175  -17.5000      163     5394        0.1      100 
-17.5 1.1021 -0.330998 4.04963 3416 0.1 100 5394 163
176  -17.4000      178     5363        0.1      101 
-17.4 1.10167 -0.329079 4.0496 3417 0.1 101 5363 178
177  -17.3000     2151     5352        0.1      102 
-17.3 1.10123 -0.327159 4.04956 3418 0.1 102 5352 2151
178  -17.2000     2989     5376        0.1      100 
-17.2 1.10078 -0.325238 4.04953 3419 0.1 100 5376 2989
179  -17.1000      160     5376        0.1      102 
-17.1 1.10034 -0.323316 4.04949 3420 0.1 102 5376 160
180  -17.0000      382     5373        0.1      101 
-17 1.09989 -0.321393 4.04945 3421 0.1 101 5373 382
181  -16.9000     2906     5350        0.1      101 
-16.9 1.09943 -0.319469 4.04942 3422 0.1 101 5350 2906
182  -16.8000     2205     5390        0.1      100 
-16.8 1.09898 -0.317544 4.04938 3423 0.1 100 5390 2205
183  -16.7000      175     5376        0.1      101 
-16.7 1.09851 -0.315619 4.04934 3423 0.1 101 5376 175
184  -16.6000     3926     5401        0.1      100 
-16.6 1.09805 -0.313692 4.04931 3424 0.1 100 5401 3926
185  -16.5000      184     5393        0.1       99 
-16.5 1.09758 -0.311764 4.04927 3425 0.1 99 5393 184
186  -16.4000      161     5383        0.1      102 
-16.4 1.09711 -0.309835 4.04923 3426 0.1 102 5383 161
187  -16.3000      171     5376        0.1      101 
-16.3 1.09664 -0.307905 4.0492 3427 0.1 101 5376 171
188  -16.2000      177     5388        0.1      102 
-16.2 1.09616 -0.305974 4.04916 3428 0.1 102 5388 177
189  -16.1000      158     5376        0.1      100 
-16.1 1.09568 -0.304042 4.04912 3429 0.1 100 5376 158
190  -16.0000      171     5388        0.1      102 
-16 1.09519 -0.302109 4.04909 3430 0.1 102 5388 171
191  -15.9000      161     5376        0.1      100 
-15.9 1.09471 -0.300175 4.04905 3431 0.1 100 5376 161
192  -15.8000      150     5373        0.1      101 
-15.8 1.09421 -0.29824 4.04901 3431 0.1 101 5373 150
193  -15.7000      171     5364        0.1      101 
-15.7 1.09372 -0.296304 4.04897 3432 0.1 101 5364 171
194  -15.6000      391     5387        0.1       99 
-15.6 1.09322 -0.294367 4.04893 3433 0.1 99 5387 391
195  -15.5000      162     5383        0.1      101 
-15.5 1.09272 -0.29243 4.0489 3434 0.1 101 5383 162
196  -15.4000     1560     5385        0.1      100 
-15.4 1.09221 -0.290491 4.04886 3435 0.1 100 5385 1560
197  -15.3000     1139     5382        0.1      102 
-15.3 1.09171 -0.288552 4.04882 3436 0.1 102 5382 1139
198  -15.2000      152     5378        0.1      101 
-15.2 1.09119 -0.286611 4.04878 3437 0.1 101 5378 152
199  -15.1000      174     5393        0.1      102 
-15.1 1.09068 -0.28467 4.04874 3438 0.1 102 5393 174
200  -15.0000      453     5381        0.1      100 
-15 1.09016 -0.282727 4.0487 3439 0.1 100 5381 453
201  -14.9000      151     5373        0.1      101 
-14.9 1.08964 -0.280784 4.04867 3439 0.1 101 5373 151
202  -14.8000     2003     5387        0.1      100 
-14.8 1.08911 -0.27884 4.04863 3440 0.1 100 5387 2003
203  -14.7000     2226     5370        0.1      102 
-14.7 1.08858 -0.276895 4.04859 3441 0.1 102 5370 2226
204  -14.6000      176     5380        0.1      100 
-14.6 1.08805 -0.274949 4.04855 3442 0.1 100 5380 176
205  -14.5000     1412     5392        0.1      102 
-14.5 1.08752 -0.273002 4.04851 3443 0.1 102 5392 1412
206  -14.4000      148     5371        0.1      100 
-14.4 1.08698 -0.271054 4.04847 3444 0.1 100 5371 148
207  -14.3000     2265     5389        0.1      102 
-14.3 1.08643 -0.269106 4.04843 3445 0.1 102 5389 2265
208  -14.2000     2057     5397        0.1      101 
-14.2 1.08589 -0.267156 4.04839 3446 0.1 101 5397 2057
209  -14.1000     5901     5403        0.1      100 
-14.1 1.08534 -0.265206 4.04835 3447 0.1 100 5403 5901
210  -14.0000     4389     5382        0.1      101 
-14 1.08479 -0.263255 4.04831 3447 0.1 101 5382 4389
211  -13.9000     1440     5361        0.1      100 
-13.9 1.08423 -0.261303 4.04827 3448 0.1 100 5361 1440
212  -13.8000      188     5378        0.1      102 
-13.8 1.08367 -0.25935 4.04823 3449 0.1 102 5378 188
213  -13.7000      174     5376        0.1      101 
-13.7 1.08311 -0.257396 4.04819 3450 0.1 101 5376 174
214  -13.6000      176     5386        0.1      102 
-13.6 1.08254 -0.255442 4.04815 3451 0.1 102 5386 176
215  -13.5000      164     5361        0.1      101 
-13.5 1.08197 -0.253487 4.04811 3452 0.1 101 5361 164
216  -13.4000      172     5380        0.1       99 
-13.4 1.0814 -0.25153 4.04806 3453 0.1 99 5380 172
217  -13.3000      174     5367        0.1      102 
-13.3 1.08083 -0.249573 4.04802 3454 0.1 102 5367 174
218  -13.2000      157     5357        0.1      101 
-13.2 1.08025 -0.247616 4.04798 3455 0.1 101 5357 157
219  -13.1000      180     5377        0.1      101 
-13.1 1.07966 -0.245657 4.04794 3455 0.1 101 5377 180
220  -13.0000      154     5385        0.1       99 
-13 1.07908 -0.243698 4.0479 3456 0.1 99 5385 154
221  -12.9000      189     5381        0.1      102 
-12.9 1.07849 -0.241738 4.04786 3457 0.1 102 5381 189
222  -12.8000      163     5381        0.1      100 
-12.8 1.0779 -0.239777 4.04782 3458 0.1 100 5381 163
223  -12.7000      189     5367        0.1      101 
-12.7 1.0773 -0.237815 4.04777 3459 0.1 101 5367 189
224  -12.6000      165     5365        0.1      101 
-12.6 1.0767 -0.235852 4.04773 3460 0.1 101 5365 165
225  -12.5000      154     5373        0.1      102 
-12.5 1.0761 -0.233889 4.04769 3461 0.1 102 5373 154
226  -12.4000      151     5379        0.1      100 
-12.4 1.07549 -0.231925 4.04765 3462 0.1 100 5379 151
Counting aborted.

Sun Dec 13 21:37:37 2020.  Scan aborted after 227 points.
#C Sun Dec 13 21:37:37 2020.  Scan aborted after 227 points.


87.FOURCC> comment 'detector or something related definitely has a problem'

Sun Dec 13 21:37:53 2020.  detector or something related definitely has a problem.
#C Sun Dec 13 21:37:53 2020.  detector or something related definitely has a problem.


88.FOURCC> comment 'will try to find 104 reflection a different way'

Sun Dec 13 21:40:10 2020.  will try to find 104 reflection a different way.
#C Sun Dec 13 21:40:10 2020.  will try to find 104 reflection a different way.


89.FOURCC> tw phi 5
Indicate direction with + (or p) or - (or n) or enter
new step size.  Type something else (or ^C) to quit.

phi = -65.000, which way (+)? 
phi = -65.000, 
phi = -64.933, 
phi = -64.833, 
phi = -64.683, 
phi = -64.583, 
phi = -64.433, 
phi = -64.333, 
phi = -64.183, 
phi = -64.083, 
phi = -63.933, 
phi = -63.833, 
phi = -63.683, 
phi = -63.583, 
phi = -63.433, 
phi = -63.333, 
phi = -63.183, 
phi = -63.083, 
phi = -62.933, 
phi = -62.833, 
phi = -62.683, 
phi = -62.583, 
phi = -62.433, 
phi = -62.333, 
phi = -62.183, 
phi = -62.083, 
phi = -61.933, 
phi = -61.833, 
phi = -61.683, 
phi = -61.583, 
phi = -61.433, 
phi = -61.333, 
phi = -61.183, 
phi = -61.083, 
phi = -60.933, 
phi = -60.783, 
phi = -60.683, 
phi = -60.533, 
phi = -60.433, 
phi = -60.283, 
phi = -60.183, 
phi = -60.033, 
phi = -59.956, 
phi = -59.981, 
phi = -60.000, 
phi = -60.000, which way (+)? -3
phi = -60.000, 
phi = -60.066, 
phi = -60.166, 
phi = -60.316, 
phi = -60.416, 
phi = -60.566, 
phi = -60.666, 
phi = -60.816, 
phi = -60.916, 
phi = -61.066, 
phi = -61.166, 
phi = -61.316, 
phi = -61.416, 
phi = -61.566, 
phi = -61.666, 
phi = -61.816, 
phi = -61.916, 
phi = -62.066, 
phi = -62.166, 
phi = -62.316, 
phi = -62.416, 
phi = -62.566, 
phi = -62.666, 
phi = -62.816, 
phi = -62.916, 
phi = -63.000, 
phi = -63.000, which way (-)? .1
phi = -63.000, 
phi = -62.935, 
phi = -62.850, 
phi = -62.900, 
phi = -62.900, which way (+)? 
phi = -62.900, 
phi = -62.838, 
phi = -62.750, 
phi = -62.800, 
phi = -62.800, which way (+)? 
phi = -62.800, 
phi = -62.740, 
phi = -62.650, 
phi = -62.700, 
phi = -62.700, which way (+)? 
phi = -62.700, 
phi = -62.636, 
phi = -62.550, 
phi = -62.600, 
phi = -62.600, which way (+)? 
phi = -62.600, 
phi = -62.532, 
phi = -62.450, 
phi = -62.500, 
phi = -62.500, which way (+)? 
phi = -62.500, 
phi = -62.439, 
phi = -62.350, 
phi = -62.400, 
phi = -62.400, which way (+)? 
phi = -62.400, 
phi = -62.334, 
phi = -62.250, 
phi = -62.300, 
phi = -62.300, which way (+)? 
phi = -62.300, 
phi = -62.234, 
phi = -62.150, 
phi = -62.200, 
phi = -62.200, which way (+)? 
phi = -62.200, 
phi = -62.175, 
phi = -62.050, 
phi = -62.100, 
phi = -62.100, which way (+)? 
phi = -62.100, 
phi = -62.038, 
phi = -61.950, 
phi = -62.000, 
phi = -62.000, which way (+)? 
phi = -62.000, 
phi = -61.936, 
phi = -61.850, 
phi = -61.900, 
phi = -61.900, which way (+)? 
phi = -61.900, 
phi = -61.837, 
phi = -61.750, 
phi = -61.800, 
phi = -61.800, which way (+)? 
phi = -61.800, 
phi = -61.736, 
phi = -61.650, 
phi = -61.700, 
phi = -61.700, which way (+)? 
phi = -61.700, 
phi = -61.635, 
phi = -61.550, 
phi = -61.600, 
phi = -61.600, which way (+)? 
phi = -61.600, 
phi = -61.534, 
phi = -61.450, 
phi = -61.500, 
phi = -61.500, which way (+)? 
phi = -61.500, 
phi = -61.439, 
phi = -61.350, 
phi = -61.400, 
phi = -61.400, which way (+)? 
phi = -61.400, 
phi = -61.338, 
phi = -61.250, 
phi = -61.300, 
phi = -61.300, which way (+)? 
phi = -61.300, 
phi = -61.233, 
phi = -61.150, 
phi = -61.200, 
phi = -61.200, which way (+)? 
phi = -61.200, 
phi = -61.135, 
phi = -61.050, 
phi = -61.100, 
phi = -61.100, which way (+)? 
phi = -61.100, 
phi = -61.035, 
phi = -60.950, 
phi = -61.000, 
phi = -61.000, which way (+)? 
phi = -61.000, 
phi = -60.937, 
phi = -60.850, 
phi = -60.900, 
phi = -60.900, which way (+)? 
phi = -60.900, 
phi = -60.840, 
phi = -60.750, 
phi = -60.800, 
phi = -60.800, which way (+)? 
phi = -60.800, 
phi = -60.740, 
phi = -60.650, 
phi = -60.700, 
phi = -60.700, which way (+)? 
phi = -60.700, 
phi = -60.632, 
phi = -60.555, 
phi = -60.600, 
phi = -60.600, which way (+)? 
phi = -60.600, 
phi = -60.534, 
phi = -60.450, 
phi = -60.500, 
phi = -60.500, which way (+)? 
phi = -60.500, 
phi = -60.439, 
phi = -60.350, 
phi = -60.400, 
phi = -60.400, which way (+)? 
phi = -60.400, 
phi = -60.338, 
phi = -60.250, 
phi = -60.300, 
phi = -60.300, which way (+)? 
phi = -60.300, 
phi = -60.236, 
phi = -60.150, 
phi = -60.200, 
phi = -60.200, which way (+)? 
phi = -60.200, 
phi = -60.140, 
phi = -60.050, 
phi = -60.100, 
phi = -60.100, which way (+)? 
phi = -60.100, 
phi = -60.035, 
phi = -59.950, 
phi = -60.000, 
phi = -60.000, which way (+)? 5
phi = -60.000, 
phi = -59.939, 
phi = -59.840, 
phi = -59.690, 
phi = -59.590, 
phi = -59.440, 
phi = -59.340, 
phi = -59.190, 
phi = -59.090, 
phi = -58.940, 
phi = -58.840, 
phi = -58.690, 
phi = -58.590, 
phi = -58.440, 
phi = -58.340, 
phi = -58.190, 
phi = -58.090, 
phi = -57.940, 
phi = -57.840, 
phi = -57.690, 
phi = -57.540, 
phi = -57.440, 
phi = -57.290, 
phi = -57.190, 
phi = -57.040, 
phi = -56.940, 
phi = -56.790, 
phi = -56.690, 
phi = -56.639, 
phi = -56.440, 
phi = -56.290, 
phi = -56.190, 
phi = -56.040, 
phi = -55.940, 
phi = -55.790, 
phi = -55.690, 
phi = -55.540, 
phi = -55.440, 
phi = -55.290, 
phi = -55.190, 
phi = -55.040, 
phi = -54.950, 
phi = -55.000, 
phi = -55.000, which way (+)? 
phi = -55.000, 
phi = -54.937, 
phi = -54.837, 
phi = -54.687, 
phi = -54.587, 
phi = -54.437, 
phi = -54.337, 
phi = -54.187, 
phi = -54.087, 
phi = -53.937, 
phi = -53.837, 
phi = -53.687, 
phi = -53.587, 
phi = -53.437, 
phi = -53.337, 
phi = -53.187, 
phi = -53.087, 
phi = -52.937, 
phi = -52.837, 
phi = -52.687, 
phi = -52.587, 
phi = -52.437, 
phi = -52.337, 
phi = -52.187, 
phi = -52.037, 
phi = -51.937, 
phi = -51.787, 
phi = -51.687, 
phi = -51.537, 
phi = -51.437, 
phi = -51.287, 
phi = -51.187, 
phi = -51.037, 
phi = -50.937, 
phi = -50.787, 
phi = -50.687, 
phi = -50.537, 
phi = -50.437, 
phi = -50.287, 
phi = -50.187, 
phi = -50.037, 
phi = -49.950, 
phi = -50.000, 
phi = -50.000, which way (+)? 
phi = -50.000, 
phi = -49.936, 
phi = -49.836, 
phi = -49.686, 
phi = -49.586, 
phi = -49.436, 
phi = -49.336, 
phi = -49.186, 
phi = -49.086, 
phi = -48.936, 
phi = -48.836, 
phi = -48.686, 
phi = -48.586, 
phi = -48.436, 
phi = -48.336, 
phi = -48.186, 
phi = -48.086, 
phi = -47.936, 
phi = -47.836, 
phi = -47.686, 
phi = -47.586, 
phi = -47.436, 
phi = -47.336, 
phi = -47.186, 
phi = -47.086, 
phi = -46.936, 
phi = -46.836, 
phi = -46.686, 
phi = -46.536, 
phi = -46.436, 
phi = -46.286, 
phi = -46.186, 
phi = -46.036, 
phi = -45.936, 
phi = -45.786, 
phi = -45.686, 
phi = -45.536, 
phi = -45.436, 
phi = -45.386, 
phi = -45.186, 
phi = -45.036, 
phi = -44.957, 
phi = -44.981, 
phi = -45.000, 
phi = -45.000, which way (+)? 
phi = -45.000, 
phi = -44.938, 
phi = -44.839, 
phi = -44.689, 
phi = -44.589, 
phi = -44.439, 
phi = -44.339, 
phi = -44.189, 
phi = -44.089, 
phi = -43.939, 
phi = -43.839, 
phi = -43.689, 
phi = -43.589, 
phi = -43.439, 
phi = -43.339, 
phi = -43.189, 
phi = -43.089, 
phi = -42.939, 
phi = -42.839, 
phi = -42.689, 
phi = -42.589, 
phi = -42.439, 
phi = -42.289, 
phi = -42.189, 
phi = -42.039, 
phi = -41.939, 
phi = -41.789, 
phi = -41.689, 
phi = -41.539, 
phi = -41.439, 
phi = -41.289, 
phi = -41.189, 
phi = -41.039, 
phi = -40.939, 
phi = -40.789, 
phi = -40.689, 
phi = -40.539, 
phi = -40.439, 
phi = -40.289, 
phi = -40.189, 
phi = -40.039, 
phi = -39.950, 
phi = -40.000, 
phi = -40.000, which way (+)? 
phi = -40.000, 
phi = -39.936, 
phi = -39.836, 
phi = -39.686, 
phi = -39.586, 
phi = -39.436, 
phi = -39.336, 
phi = -39.184, 
phi = -39.086, 
phi = -38.936, 
phi = -38.836, 
phi = -38.686, 
phi = -38.586, 
phi = -38.436, 
phi = -38.336, 
phi = -38.184, 
phi = -38.086, 
phi = -37.936, 
phi = -37.836, 
phi = -37.686, 
phi = -37.586, 
phi = -37.436, 
phi = -37.336, 
phi = -37.184, 
phi = -37.086, 
phi = -36.936, 
phi = -36.786, 
phi = -36.686, 
phi = -36.536, 
phi = -36.436, 
phi = -36.286, 
phi = -36.184, 
phi = -36.037, 
phi = -35.936, 
phi = -35.787, 
phi = -35.686, 
phi = -35.537, 
phi = -35.436, 
phi = -35.287, 
phi = -35.184, 
phi = -35.037, 
phi = -34.950, 
phi = -35.000, 
phi = -35.000, which way (+)? 
phi = -35.000, 
phi = -34.936, 
phi = -34.835, 
phi = -34.686, 
phi = -34.585, 
phi = -34.436, 
phi = -34.335, 
phi = -34.185, 
phi = -34.085, 
phi = -33.936, 
phi = -33.835, 
phi = -33.686, 
phi = -33.585, 
phi = -33.436, 
phi = -33.335, 
phi = -33.186, 
phi = -33.036, 
phi = -32.936, 
phi = -32.786, 
phi = -32.686, 
phi = -32.536, 
phi = -32.436, 
phi = -32.286, 
phi = -32.186, 
phi = -32.036, 
phi = -31.936, 
phi = -31.786, 
phi = -31.686, 
phi = -31.536, 
phi = -31.436, 
phi = -31.286, 
phi = -31.186, 
phi = -31.036, 
phi = -30.936, 
phi = -30.786, 
phi = -30.686, 
phi = -30.536, 
phi = -30.436, 
phi = -30.286, 
phi = -30.186, 
phi = -30.036, 
phi = -29.950, 
phi = -30.000, 
phi = -30.000, which way (+)? 
phi = -30.000, 
phi = -29.935, 
phi = -29.835, 
phi = -29.685, 
phi = -29.585, 
phi = -29.435, 
phi = -29.335, 
phi = -29.285, 
phi = -29.085, 
phi = -28.935, 
phi = -28.835, 
phi = -28.685, 
phi = -28.585, 
phi = -28.435, 
phi = -28.335, 
phi = -28.185, 
phi = -28.085, 
phi = -27.935, 
phi = -27.835, 
phi = -27.685, 
phi = -27.535, 
phi = -27.435, 
phi = -27.285, 
phi = -27.185, 
phi = -27.035, 
phi = -26.936, 
phi = -26.785, 
phi = -26.686, 
phi = -26.535, 
phi = -26.436, 
phi = -26.285, 
phi = -26.186, 
phi = -26.035, 
phi = -25.936, 
phi = -25.785, 
phi = -25.686, 
phi = -25.535, 
phi = -25.436, 
phi = -25.285, 
phi = -25.186, 
phi = -25.035, 
phi = -24.950, 
phi = -25.000, 
phi = -25.000, 
phi = -25.000, which way (+)? 
phi = -25.000, 
phi = -24.934, 
phi = -24.834, 
phi = -24.684, 
phi = -24.584, 
phi = -24.434, 
phi = -24.334, 
phi = -24.184, 
phi = -24.084, 
phi = -23.934, 
phi = -23.834, 
phi = -23.684, 
phi = -23.584, 
phi = -23.434, 
phi = -23.334, 
phi = -23.184, 
phi = -23.085, 
phi = -22.934, 
phi = -22.835, 
phi = -22.684, 
phi = -22.585, 
phi = -22.434, 
phi = -22.335, 
phi = -22.184, 
phi = -22.085, 
phi = -21.934, 
phi = -21.835, 
phi = -21.684, 
phi = -21.585, 
phi = -21.434, 
phi = -21.335, 
phi = -21.184, 
phi = -21.034, 
phi = -20.934, 
phi = -20.784, 
phi = -20.684, 
phi = -20.534, 
phi = -20.434, 
phi = -20.284, 
phi = -20.184, 
phi = -20.034, 
phi = -19.957, 
phi = -19.981, 
phi = -20.000, 
phi = -20.000, which way (+)? 
phi = -20.000, 
phi = -19.938, 
phi = -19.838, 
phi = -19.688, 
phi = -19.588, 
phi = -19.438, 
phi = -19.338, 
phi = -19.188, 
phi = -19.088, 
phi = -18.938, 
phi = -18.838, 
phi = -18.688, 
phi = -18.588, 
phi = -18.438, 
phi = -18.338, 
phi = -18.188, 
phi = -18.088, 
phi = -17.938, 
phi = -17.838, 
phi = -17.688, 
phi = -17.588, 
phi = -17.438, 
phi = -17.338, 
phi = -17.188, 
phi = -17.038, 
phi = -16.938, 
phi = -16.788, 
phi = -16.688, 
phi = -16.538, 
phi = -16.438, 
phi = -16.288, 
phi = -16.188, 
phi = -16.038, 
phi = -15.938, 
phi = -15.788, 
phi = -15.689, 
phi = -15.538, 
phi = -15.439, 
phi = -15.288, 
phi = -15.189, 
phi = -15.038, 
phi = -14.950, 
phi = -15.000, 
phi = -15.000, which way (+)? 
phi = -15.000, 
phi = -14.934, 
phi = -14.835, 
phi = -14.684, 
phi = -14.585, 
phi = -14.434, 
phi = -14.335, 
phi = -14.184, 
phi = -14.085, 
phi = -14.034, 
phi = -13.835, 
phi = -13.684, 
phi = -13.585, 
phi = -13.434, 
phi = -13.335, 
phi = -13.184, 
phi = -13.085, 
phi = -12.934, 
phi = -12.835, 
phi = -12.684, 
phi = -12.585, 
phi = -12.434, 
phi = -12.335, 
phi = -12.184, 
phi = -12.034, 
phi = -11.934, 
phi = -11.784, 
phi = -11.685, 
phi = -11.534, 
phi = -11.435, 
phi = -11.284, 
phi = -11.185, 
phi = -11.034, 
phi = -10.935, 
phi = -10.784, 
phi = -10.685, 
phi = -10.534, 
phi = -10.435, 
phi = -10.284, 
phi = -10.185, 
phi = -10.035, 
phi = -9.950, 
phi = -10.000, 
phi = -10.000, which way (+)? 
phi = -10.000, 
phi = -9.935, 
phi = -9.835, 
phi = -9.685, 
phi = -9.585, 
phi = -9.435, 
phi = -9.335, 
phi = -9.185, 
phi = -9.085, 
phi = -8.935, 
phi = -8.835, 
phi = -8.685, 
phi = -8.585, 
phi = -8.435, 
phi = -8.335, 
phi = -8.285, 
phi = -8.085, 
phi = -7.936, 
phi = -7.835, 
phi = -7.686, 
phi = -7.585, 
phi = -7.436, 
phi = -7.335, 
phi = -7.186, 
phi = -7.085, 
phi = -6.936, 
phi = -6.835, 
phi = -6.686, 
phi = -6.535, 
phi = -6.436, 
phi = -6.285, 
phi = -6.186, 
phi = -6.035, 
phi = -5.936, 
phi = -5.886, 
phi = -5.686, 
phi = -5.535, 
phi = -5.436, 
phi = -5.285, 
phi = -5.186, 
phi = -5.035, 
phi = -4.957, 
phi = -4.981, 
phi = -5.000, 
phi = -5.000, which way (+)? 
phi = -5.000, 
phi = -4.934, 
phi = -4.835, 
phi = -4.684, 
phi = -4.585, 
phi = -4.434, 
phi = -4.335, 
phi = -4.184, 
phi = -4.085, 
phi = -3.934, 
phi = -3.835, 
phi = -3.684, 
phi = -3.585, 
phi = -3.434, 
phi = -3.335, 
phi = -3.184, 
phi = -3.085, 
phi = -2.934, 
phi = -2.835, 
phi = -2.685, 
phi = -2.585, 
phi = -2.435, 
phi = -2.335, 
phi = -2.185, 
phi = -2.085, 
phi = -1.935, 
phi = -1.835, 
phi = -1.685, 
phi = -1.534, 
phi = -1.435, 
phi = -1.284, 
phi = -1.185, 
phi = -1.034, 
phi = -0.935, 
phi = -0.784, 
phi = -0.685, 
phi = -0.534, 
phi = -0.435, 
phi = -0.285, 
phi = -0.185, 
phi = -0.034, 
phi = 0.043, 
phi = 0.019, 
phi = 0.000, 
phi = 0.000, which way (+)? 
phi = 0.000, 
phi = 0.067, 
phi = 0.166, 
phi = 0.316, 
phi = 0.416, 
phi = 0.567, 
phi = 0.666, 
phi = 0.816, 
phi = 0.916, 
phi = 1.067, 
phi = 1.166, 
phi = 1.316, 
phi = 1.416, 
phi = 1.466, 
phi = 1.666, 
phi = 1.816, 
phi = 1.916, 
phi = 2.067, 
phi = 2.166, 
phi = 2.316, 
phi = 2.416, 
phi = 2.567, 
phi = 2.666, 
phi = 2.816, 
phi = 2.916, 
phi = 3.067, 
phi = 3.166, 
phi = 3.316, 
phi = 3.416, 
phi = 3.567, 
phi = 3.716, 
phi = 3.816, 
phi = 3.966, 
phi = 4.067, 
phi = 4.216, 
phi = 4.316, 
phi = 4.466, 
phi = 4.566, 
phi = 4.716, 
phi = 4.816, 
phi = 4.966, 
phi = 5.044, 
phi = 5.019, 
phi = 5.000, 
phi = 5.000, which way (+)? -
phi = 5.000, 
phi = 4.939, 
phi = 4.838, 
phi = 4.689, 
phi = 4.588, 
phi = 4.439, 
phi = 4.338, 
phi = 4.189, 
phi = 4.088, 
phi = 3.939, 
phi = 3.838, 
phi = 3.689, 
phi = 3.588, 
phi = 3.439, 
phi = 3.338, 
phi = 3.189, 
phi = 3.088, 
phi = 2.939, 
phi = 2.838, 
phi = 2.689, 
phi = 2.589, 
phi = 2.439, 
phi = 2.289, 
phi = 2.189, 
phi = 2.039, 
phi = 1.939, 
phi = 1.789, 
phi = 1.689, 
phi = 1.539, 
phi = 1.439, 
phi = 1.289, 
phi = 1.189, 
phi = 1.039, 
phi = 0.939, 
phi = 0.789, 
phi = 0.689, 
phi = 0.539, 
phi = 0.439, 
phi = 0.289, 
phi = 0.189, 
phi = 0.042, 
phi = 0.000, 
phi = 0.000, which way (-)? 
phi = 0.000, 
phi = -0.062, 
phi = -0.162, 
phi = -0.312, 
phi = -0.412, 
phi = -0.562, 
phi = -0.662, 
phi = -0.712, 
phi = -0.912, 
phi = -1.062, 
phi = -1.162, 
phi = -1.312, 
phi = -1.412, 
phi = -1.562, 
phi = -1.662, 
phi = -1.812, 
phi = -1.912, 
phi = -2.062, 
phi = -2.162, 
phi = -2.312, 
phi = -2.412, 
phi = -2.562, 
phi = -2.712, 
phi = -2.812, 
phi = -2.962, 
phi = -3.062, 
phi = -3.212, 
phi = -3.312, 
phi = -3.462, 
phi = -3.562, 
phi = -3.712, 
phi = -3.812, 
phi = -3.962, 
phi = -4.061, 
phi = -4.212, 
phi = -4.311, 
phi = -4.462, 
phi = -4.561, 
phi = -4.712, 
phi = -4.811, 
phi = -4.959, 
phi = -5.000, 
phi = -5.000, which way (-)? +
phi = -5.000, 
phi = -4.933, 
phi = -4.833, 
phi = -4.683, 
phi = -4.583, 
phi = -4.433, 
phi = -4.333, 
phi = -4.183, 
phi = -4.083, 
phi = -3.933, 
phi = -3.833, 
phi = -3.683, 
phi = -3.575, 
phi = -3.425, 
phi = -3.325, 
phi = -3.175, 
phi = -3.075, 
phi = -2.925, 
phi = -2.825, 
phi = -2.675, 
phi = -2.575, 
phi = -2.425, 
phi = -2.325, 
phi = -2.175, 
phi = -2.075, 
phi = -1.925, 
phi = -1.825, 
phi = -1.675, 
phi = -1.575, 
phi = -1.425, 
phi = -1.325, 
phi = -1.275, 
phi = -1.075, 
phi = -0.925, 
phi = -0.825, 
phi = -0.675, 
phi = -0.575, 
phi = -0.425, 
phi = -0.325, 
phi = -0.175, 
phi = -0.075, 
phi = 0.050, 
phi = 0.000, 
phi = 0.000, which way (+)? 
phi = 0.000, 
phi = 0.061, 
phi = 0.161, 
phi = 0.311, 
phi = 0.411, 
phi = 0.561, 
phi = 0.661, 
phi = 0.811, 
phi = 0.911, 
phi = 1.061, 
phi = 1.161, 
phi = 1.311, 
phi = 1.411, 
phi = 1.561, 
phi = 1.661, 
phi = 1.811, 
phi = 1.911, 
phi = 2.061, 
phi = 2.161, 
phi = 2.311, 
phi = 2.411, 
phi = 2.561, 
phi = 2.711, 
phi = 2.811, 
phi = 2.961, 
phi = 3.061, 
phi = 3.211, 
phi = 3.311, 
phi = 3.461, 
phi = 3.561, 
phi = 3.711, 
phi = 3.811, 
phi = 3.960, 
phi = 4.061, 
phi = 4.210, 
phi = 4.311, 
phi = 4.460, 
phi = 4.561, 
phi = 4.710, 
phi = 4.811, 
phi = 4.960, 
phi = 5.050, 
phi = 5.000, 
phi = 5.000, which way (+)? 
phi = 5.000, 
phi = 5.065, 
phi = 5.165, 
phi = 5.315, 
phi = 5.415, 
phi = 5.565, 
phi = 5.665, 
phi = 5.815, 
phi = 5.915, 
phi = 6.065, 
phi = 6.165, 
phi = 6.315, 
phi = 6.415, 
phi = 6.565, 
phi = 6.665, 
phi = 6.814, 
phi = 6.915, 
phi = 7.064, 
phi = 7.165, 
phi = 7.314, 
phi = 7.415, 
phi = 7.564, 
phi = 7.665, 
phi = 7.814, 
phi = 7.915, 
phi = 8.064, 
phi = 8.165, 
phi = 8.314, 
phi = 8.465, 
phi = 8.564, 
phi = 8.715, 
phi = 8.814, 
phi = 8.965, 
phi = 9.064, 
phi = 9.215, 
phi = 9.314, 
phi = 9.465, 
phi = 9.564, 
phi = 9.715, 
phi = 9.814, 
phi = 9.965, 
phi = 10.043, 
phi = 10.019, 
phi = 10.000, 
phi = 10.000, which way (+)? 
phi = 10.000, 
phi = 10.065, 
phi = 10.165, 
phi = 10.315, 
phi = 10.415, 
phi = 10.565, 
phi = 10.665, 
phi = 10.815, 
phi = 10.915, 
phi = 11.065, 
phi = 11.165, 
phi = 11.315, 
phi = 11.415, 
phi = 11.565, 
phi = 11.665, 
phi = 11.815, 
phi = 11.915, 
phi = 12.065, 
phi = 12.165, 
phi = 12.315, 
phi = 12.415, 
phi = 12.565, 
phi = 12.665, 
phi = 12.815, 
phi = 12.915, 
phi = 13.065, 
phi = 13.165, 
phi = 13.315, 
phi = 13.415, 
phi = 13.565, 
phi = 13.715, 
phi = 13.815, 
phi = 13.965, 
phi = 14.065, 
phi = 14.215, 
phi = 14.315, 
phi = 14.465, 
phi = 14.565, 
phi = 14.715, 
phi = 14.815, 
phi = 14.965, 
phi = 15.043, 
phi = 15.019, 
phi = 15.000, 
phi = 15.000, which way (+)? 
phi = 15.000, 
phi = 15.062, 
phi = 15.162, 
phi = 15.312, 
phi = 15.412, 
phi = 15.562, 
phi = 15.662, 
phi = 15.812, 
phi = 15.912, 
phi = 16.062, 
phi = 16.162, 
phi = 16.312, 
phi = 16.412, 
phi = 16.562, 
phi = 16.662, 
phi = 16.812, 
phi = 16.912, 
phi = 17.062, 
phi = 17.162, 
phi = 17.312, 
phi = 17.412, 
phi = 17.562, 
phi = 17.712, 
phi = 17.812, 
phi = 17.962, 
phi = 18.062, 
phi = 18.212, 
phi = 18.312, 
phi = 18.462, 
phi = 18.562, 
phi = 18.712, 
phi = 18.812, 
phi = 18.962, 
phi = 19.062, 
phi = 19.212, 
phi = 19.312, 
phi = 19.462, 
phi = 19.562, 
phi = 19.712, 
phi = 19.811, 
phi = 19.962, 
phi = 20.050, 
phi = 20.000, 
phi = 20.000, which way (+)? 
phi = 20.000, 
phi = 20.066, 
phi = 20.166, 
phi = 20.316, 
phi = 20.416, 
phi = 20.566, 
phi = 20.666, 
phi = 20.816, 
phi = 20.916, 
phi = 21.066, 
phi = 21.166, 
phi = 21.316, 
phi = 21.416, 
phi = 21.566, 
phi = 21.666, 
phi = 21.816, 
phi = 21.916, 
phi = 22.066, 
phi = 22.166, 
phi = 22.316, 
phi = 22.415, 
phi = 22.566, 
phi = 22.665, 
phi = 22.816, 
phi = 22.915, 
phi = 23.066, 
phi = 23.165, 
phi = 23.316, 
phi = 23.415, 
phi = 23.566, 
phi = 23.665, 
phi = 23.816, 
phi = 23.966, 
phi = 24.066, 
phi = 24.216, 
phi = 24.316, 
phi = 24.466, 
phi = 24.566, 
phi = 24.716, 
phi = 24.816, 
phi = 24.966, 
phi = 25.044, 
phi = 25.019, 
phi = 25.000, 
phi = 25.000, which way (+)? -
phi = 25.000, 
phi = 24.935, 
phi = 24.835, 
phi = 24.685, 
phi = 24.585, 
phi = 24.435, 
phi = 24.335, 
phi = 24.185, 
phi = 24.085, 
phi = 23.935, 
phi = 23.835, 
phi = 23.685, 
phi = 23.585, 
phi = 23.435, 
phi = 23.335, 
phi = 23.185, 
phi = 23.085, 
phi = 22.935, 
phi = 22.835, 
phi = 22.685, 
phi = 22.585, 
phi = 22.435, 
phi = 22.335, 
phi = 22.185, 
phi = 22.085, 
phi = 21.935, 
phi = 21.835, 
phi = 21.685, 
phi = 21.585, 
phi = 21.435, 
phi = 21.285, 
phi = 21.185, 
phi = 21.035, 
phi = 20.935, 
phi = 20.785, 
phi = 20.685, 
phi = 20.535, 
phi = 20.435, 
phi = 20.285, 
phi = 20.185, 
phi = 20.039, 
phi = 20.000, 
phi = 20.000, which way (-)? +
phi = 20.000, 
phi = 20.061, 
phi = 20.161, 
phi = 20.311, 
phi = 20.411, 
phi = 20.561, 
phi = 20.661, 
phi = 20.710, 
phi = 20.911, 
phi = 21.061, 
phi = 21.160, 
phi = 21.311, 
phi = 21.410, 
phi = 21.561, 
phi = 21.660, 
phi = 21.811, 
phi = 21.910, 
phi = 22.061, 
phi = 22.160, 
phi = 22.311, 
phi = 22.461, 
phi = 22.561, 
phi = 22.711, 
phi = 22.811, 
phi = 22.961, 
phi = 23.061, 
phi = 23.211, 
phi = 23.311, 
phi = 23.461, 
phi = 23.561, 
phi = 23.711, 
phi = 23.811, 
phi = 23.961, 
phi = 24.061, 
phi = 24.211, 
phi = 24.311, 
phi = 24.460, 
phi = 24.561, 
phi = 24.710, 
phi = 24.811, 
phi = 24.960, 
phi = 25.050, 
phi = 25.000, 
phi = 25.000, which way (+)? 
phi = 25.000, 
phi = 25.064, 
phi = 25.164, 
phi = 25.313, 
phi = 25.414, 
phi = 25.563, 
phi = 25.663, 
phi = 25.813, 
phi = 25.913, 
phi = 26.063, 
phi = 26.163, 
phi = 26.313, 
phi = 26.413, 
phi = 26.563, 
phi = 26.663, 
phi = 26.813, 
phi = 26.913, 
phi = 27.063, 
phi = 27.163, 
phi = 27.313, 
phi = 27.413, 
phi = 27.563, 
phi = 27.663, 
phi = 27.813, 
phi = 27.913, 
phi = 28.063, 
phi = 28.163, 
phi = 28.313, 
phi = 28.463, 
phi = 28.563, 
phi = 28.713, 
phi = 28.813, 
phi = 28.963, 
phi = 29.063, 
phi = 29.213, 
phi = 29.313, 
phi = 29.463, 
phi = 29.563, 
phi = 29.713, 
phi = 29.813, 
phi = 29.963, 
phi = 30.050, 
phi = 30.000, 
phi = 30.000, which way (+)? -1
phi = 30.000, 
phi = 29.934, 
phi = 29.834, 
phi = 29.684, 
phi = 29.584, 
phi = 29.434, 
phi = 29.334, 
phi = 29.184, 
phi = 29.084, 
phi = 29.000, 
phi = 29.000, which way (-)? .1
phi = 29.000, 
phi = 29.061, 
phi = 29.150, 
phi = 29.100, 
phi = 29.100, which way (+)? 
phi = 29.100, 
phi = 29.162, 
phi = 29.250, 
phi = 29.200, 
phi = 29.200, which way (+)? 
phi = 29.200, 
phi = 29.266, 
phi = 29.350, 
phi = 29.300, 
phi = 29.300, which way (+)? 
phi = 29.300, 
phi = 29.363, 
phi = 29.450, 
phi = 29.400, 
phi = 29.400, which way (+)? 
phi = 29.400, 
phi = 29.461, 
phi = 29.550, 
phi = 29.500, 
phi = 29.500, which way (+)? 
phi = 29.500, 
phi = 29.562, 
phi = 29.650, 
phi = 29.600, 
phi = 29.600, which way (+)? 
phi = 29.600, 
phi = 29.667, 
phi = 29.750, 
phi = 29.700, 
phi = 29.700, which way (+)? 
phi = 29.700, 
phi = 29.763, 
phi = 29.850, 
phi = 29.800, 
phi = 29.800, which way (+)? 
phi = 29.800, 
phi = 29.863, 
phi = 29.950, 
phi = 29.900, 
phi = 29.900, which way (+)? 
phi = 29.900, 
phi = 29.965, 
phi = 30.050, 
phi = 30.000, 
phi = 30.000, which way (+)? -.15
phi = 30.000, 
phi = 29.932, 
phi = 29.850, 
phi = 29.850, which way (-)? .05
phi = 29.850, 
phi = 29.910, 
phi = 29.948, 
phi = 29.900, 
phi = 29.900, which way (+)? 
phi = 29.900, 
phi = 29.962, 
phi = 29.997, 
phi = 29.950, 
phi = 29.950, which way (+)? ^D


90.FOURCC> comment 'found using web cam pointed at fluorescent screen in front of detector'

Sun Dec 13 21:53:27 2020.  found using web cam pointed at fluorescent screen in front of detector.
#C Sun Dec 13 21:53:27 2020.  found using web cam pointed at fluorescent screen in front of detector.


91.FOURCC> wh

H K L =  0.5542  0.59087  4.02
Alpha = 14.722  Beta = 13.029  Azimuth = -91.41
Omega = 0  Lambda = 1.5498

  TwoTheta      Theta        Chi        Phi 
  35.29337   17.64600   52.00000   29.95000 


92.FOURCC> comment 'fluorescent screen removed'

Sun Dec 13 21:54:50 2020.  fluorescent screen removed.
#C Sun Dec 13 21:54:50 2020.  fluorescent screen removed.


93.FOURCC> comment 'now optimize on reflection even with this detector which has'

Sun Dec 13 21:55:19 2020.  now optimize on reflection even with this detector which has.
#C Sun Dec 13 21:55:19 2020.  now optimize on reflection even with this detector which has.


94.FOURCC> comment 'problems (or maybe the power supply)'

Sun Dec 13 21:55:32 2020.  problems (or maybe the power supply).
#C Sun Dec 13 21:55:32 2020.  problems (or maybe the power supply).


95.FOURCC> dscan th -.3 .3 30 .1
Total 31 points, 3.1 seconds

#S 13  ascan  th 17.346 17.946  30 0.1
#D Sun Dec 13 21:55:53 2020
#T 0.1  (Seconds)
#G0 0 0 0 0 0 1 0 0 0 0 0 0 50 0 0.1 0 68 68 50 -1 1 1 3.13542 3.13542 0 463.6 838.8
#G1 4.785 4.785 12.991 90 90 120 1.516237713 1.516237713 0.483656786 90 90 60 0 0 6 1 0 0 41.939375 20.3653625 89.32 0 0 0 60 30 0 0 0 0 1.549802558 1.549802558 0 0
#G3 1.516130941 0.7580654706 0.005739700252 0.0001897971475 1.313122226 -0.005101256503 -0.01799264703 0.004854270058 0.4835958227
#G4 0.5542043578 0.5908722791 4.019994137 1.549802558 14.72231114 13.02895136 0 -91.4099293 0 0 0 0 0 0 0 0 -180 -170 -180 -180 -180 -180 -180 -180 -180 0
#Q 0.554204 0.590872 4.01999
#P0 35.293375 17.646 52 29.95 -0.2 6.216 1.889625 1.3323
#P1 -0.05008 -0.19984 8.08975 1.50195 -0.43655 13.7217 -47.0089 
#U_ring 98.0647 51.1389 Disable 240 2.385 0.0437919 1.83613
#U_rfsteering 871.127 2.44946 350.131 1.19128
#U_temp 79.52 0 71.85 72.11 75.4 76.91 0 988.851
#U_ID_UA 18.7573 8.22958 0 1
#U_ID_HSCU 0.109863 14.7715 22.1951 1
#U_slits 0.60009 0.190045 0.600163 0.0400488
#U_mono 8 1.5498 -19.8665 36.9719 0.0408 0.626389 3.48427
#U_BPM 13.3531 54.6953 0.266239 On
#U_C_ICgains 1 uA/V 1 uA/V 10 uA/V
#U_C_JJs 700 0.0002535 299.999 -299.997
#U_KBs -719.986 0 3000.03 -300.018 -0.001 6.04132 2520.03 560.047
#U_ATTEN1 0 0 0 0
#U_ATTEN2 0 0 0 0
#U_ALP_BET 14.7223 13.029
#N 9
#L Theta  H  K  L  Epoch  Seconds  Trig  IC_1  Btot

Scan  13   Sun Dec 13 21:55:53 2020   file = Align4Pete.spec  fourcC  user = 7idc
ascan  th 17.346 17.946  30 0.1

  #     Theta     Btot     IC_1    Seconds     Trig 
  0   17.3460      895     5347        0.1      100 
17.346 0.562679 0.582372 4.02034 4562 0.1 100 5347 895
  1   17.3660      441     5357        0.1      100 
17.366 0.562115 0.582939 4.02032 4562 0.1 100 5357 441
  2   17.3860      419     5362        0.1      101 
17.386 0.56155 0.583506 4.0203 4563 0.1 101 5362 419
  3   17.4060     2032     5344        0.1       99 
17.406 0.560985 0.584073 4.02028 4563 0.1 99 5344 2032
  4   17.4260      426     5344        0.1      102 
17.426 0.560421 0.58464 4.02026 4563 0.1 102 5344 426
  5   17.4460      394     5342        0.1      101 
17.446 0.559856 0.585207 4.02024 4564 0.1 101 5342 394
  6   17.4660      410     5356        0.1      101 
17.466 0.559291 0.585774 4.02021 4564 0.1 101 5356 410
  7   17.4860      460     5353        0.1      101 
17.486 0.558726 0.586341 4.02019 4565 0.1 101 5353 460
  8   17.5060      393     5373        0.1      101 
17.506 0.558161 0.586908 4.02017 4565 0.1 101 5373 393
  9   17.5260      387     5345        0.1      100 
17.526 0.557596 0.587474 4.02015 4565 0.1 100 5345 387
 10   17.5460      380     5351        0.1      100 
17.546 0.557031 0.588041 4.02012 4566 0.1 100 5351 380
 11   17.5660     2352     5365        0.1      100 
17.566 0.556466 0.588607 4.0201 4566 0.1 100 5365 2352
 12   17.5860      413     5352        0.1      100 
17.586 0.555901 0.589174 4.02007 4567 0.1 100 5352 413
 13   17.6060      802     5348        0.1      101 
17.606 0.555335 0.58974 4.02005 4567 0.1 101 5348 802
 14   17.6260      863     5334        0.1      101 
17.626 0.55477 0.590306 4.02002 4567 0.1 101 5334 863
 15   17.6460     7070     5358        0.1      101 
17.646 0.554204 0.590872 4.01999 4568 0.1 101 5358 7070
 16   17.6660     1267     5345        0.1      101 
17.666 0.553639 0.591438 4.01997 4568 0.1 101 5345 1267
 17   17.6860      433     5340        0.1      101 
17.686 0.553073 0.592004 4.01994 4568 0.1 101 5340 433
 18   17.7060      361     5342        0.1      102 
17.706 0.552508 0.59257 4.01991 4569 0.1 102 5342 361
 19   17.7260      432     5326        0.1      101 
17.726 0.551942 0.593136 4.01988 4569 0.1 101 5326 432
 20   17.7460      452     5344        0.1      101 
17.746 0.551376 0.593702 4.01985 4570 0.1 101 5344 452
 21   17.7660      417     5327        0.1      101 
17.766 0.55081 0.594268 4.01983 4570 0.1 101 5327 417
 22   17.7860      366     5353        0.1      100 
17.786 0.550244 0.594833 4.0198 4570 0.1 100 5353 366
 23   17.8060      443     5331        0.1      100 
17.806 0.549678 0.595399 4.01976 4571 0.1 100 5331 443
 24   17.8260     1780     5334        0.1      101 
17.826 0.549112 0.595965 4.01973 4571 0.1 101 5334 1780
 25   17.8460     3232     5363        0.1      100 
17.846 0.548546 0.59653 4.0197 4572 0.1 100 5363 3232
 26   17.8660      402     5348        0.1      100 
17.866 0.54798 0.597095 4.01967 4572 0.1 100 5348 402
 27   17.8860      368     5354        0.1      100 
17.886 0.547414 0.597661 4.01964 4572 0.1 100 5354 368
 28   17.9060      417     5352        0.1      102 
17.906 0.546847 0.598226 4.01961 4573 0.1 102 5352 417
 29   17.9260      367     5349        0.1      102 
17.926 0.546281 0.598791 4.01957 4573 0.1 102 5349 367
 30   17.9460      329     5347        0.1      101 
17.946 0.545714 0.599356 4.01954 4573 0.1 101 5347 329
#R 13 17.646 7070 0.0235737 0 17.648 29203

Returning th to 17.646


96.FOURCC> dscan th -.3 .3 30 1
Total 31 points, 31 seconds

#S 14  ascan  th 17.346 17.946  30 1
#D Sun Dec 13 21:56:16 2020
#T 1  (Seconds)
#G0 0 0 0 0 0 1 0 0 0 0 0 0 50 0 0.1 0 68 68 50 -1 1 1 3.13542 3.13542 0 463.6 838.8
#G1 4.785 4.785 12.991 90 90 120 1.516237713 1.516237713 0.483656786 90 90 60 0 0 6 1 0 0 41.939375 20.3653625 89.32 0 0 0 60 30 0 0 0 0 1.549802558 1.549802558 0 0
#G3 1.516130941 0.7580654706 0.005739700252 0.0001897971475 1.313122226 -0.005101256503 -0.01799264703 0.004854270058 0.4835958227
#G4 0.5542043578 0.5908722791 4.019994137 1.549802558 14.72231114 13.02895136 0 -91.4099293 0 0 0 0 0 0 0 0 -180 -170 -180 -180 -180 -180 -180 -180 -180 0
#Q 0.554204 0.590872 4.01999
#P0 35.293375 17.646 52 29.95 -0.2 6.216 1.889625 1.3323
#P1 -0.05008 -0.19984 8.08975 1.50195 -0.43655 13.7217 -47.0089 
#U_ring 98.0522 51.646 Disable 240 2.40134 0.0440449 1.83418
#U_rfsteering 867.142 2.43966 348.739 1.1878
#U_temp 79.52 0 71.85 72.11 75.4 76.91 0 988.878
#U_ID_UA 18.7573 8.22958 0 1
#U_ID_HSCU 0.109863 14.7715 22.1951 1
#U_slits 0.60009 0.190045 0.600163 0.0400488
#U_mono 8 1.5498 -19.8665 36.9719 0.0408 0.626389 3.48427
#U_BPM 13.367 55.9148 0.324946 On
#U_C_ICgains 1 uA/V 1 uA/V 10 uA/V
#U_C_JJs 700 0.0002535 299.999 -299.997
#U_KBs -719.986 0 3000.03 -300.018 -0.001 6.04132 2520.03 560.047
#U_ATTEN1 0 0 0 0
#U_ATTEN2 0 0 0 0
#U_ALP_BET 14.7223 13.029
#N 9
#L Theta  H  K  L  Epoch  Seconds  Trig  IC_1  Btot

Scan  14   Sun Dec 13 21:56:16 2020   file = Align4Pete.spec  fourcC  user = 7idc
ascan  th 17.346 17.946  30 1

  #     Theta     Btot     IC_1    Seconds     Trig 
  0   17.3460     4359    53530          1     1006 
17.346 0.562679 0.582372 4.02034 4586 1 1006 53530 4359
  1   17.3660     4563    53538          1     1006 
17.366 0.562115 0.582939 4.02032 4587 1 1006 53538 4563
  2   17.3860     9501    53511          1     1006 
17.386 0.56155 0.583506 4.0203 4589 1 1006 53511 9501
  3   17.4060     4486    53462          1     1007 
17.406 0.560985 0.584073 4.02028 4590 1 1007 53462 4486
  4   17.4260     4336    53529          1     1007 
17.426 0.560421 0.58464 4.02026 4591 1 1007 53529 4336
  5   17.4460    11730    53466          1     1007 
17.446 0.559856 0.585207 4.02024 4593 1 1007 53466 11730
  6   17.4660    13183    53390          1     1005 
17.466 0.559291 0.585774 4.02021 4594 1 1005 53390 13183
  7   17.4860    14640    53394          1     1007 
17.486 0.558726 0.586341 4.02019 4595 1 1007 53394 14640
  8   17.5060    10598    53460          1     1007 
17.506 0.558161 0.586908 4.02017 4596 1 1007 53460 10598
  9   17.5260    17986    53522          1     1006 
17.526 0.557596 0.587474 4.02015 4598 1 1006 53522 17986
 10   17.5460     9197    53450          1     1008 
17.546 0.557031 0.588041 4.02012 4599 1 1008 53450 9197
 11   17.5660     3985    53351          1     1006 
17.566 0.556466 0.588607 4.0201 4600 1 1006 53351 3985
 12   17.5860     4020    53447          1     1004 
17.586 0.555901 0.589174 4.02007 4601 1 1004 53447 4020
 13   17.6060     7664    53478          1     1006 
17.606 0.555335 0.58974 4.02005 4603 1 1006 53478 7664
 14   17.6260    17160    53427          1     1004 
17.626 0.55477 0.590306 4.02002 4604 1 1004 53427 17160
 15   17.6460    73617    53431          1     1005 
17.646 0.554204 0.590872 4.01999 4605 1 1005 53431 73617
 16   17.6660     8138    53465          1     1007 
17.666 0.553639 0.591438 4.01997 4607 1 1007 53465 8138
 17   17.6860     9970    53445          1     1006 
17.686 0.553073 0.592004 4.01994 4608 1 1006 53445 9970
 18   17.7060    10274    53410          1     1005 
17.706 0.552508 0.59257 4.01991 4609 1 1005 53410 10274
 19   17.7260     7345    53405          1     1006 
17.726 0.551942 0.593136 4.01988 4610 1 1006 53405 7345
 20   17.7460     4308    53471          1     1005 
17.746 0.551376 0.593702 4.01985 4612 1 1005 53471 4308
 21   17.7660    10393    53482          1     1004 
17.766 0.55081 0.594268 4.01983 4613 1 1004 53482 10393
 22   17.7860    10421    53469          1     1007 
17.786 0.550244 0.594833 4.0198 4614 1 1007 53469 10421
 23   17.8060    28325    53505          1     1007 
17.806 0.549678 0.595399 4.01976 4616 1 1007 53505 28325
 24   17.8260    12959    53550          1     1005 
17.826 0.549112 0.595965 4.01973 4617 1 1005 53550 12959
 25   17.8460     5457    53402          1     1007 
17.846 0.548546 0.59653 4.0197 4618 1 1007 53402 5457
 26   17.8660    11355    53469          1     1005 
17.866 0.54798 0.597095 4.01967 4619 1 1005 53469 11355
 27   17.8860     9975    53418          1     1005 
17.886 0.547414 0.597661 4.01964 4621 1 1005 53418 9975
 28   17.9060     6611    53419          1     1008 
17.906 0.546847 0.598226 4.01961 4622 1 1008 53419 6611
 29   17.9260    17910    53443          1     1004 
17.926 0.546281 0.598791 4.01957 4623 1 1004 53443 17910
 30   17.9460    30401    53536          1     1005 
17.946 0.545714 0.599356 4.01954 4625 1 1005 53536 30401
#R 14 17.646 73617 0.0242823 0 17.6806 394867

Returning th to 17.646


97.FOURCC> mv th CEN


98.FOURCC> dscan chi -2 2 50 .1
Total 51 points, 5.1 seconds

#S 15  ascan  chi 50 54  50 0.1
#D Sun Dec 13 21:57:27 2020
#T 0.1  (Seconds)
#G0 0 0 0 0 0 1 0 0 0 0 0 0 50 0 0.1 0 68 68 50 -1 1 1 3.13542 3.13542 0 463.6 838.8
#G1 4.785 4.785 12.991 90 90 120 1.516237713 1.516237713 0.483656786 90 90 60 0 0 6 1 0 0 41.939375 20.3653625 89.32 0 0 0 60 30 0 0 0 0 1.549802558 1.549802558 0 0
#G3 1.516130941 0.7580654706 0.005739700252 0.0001897971475 1.313122226 -0.005101256503 -0.01799264703 0.004854270058 0.4835958227
#G4 0.5542299818 0.5908466259 4.019995347 1.549802558 14.72160911 13.02965677 0 -91.40875799 0 0 0 0 0 0 0 0 -180 -170 -180 -180 -180 -180 -180 -180 -180 0
#Q 0.55423 0.590847 4.02
#P0 35.293375 17.645094 52 29.95 -0.2 6.216 1.889625 1.3323
#P1 -0.05008 -0.19984 8.08975 1.50195 -0.43655 13.7217 -47.0089 
#U_ring 98.0133 51.294 Disable 240 2.40502 0.0440618 1.83208
#U_rfsteering 870.284 2.44745 348.998 1.1884
#U_temp 79.52 0 71.85 72.11 75.4 76.91 0 988.96
#U_ID_UA 18.7573 8.22958 0 1
#U_ID_HSCU 0.109863 14.7715 22.1951 1
#U_slits 0.60009 0.190045 0.600163 0.0400488
#U_mono 8 1.5498 -19.8665 36.9719 0.0408 0.626389 3.48217
#U_BPM 13.3202 55.4628 -1.23415 On
#U_C_ICgains 1 uA/V 1 uA/V 10 uA/V
#U_C_JJs 700 0.0002535 299.999 -299.997
#U_KBs -719.986 0 3000.03 -300.018 -0.001 6.04132 2520.03 560.047
#U_ATTEN1 0 0 0 0
#U_ATTEN2 0 0 0 0
#U_ALP_BET 14.7216 13.0297
#N 9
#L Chi  H  K  L  Epoch  Seconds  Trig  IC_1  Btot

Scan  15   Sun Dec 13 21:57:27 2020   file = Align4Pete.spec  fourcC  user = 7idc
ascan  chi 50 54  50 0.1

  #       Chi     Btot     IC_1    Seconds     Trig 
  0   50.0000   232060     5353        0.1      101 
50 0.580298 0.615762 3.90906 4654 0.1 101 5353 232060
  1   50.0775   308795     5324        0.1      101 
50.0775 0.5793 0.61481 3.91345 4654 0.1 101 5324 308795
  2   50.1600   379575     5351        0.1      101 
50.16 0.578238 0.613796 3.91812 4654 0.1 101 5351 379575
  3   50.2425   497432     5346        0.1      101 
50.2425 0.577174 0.61278 3.92277 4655 0.1 101 5346 497432
  4   50.3175   602238     5334        0.1      101 
50.3175 0.576206 0.611856 3.927 4655 0.1 101 5334 602238
  5   50.4025   487288     5345        0.1      101 
50.4025 0.575107 0.610807 3.93178 4655 0.1 101 5345 487288
  6   50.4775    97832     5349        0.1      102 
50.4775 0.574137 0.609881 3.93599 4656 0.1 102 5349 97832
  7   50.5625   106468     5349        0.1      101 
50.5625 0.573036 0.608829 3.94075 4656 0.1 101 5349 106468
  8   50.6375   214739     5332        0.1      101 
50.6375 0.572064 0.6079 3.94495 4656 0.1 101 5332 214739
  9   50.7225   230114     5348        0.1      102 
50.7225 0.570961 0.606846 3.9497 4657 0.1 102 5348 230114
 10   50.7975   221937     5331        0.1      100 
50.7975 0.569986 0.605915 3.95388 4657 0.1 100 5331 221937
 11   50.8800   178211     5339        0.1       99 
50.88 0.568913 0.60489 3.95847 4657 0.1 99 5339 178211
 12   50.9600   168312     5355        0.1      102 
50.96 0.567871 0.603894 3.96291 4658 0.1 102 5355 168312
 13   51.0425   160560     5339        0.1      100 
51.0425 0.566796 0.602867 3.96749 4658 0.1 100 5339 160560
 14   51.1175   255607     5344        0.1       99 
51.1175 0.565817 0.601931 3.97164 4658 0.1 99 5344 255607
 15   51.2000   271435     5345        0.1      102 
51.2 0.56474 0.600901 3.9762 4659 0.1 102 5345 271435
 16   51.2800   186571     5346        0.1      100 
51.28 0.563694 0.599901 3.98062 4659 0.1 100 5346 186571
 17   51.3600   270432     5337        0.1      100 
51.36 0.562647 0.598899 3.98502 4659 0.1 100 5337 270432
 18   51.4425   567371     5360        0.1      101 
51.4425 0.561566 0.597866 3.98956 4660 0.1 101 5360 567371
 19   51.5175   488185     5347        0.1      100 
51.5175 0.560582 0.596925 3.99368 4660 0.1 100 5347 488185
 20   51.6025   280376     5359        0.1       99 
51.6025 0.559466 0.595857 3.99833 4660 0.1 99 5359 280376
 21   51.6775   112277     5365        0.1      102 
51.6775 0.55848 0.594914 4.00244 4661 0.1 102 5365 112277
 22   51.7600    29772     5356        0.1       99 
51.76 0.557394 0.593875 4.00694 4661 0.1 99 5356 29772
 23   51.8400     8863     5348        0.1       99 
51.84 0.556341 0.592867 4.0113 4661 0.1 99 5348 8863
 24   51.9200     7743     5335        0.1      102 
51.92 0.555286 0.591857 4.01565 4662 0.1 102 5335 7743
 25   52.0025     6866     5341        0.1       99 
52.0025 0.554197 0.590815 4.02013 4662 0.1 99 5341 6866
 26   52.0775     6873     5335        0.1      100 
52.0775 0.553206 0.589866 4.0242 4662 0.1 100 5335 6873
 27   52.1600     8758     5338        0.1      102 
52.16 0.552115 0.588822 4.02866 4663 0.1 102 5338 8758
 28   52.2400     8037     5340        0.1      101 
52.24 0.551056 0.587808 4.03298 4663 0.1 101 5340 8037
 29   52.3200    10453     5345        0.1      100 
52.32 0.549996 0.586793 4.03729 4663 0.1 100 5345 10453
 30   52.4000     3318     5334        0.1      102 
52.4 0.548934 0.585776 4.0416 4664 0.1 102 5334 3318
 31   52.4825     5834     5365        0.1      101 
52.4825 0.547839 0.584727 4.04603 4664 0.1 101 5365 5834
 32   52.5575      758     5351        0.1      100 
52.5575 0.546842 0.583772 4.05005 4664 0.1 100 5351 758
 33   52.6425      563     5339        0.1      102 
52.6425 0.545711 0.582688 4.0546 4665 0.1 102 5339 563
 34   52.7175      521     5359        0.1      101 
52.7175 0.544712 0.581731 4.0586 4665 0.1 101 5359 521
 35   52.8000      372     5355        0.1       99 
52.8 0.543612 0.580677 4.063 4665 0.1 99 5355 372
 36   52.8800      302     5342        0.1      101 
52.88 0.542544 0.579654 4.06726 4666 0.1 101 5342 302
 37   52.9600      289     5342        0.1      101 
52.96 0.541476 0.57863 4.07151 4666 0.1 101 5342 289
 38   53.0400      317     5342        0.1      100 
53.04 0.540406 0.577604 4.07575 4666 0.1 100 5342 317
 39   53.1200      237     5323        0.1      102 
53.12 0.539335 0.576578 4.07999 4667 0.1 102 5323 237
 40   53.2000      217     5341        0.1      101 
53.2 0.538263 0.57555 4.08421 4667 0.1 101 5341 217
 41   53.2800      231     5336        0.1       99 
53.28 0.53719 0.574521 4.08843 4667 0.1 99 5336 231
 42   53.3600      230     5334        0.1      102 
53.36 0.536116 0.573491 4.09264 4668 0.1 102 5334 230
 43   53.4400      239     5344        0.1      101 
53.44 0.535041 0.57246 4.09684 4668 0.1 101 5344 239
 44   53.5200      217     5351        0.1      100 
53.52 0.533965 0.571428 4.10103 4668 0.1 100 5351 217
 45   53.6025      175     5349        0.1      100 
53.6025 0.532855 0.570362 4.10535 4669 0.1 100 5349 175
 46   53.6775      229     5345        0.1      101 
53.6775 0.531844 0.569392 4.10927 4669 0.1 101 5345 229
 47   53.7600      206     5355        0.1       99 
53.76 0.530731 0.568324 4.11357 4669 0.1 99 5355 206
 48   53.8400      187     5335        0.1      100 
53.84 0.529651 0.567288 4.11773 4670 0.1 100 5335 187
 49   53.9200      196     5343        0.1      102 
53.92 0.528569 0.56625 4.12188 4670 0.1 102 5343 196
 50   54.0000      207     5332        0.1      101 
54 0.527487 0.565211 4.12603 4670 0.1 101 5332 207
#R 15 50.32 602238 0.366244 0 50.8244 6.42002e+06

Returning chi to 52


99.FOURCC> filters2 1 1 0 0


100.FOURCC> dscan chi -4 0 50 .1
Chi will hit low limit at 84.87 (dial).

Returning chi to 52.0025



101.FOURCC> dscan chi -3 0 50 .1
Chi will hit low limit at 84.87 (dial).

Returning chi to 52.0025



102.FOURCC> dscan chi -2.5 0 50 .1
Chi will hit low limit at 84.87 (dial).

Returning chi to 52.0025



103.FOURCC> dscan chi -3.5 0 50 .1
Total 51 points, 5.1 seconds

#S 16  ascan  chi 48.5025 52.0025  50 0.1
#D Sun Dec 13 21:58:37 2020
#T 0.1  (Seconds)
#G0 0 0 0 0 0 1 0 0 0 0 0 0 50 0 0.1 0 68 68 50 -1 1 1 3.13542 3.13542 0 463.6 838.8
#G1 4.785 4.785 12.991 90 90 120 1.516237713 1.516237713 0.483656786 90 90 60 0 0 6 1 0 0 41.939375 20.3653625 89.32 0 0 0 60 30 0 0 0 0 1.549802558 1.549802558 0 0
#G3 1.516130941 0.7580654706 0.005739700252 0.0001897971475 1.313122226 -0.005101256503 -0.01799264703 0.004854270058 0.4835958227
#G4 0.5541969681 0.5908150246 4.020130973 1.549802558 14.72208833 13.03013258 0 -91.40883739 0 0 0 0 0 0 0 0 -180 -170 -180 -180 -180 -180 -180 -180 -180 0
#Q 0.554197 0.590815 4.02013
#P0 35.293375 17.645094 52.0025 29.95 -0.2 6.216 1.889625 1.3323
#P1 -0.05008 -0.19984 8.08975 1.50195 -0.43655 13.7217 -47.0089 
#U_ring 97.9757 51.3724 Disable 240 2.3984 0.0438963 1.83023
#U_rfsteering 868.27 2.44245 347.12 1.1837
#U_temp 79.52 0 71.85 72.11 75.4 76.91 0 988.952
#U_ID_UA 18.7573 8.22958 0 1
#U_ID_HSCU 0 14.7716 20 1
#U_slits 0.60009 0.190045 0.600163 0.0400488
#U_mono 8 1.5498 -19.8665 36.9719 0.0408 0.626389 3.48217
#U_BPM 13.3408 56.3246 1.02843 On
#U_C_ICgains 1 uA/V 1 uA/V 10 uA/V
#U_C_JJs 700 0.0002535 299.999 -299.997
#U_KBs -719.986 0 3000.03 -300.018 -0.001 6.04132 2520.03 560.047
#U_ATTEN1 0 0 0 0
#U_ATTEN2 1 1 0 0
#U_ALP_BET 14.7221 13.0301
#N 9
#L Chi  H  K  L  Epoch  Seconds  Trig  IC_1  Btot

Scan  16   Sun Dec 13 21:58:37 2020   file = Align4Pete.spec  fourcC  user = 7idc
ascan  chi 48.5025 52.0025  50 0.1

  #       Chi     Btot     IC_1    Seconds     Trig 
  0   48.5025        5       84        0.1      101 
48.5025 0.599355 0.633928 3.82288 4725 0.1 101 84 5
  1   48.5725        4       84        0.1      100 
48.5725 0.598473 0.633088 3.82697 4725 0.1 100 84 4
  2   48.6425        4       83        0.1      101 
48.6425 0.59759 0.632248 3.83105 4725 0.1 101 83 4
  3   48.7125        2       84        0.1      100 
48.7125 0.596707 0.631406 3.83512 4726 0.1 100 84 2
  4   48.7800        3       84        0.1      100 
48.78 0.595854 0.630594 3.83905 4726 0.1 100 84 3
  5   48.8525        4       84        0.1      102 
48.8525 0.594937 0.629721 3.84326 4726 0.1 102 84 4
  6   48.9225        5       84        0.1      101 
48.9225 0.59405 0.628876 3.84732 4727 0.1 101 84 5
  7   48.9925        4       84        0.1      101 
48.9925 0.593163 0.628031 3.85137 4727 0.1 101 84 4
  8   49.0625        5       85        0.1      101 
49.0625 0.592275 0.627185 3.85542 4727 0.1 101 85 5
  9   49.1325        3       84        0.1      100 
49.1325 0.591386 0.626338 3.85946 4728 0.1 100 84 3
 10   49.2025        6       84        0.1      102 
49.2025 0.590497 0.62549 3.8635 4728 0.1 102 84 6
 11   49.2725        7       85        0.1      100 
49.2725 0.589606 0.624641 3.86753 4728 0.1 100 85 7
 12   49.3425        7       84        0.1      102 
49.3425 0.588714 0.623791 3.87155 4729 0.1 102 84 7
 13   49.4125        5       84        0.1      102 
49.4125 0.587822 0.62294 3.87557 4729 0.1 102 84 5
 14   49.4825        8       84        0.1      100 
49.4825 0.586929 0.622088 3.87958 4729 0.1 100 84 8
 15   49.5525        9       84        0.1      102 
49.5525 0.586035 0.621235 3.88359 4730 0.1 102 84 9
 16   49.6225       15       84        0.1      100 
49.6225 0.585139 0.620382 3.88759 4730 0.1 100 84 15
 17   49.6925       14       84        0.1      102 
49.6925 0.584244 0.619527 3.89158 4730 0.1 102 84 14
 18   49.7625       49       84        0.1      100 
49.7625 0.583347 0.618672 3.89557 4731 0.1 100 84 49
 19   49.8325       45       85        0.1      100 
49.8325 0.582449 0.617815 3.89956 4731 0.1 100 85 45
 20   49.9025      109       84        0.1      102 
49.9025 0.581551 0.616958 3.90353 4731 0.1 102 84 109
 21   49.9725     1324       84        0.1      101 
49.9725 0.580651 0.6161 3.90751 4732 0.1 101 84 1324
 22   50.0425     4678       84        0.1      102 
50.0425 0.579751 0.61524 3.91147 4732 0.1 102 84 4678
 23   50.1125     6166       84        0.1      101 
50.1125 0.57885 0.61438 3.91543 4732 0.1 101 84 6166
 24   50.1825     7648       84        0.1      101 
50.1825 0.577948 0.613519 3.91939 4732 0.1 101 84 7648
 25   50.2525    11497       84        0.1      101 
50.2525 0.577045 0.612657 3.92334 4733 0.1 101 84 11497
 26   50.3225    18935       85        0.1      101 
50.3225 0.576141 0.611794 3.92728 4733 0.1 101 85 18935
 27   50.3925   106459       85        0.1      102 
50.3925 0.575237 0.610931 3.93121 4733 0.1 102 85 106459
 28   50.4625   573384       85        0.1      100 
50.4625 0.574331 0.610066 3.93515 4734 0.1 100 85 573384
 29   50.5325   633619       85        0.1      101 
50.5325 0.573425 0.6092 3.93907 4734 0.1 101 85 633619
 30   50.6025   572291       85        0.1      100 
50.6025 0.572518 0.608334 3.94299 4734 0.1 100 85 572291
 31   50.6725   520108       84        0.1       99 
50.6725 0.57161 0.607467 3.9469 4735 0.1 99 84 520108
 32   50.7425   478342       85        0.1      101 
50.7425 0.570701 0.606598 3.95081 4735 0.1 101 85 478342
 33   50.8125   431576       84        0.1       99 
50.8125 0.569791 0.605729 3.95471 4735 0.1 99 84 431576
 34   50.8825   382363       85        0.1      102 
50.8825 0.568881 0.604859 3.95861 4736 0.1 102 85 382363
 35   50.9525   363517       84        0.1      101 
50.9525 0.567969 0.603988 3.9625 4736 0.1 101 84 363517
 36   51.0225   368844       84        0.1      101 
51.0225 0.567057 0.603116 3.96638 4736 0.1 101 84 368844
 37   51.0925   350971       86        0.1      101 
51.0925 0.566144 0.602243 3.97026 4737 0.1 101 86 350971
 38   51.1625   345242       85        0.1      101 
51.1625 0.56523 0.601369 3.97413 4737 0.1 101 85 345242
 39   51.2325   340153       85        0.1      101 
51.2325 0.564315 0.600495 3.978 4737 0.1 101 85 340153
 40   51.3025   339093       84        0.1       99 
51.3025 0.563399 0.599619 3.98186 4738 0.1 99 84 339093
 41   51.3725   308711       84        0.1      102 
51.3725 0.562483 0.598743 3.98571 4738 0.1 102 84 308711
 42   51.4425   104449       84        0.1       99 
51.4425 0.561566 0.597866 3.98956 4738 0.1 99 84 104449
 43   51.5125    11319       84        0.1      102 
51.5125 0.560647 0.596987 3.9934 4738 0.1 102 84 11319
 44   51.5825     5790       84        0.1      101 
51.5825 0.559728 0.596108 3.99724 4739 0.1 101 84 5790
 45   51.6525     2440       84        0.1      101 
51.6525 0.558809 0.595228 4.00107 4739 0.1 101 84 2440
 46   51.7225      715       84        0.1      101 
51.7225 0.557888 0.594347 4.00489 4739 0.1 101 84 715
 47   51.7925      193       85        0.1      100 
51.7925 0.556966 0.593466 4.00871 4740 0.1 100 85 193
 48   51.8625       84       85        0.1      101 
51.8625 0.556044 0.592583 4.01252 4740 0.1 101 85 84
 49   51.9325       73       84        0.1      100 
51.9325 0.555121 0.591699 4.01633 4740 0.1 100 84 73
 50   52.0025       73       84        0.1      101 
52.0025 0.554197 0.590815 4.02013 4741 0.1 101 84 73
#R 16 50.5325 633619 0.929806 0 50.8536 6.29037e+06

Returning chi to 52.0025


104.FOURCC> umv chi CEN

      Chi 
  52.0025 
  52.0025 
  51.4900 
  51.3400 
  50.9200 
  50.8925 
  50.8925 



105.FOURCC> filters2 1 0 1 0


106.FOURCC> dscan th -.3 .3 60 .1
Total 61 points, 6.1 seconds

#S 17  ascan  th 17.3451 17.9451  60 0.1
#D Sun Dec 13 21:59:34 2020
#T 0.1  (Seconds)
#G0 0 0 0 0 0 1 0 0 0 0 0 0 50 0 0.1 0 68 68 50 -1 1 1 3.13542 3.13542 0 463.6 838.8
#G1 4.785 4.785 12.991 90 90 120 1.516237713 1.516237713 0.483656786 90 90 60 0 0 6 1 0 0 41.939375 20.3653625 89.32 0 0 0 60 30 0 0 0 0 1.549802558 1.549802558 0 0
#G3 1.516130941 0.7580654706 0.005739700252 0.0001897971475 1.313122226 -0.005101256503 -0.01799264703 0.004854270058 0.4835958227
#G4 0.5687503902 0.6047344983 3.959164093 1.549802558 14.50677727 12.816336 0 -91.37469675 0 0 0 0 0 0 0 0 -180 -170 -180 -180 -180 -180 -180 -180 -180 0
#Q 0.56875 0.604734 3.95916
#P0 35.293375 17.645094 50.8925 29.95 -0.2 6.216 1.889625 1.3323
#P1 -0.05008 -0.19984 8.08975 1.50195 -0.43655 13.7217 -47.0089 
#U_ring 97.945 50.1364 Disable 240 2.39142 0.0437768 1.83058
#U_rfsteering 870.225 2.44737 349.745 1.19026
#U_temp 79.52 0 71.85 72.11 75.4 76.91 0 988.863
#U_ID_UA 18.7573 8.22958 0 1
#U_ID_HSCU 0.109863 14.7715 22.1951 1
#U_slits 0.60009 0.190045 0.600163 0.0400488
#U_mono 8 1.5498 -19.8665 36.9719 0.0408 0.626389 3.48217
#U_BPM 13.3053 57.5785 0.423774 On
#U_C_ICgains 1 uA/V 1 uA/V 10 uA/V
#U_C_JJs 700 0.0002535 299.999 -299.997
#U_KBs -719.986 0 3000.03 -300.018 -0.001 6.04132 2520.03 560.047
#U_ATTEN1 0 0 0 0
#U_ATTEN2 1 0 1 0
#U_ALP_BET 14.5068 12.8163
#N 9
#L Theta  H  K  L  Epoch  Seconds  Trig  IC_1  Btot

Scan  17   Sun Dec 13 21:59:34 2020   file = Align4Pete.spec  fourcC  user = 7idc
ascan  th 17.3451 17.9451  60 0.1

  #     Theta     Btot     IC_1    Seconds     Trig 
  0   17.3451        3       13        0.1      101 
17.345094 0.577225 0.596234 3.95951 4783 0.1 101 13 3
  1   17.3551        1       15        0.1       99 
17.355094 0.576943 0.596518 3.9595 4783 0.1 99 15 1
  2   17.3651        2       14        0.1      101 
17.365094 0.57666 0.596801 3.95949 4784 0.1 101 14 2
  3   17.3751        5       13        0.1       99 
17.375094 0.576378 0.597085 3.95948 4784 0.1 99 13 5
  4   17.3851        5       13        0.1      102 
17.385094 0.576096 0.597368 3.95947 4784 0.1 102 13 5
  5   17.3951        4       14        0.1      100 
17.395094 0.575814 0.597652 3.95946 4785 0.1 100 14 4
  6   17.4051        4       13        0.1      102 
17.405094 0.575531 0.597936 3.95945 4785 0.1 102 13 4
  7   17.4151        2       13        0.1       99 
17.415094 0.575249 0.598219 3.95944 4785 0.1 99 13 2
  8   17.4251        2       13        0.1      101 
17.425094 0.574967 0.598502 3.95943 4785 0.1 101 13 2
  9   17.4351       12       14        0.1       99 
17.435094 0.574684 0.598786 3.95942 4786 0.1 99 14 12
 10   17.4451        6       14        0.1      101 
17.445094 0.574402 0.599069 3.95941 4786 0.1 101 14 6
 11   17.4551        4       14        0.1      101 
17.455094 0.574119 0.599353 3.9594 4786 0.1 101 14 4
 12   17.4651        4       13        0.1      101 
17.465094 0.573837 0.599636 3.95938 4787 0.1 101 13 4
 13   17.4751        9       13        0.1      100 
17.475094 0.573555 0.59992 3.95937 4787 0.1 100 13 9
 14   17.4851       15       13        0.1      101 
17.485094 0.573272 0.600203 3.95936 4787 0.1 101 13 15
 15   17.4951        8       13        0.1      100 
17.495094 0.57299 0.600486 3.95935 4788 0.1 100 13 8
 16   17.5051       11       13        0.1      102 
17.505094 0.572707 0.60077 3.95934 4788 0.1 102 13 11
 17   17.5151        6       13        0.1      100 
17.515094 0.572425 0.601053 3.95933 4788 0.1 100 13 6
 18   17.5251       14       13        0.1      101 
17.525094 0.572142 0.601336 3.95932 4788 0.1 101 13 14
 19   17.5351       16       14        0.1      100 
17.535094 0.57186 0.60162 3.9593 4789 0.1 100 14 16
 20   17.5451       25       13        0.1      101 
17.545094 0.571577 0.601903 3.95929 4789 0.1 101 13 25
 21   17.5551       31       14        0.1      100 
17.555094 0.571294 0.602186 3.95928 4789 0.1 100 14 31
 22   17.5651       44       13        0.1      101 
17.565094 0.571012 0.602469 3.95927 4790 0.1 101 13 44
 23   17.5751       40       13        0.1       99 
17.575094 0.570729 0.602753 3.95925 4790 0.1 99 13 40
 24   17.5851       74       13        0.1      102 
17.585094 0.570447 0.603036 3.95924 4790 0.1 102 13 74
 25   17.5951      102       13        0.1      101 
17.595094 0.570164 0.603319 3.95923 4791 0.1 101 13 102
 26   17.6051      159       13        0.1      101 
17.605094 0.569881 0.603602 3.95922 4791 0.1 101 13 159
 27   17.6151      363       13        0.1      101 
17.615094 0.569599 0.603885 3.9592 4791 0.1 101 13 363
 28   17.6251     1180       13        0.1      102 
17.625094 0.569316 0.604168 3.95919 4791 0.1 102 13 1180
 29   17.6351    12212       14        0.1      100 
17.635094 0.569033 0.604451 3.95918 4792 0.1 100 14 12212
 30   17.6451    55199       14        0.1      101 
17.645094 0.56875 0.604734 3.95916 4792 0.1 101 14 55199
 31   17.6551     1848       14        0.1      100 
17.655094 0.568468 0.605018 3.95915 4792 0.1 100 14 1848
 32   17.6651      499       14        0.1      101 
17.665094 0.568185 0.605301 3.95914 4793 0.1 101 14 499
 33   17.6751      212       13        0.1      101 
17.675094 0.567902 0.605584 3.95912 4793 0.1 101 13 212
 34   17.6851      113       13        0.1      101 
17.685094 0.567619 0.605867 3.95911 4793 0.1 101 13 113
 35   17.6951       66       13        0.1       99 
17.695094 0.567336 0.60615 3.9591 4794 0.1 99 13 66
 36   17.7051       41       13        0.1      102 
17.705094 0.567054 0.606433 3.95908 4794 0.1 102 13 41
 37   17.7151       26       13        0.1      100 
17.715094 0.566771 0.606716 3.95907 4794 0.1 100 13 26
 38   17.7251       31       14        0.1      102 
17.725094 0.566488 0.606998 3.95905 4794 0.1 102 14 31
 39   17.7351       15       13        0.1      100 
17.735094 0.566205 0.607281 3.95904 4795 0.1 100 13 15
 40   17.7451        8       14        0.1      101 
17.745094 0.565922 0.607564 3.95902 4795 0.1 101 14 8
 41   17.7551       11       13        0.1       99 
17.755094 0.565639 0.607847 3.95901 4795 0.1 99 13 11
 42   17.7651      426       14        0.1      102 
17.765094 0.565356 0.60813 3.959 4796 0.1 102 14 426
 43   17.7751        2       13        0.1       99 
17.775094 0.565073 0.608413 3.95898 4796 0.1 99 13 2
 44   17.7851        6       13        0.1      101 
17.785094 0.56479 0.608696 3.95897 4796 0.1 101 13 6
 45   17.7951        6       13        0.1      101 
17.795094 0.564507 0.608978 3.95895 4797 0.1 101 13 6
 46   17.8051        2       13        0.1      100 
17.805094 0.564224 0.609261 3.95894 4797 0.1 100 13 2
 47   17.8151        2       13        0.1      101 
17.815094 0.563941 0.609544 3.95892 4797 0.1 101 13 2
 48   17.8251        6       13        0.1       99 
17.825094 0.563658 0.609827 3.9589 4797 0.1 99 13 6
 49   17.8351        5       13        0.1      101 
17.835094 0.563375 0.61011 3.95889 4798 0.1 101 13 5
 50   17.8451        6       14        0.1       99 
17.845094 0.563092 0.610392 3.95887 4798 0.1 99 14 6
 51   17.8551        4       13        0.1      100 
17.855094 0.562809 0.610675 3.95886 4798 0.1 100 13 4
 52   17.8651        1       13        0.1      100 
17.865094 0.562526 0.610958 3.95884 4799 0.1 100 13 1
 53   17.8751        8       13        0.1      101 
17.875094 0.562243 0.61124 3.95883 4799 0.1 101 13 8
 54   17.8851        1       13        0.1       99 
17.885094 0.561959 0.611523 3.95881 4799 0.1 99 13 1
 55   17.8951        2       13        0.1      102 
17.895094 0.561676 0.611805 3.95879 4800 0.1 102 13 2
 56   17.9051        2       13        0.1       99 
17.905094 0.561393 0.612088 3.95878 4800 0.1 99 13 2
 57   17.9151        1       13        0.1      101 
17.915094 0.56111 0.612371 3.95876 4800 0.1 101 13 1
 58   17.9251        4       13        0.1       99 
17.925094 0.560827 0.612653 3.95874 4800 0.1 99 13 4
 59   17.9351        3       13        0.1      101 
17.935094 0.560543 0.612936 3.95873 4801 0.1 101 13 3
 60   17.9451        4       14        0.1       99 
17.945094 0.56026 0.613218 3.95871 4801 0.1 99 14 4
#R 17 17.6451 55199 0.0115936 0 17.6438 72923

Returning th to 17.6451


107.FOURCC> dscan th -.03 .03 60 .1
Total 61 points, 6.1 seconds

#S 18  ascan  th 17.6151 17.6751  60 0.1
#D Sun Dec 13 22:00:08 2020
#T 0.1  (Seconds)
#G0 0 0 0 0 0 1 0 0 0 0 0 0 50 0 0.1 0 68 68 50 -1 1 1 3.13542 3.13542 0 463.6 838.8
#G1 4.785 4.785 12.991 90 90 120 1.516237713 1.516237713 0.483656786 90 90 60 0 0 6 1 0 0 41.939375 20.3653625 89.32 0 0 0 60 30 0 0 0 0 1.549802558 1.549802558 0 0
#G3 1.516130941 0.7580654706 0.005739700252 0.0001897971475 1.313122226 -0.005101256503 -0.01799264703 0.004854270058 0.4835958227
#G4 0.5687495066 0.6047353829 3.959164052 1.549802558 14.50680109 12.81631206 0 -91.37473557 0 0 0 0 0 0 0 0 -180 -170 -180 -180 -180 -180 -180 -180 -180 0
#Q 0.56875 0.604735 3.95916
#P0 35.293375 17.645125 50.8925 29.95 -0.2 6.216 1.889625 1.3323
#P1 -0.05008 -0.19984 8.08975 1.50195 -0.43655 13.7217 -47.0089 
#U_ring 97.9257 50.8086 Disable 240 2.38629 0.0438985 1.83961
#U_rfsteering 867.905 2.44163 351.599 1.19481
#U_temp 79.52 0 71.85 72.11 75.4 76.91 0 988.807
#U_ID_UA 18.7573 8.22958 0 1
#U_ID_HSCU 0 14.7716 20 1
#U_slits 0.60009 0.190045 0.600163 0.0400488
#U_mono 8 1.5498 -19.8665 36.9719 0.0408 0.626389 3.48217
#U_BPM 13.3639 58.9125 1.00086 On
#U_C_ICgains 1 uA/V 1 uA/V 10 uA/V
#U_C_JJs 700 0.0002535 299.999 -299.997
#U_KBs -719.986 0 3000.03 -300.018 -0.001 6.04132 2520.03 560.047
#U_ATTEN1 0 0 0 0
#U_ATTEN2 1 0 1 0
#U_ALP_BET 14.5068 12.8163
#N 9
#L Theta  H  K  L  Epoch  Seconds  Trig  IC_1  Btot

Scan  18   Sun Dec 13 22:00:08 2020   file = Align4Pete.spec  fourcC  user = 7idc
ascan  th 17.6151 17.6751  60 0.1

  #     Theta     Btot     IC_1    Seconds     Trig 
  0   17.6151      397       13        0.1      102 
17.615125 0.569598 0.603886 3.9592 4815 0.1 102 13 397
  1   17.6161      431       14        0.1      101 
17.616125 0.569569 0.603914 3.9592 4815 0.1 101 14 431
  2   17.6171      460       14        0.1      102 
17.617125 0.569541 0.603943 3.9592 4816 0.1 102 14 460
  3   17.6181      511       13        0.1      102 
17.618125 0.569513 0.603971 3.9592 4816 0.1 102 13 511
  4   17.6191     1592       13        0.1       99 
17.619125 0.569485 0.603999 3.9592 4816 0.1 99 13 1592
  5   17.6201      673       14        0.1      101 
17.620125 0.569456 0.604028 3.9592 4816 0.1 101 14 673
  6   17.6211     1438       13        0.1      100 
17.621125 0.569428 0.604056 3.9592 4817 0.1 100 13 1438
  7   17.6221      942       13        0.1      102 
17.622125 0.5694 0.604084 3.95919 4817 0.1 102 13 942
  8   17.6231     1874       13        0.1      101 
17.623125 0.569372 0.604113 3.95919 4817 0.1 101 13 1874
  9   17.6241     1170       14        0.1      101 
17.624125 0.569343 0.604141 3.95919 4817 0.1 101 14 1170
 10   17.6251     1237       14        0.1      101 
17.625125 0.569315 0.604169 3.95919 4817 0.1 101 14 1237
 11   17.6261     1375       13        0.1      101 
17.626125 0.569287 0.604198 3.95919 4818 0.1 101 13 1375
 12   17.6271     1547       13        0.1      100 
17.627125 0.569258 0.604226 3.95919 4818 0.1 100 13 1547
 13   17.6281     1833       13        0.1      101 
17.628125 0.56923 0.604254 3.95919 4818 0.1 101 13 1833
 14   17.6291     2830       14        0.1       99 
17.629125 0.569202 0.604282 3.95919 4818 0.1 99 14 2830
 15   17.6301     2415       14        0.1       99 
17.630125 0.569174 0.604311 3.95918 4819 0.1 99 14 2415
 16   17.6311     2943       13        0.1      101 
17.631125 0.569145 0.604339 3.95918 4819 0.1 101 13 2943
 17   17.6321     3727       13        0.1      101 
17.632125 0.569117 0.604367 3.95918 4819 0.1 101 13 3727
 18   17.6331     5858       13        0.1      101 
17.633125 0.569089 0.604396 3.95918 4819 0.1 101 13 5858
 19   17.6341     8732       13        0.1      101 
17.634125 0.569061 0.604424 3.95918 4819 0.1 101 13 8732
 20   17.6351    11628       13        0.1      101 
17.635125 0.569032 0.604452 3.95918 4820 0.1 101 13 11628
 21   17.6361    15116       14        0.1      100 
17.636125 0.569004 0.604481 3.95918 4820 0.1 100 14 15116
 22   17.6371    21331       13        0.1      101 
17.637125 0.568976 0.604509 3.95917 4820 0.1 101 13 21331
 23   17.6381    29094       14        0.1      101 
17.638125 0.568947 0.604537 3.95917 4820 0.1 101 14 29094
 24   17.6391    43123       14        0.1      101 
17.639125 0.568919 0.604566 3.95917 4821 0.1 101 14 43123
 25   17.6401    67199       14        0.1      101 
17.640125 0.568891 0.604594 3.95917 4821 0.1 101 14 67199
 26   17.6411   133341       13        0.1      102 
17.641125 0.568863 0.604622 3.95917 4821 0.1 102 13 133341
 27   17.6421   291583       14        0.1      102 
17.642125 0.568834 0.60465 3.95917 4821 0.1 102 14 291583
 28   17.6431   321641       14        0.1      102 
17.643125 0.568806 0.604679 3.95917 4821 0.1 102 14 321641
 29   17.6441   186920       14        0.1      100 
17.644125 0.568778 0.604707 3.95917 4822 0.1 100 14 186920
 30   17.6451    58001       14        0.1      100 
17.645125 0.56875 0.604735 3.95916 4822 0.1 100 14 58001
 31   17.6461    25271       13        0.1      101 
17.646125 0.568721 0.604764 3.95916 4822 0.1 101 13 25271
 32   17.6471    15820       13        0.1      100 
17.647125 0.568693 0.604792 3.95916 4822 0.1 100 13 15820
 33   17.6481    10302       13        0.1       99 
17.648125 0.568665 0.60482 3.95916 4823 0.1 99 13 10302
 34   17.6491     7970       13        0.1      101 
17.649125 0.568636 0.604849 3.95916 4823 0.1 101 13 7970
 35   17.6501     5604       13        0.1      102 
17.650125 0.568608 0.604877 3.95916 4823 0.1 102 13 5604
 36   17.6511     4292       13        0.1      102 
17.651125 0.56858 0.604905 3.95916 4823 0.1 102 13 4292
 37   17.6521     3315       14        0.1      101 
17.652125 0.568552 0.604934 3.95915 4823 0.1 101 14 3315
 38   17.6531     2719       14        0.1      100 
17.653125 0.568523 0.604962 3.95915 4824 0.1 100 14 2719
 39   17.6541     3245       14        0.1      100 
17.654125 0.568495 0.60499 3.95915 4824 0.1 100 14 3245
 40   17.6551     2159       14        0.1       99 
17.655125 0.568467 0.605018 3.95915 4824 0.1 99 14 2159
 41   17.6561     2315       14        0.1      100 
17.656125 0.568438 0.605047 3.95915 4824 0.1 100 14 2315
 42   17.6571     1616       14        0.1      101 
17.657125 0.56841 0.605075 3.95915 4825 0.1 101 14 1616
 43   17.6581     1183       13        0.1      101 
17.658125 0.568382 0.605103 3.95915 4825 0.1 101 13 1183
 44   17.6591     1008       13        0.1      101 
17.659125 0.568354 0.605132 3.95915 4825 0.1 101 13 1008
 45   17.6601      842       14        0.1      101 
17.660125 0.568325 0.60516 3.95914 4825 0.1 101 14 842
 46   17.6611      760       13        0.1      101 
17.661125 0.568297 0.605188 3.95914 4825 0.1 101 13 760
 47   17.6621      762       13        0.1      101 
17.662125 0.568269 0.605217 3.95914 4826 0.1 101 13 762
 48   17.6631      611       13        0.1      100 
17.663125 0.568241 0.605245 3.95914 4826 0.1 100 13 611
 49   17.6641      526       13        0.1      101 
17.664125 0.568212 0.605273 3.95914 4826 0.1 101 13 526
 50   17.6651      464       13        0.1      101 
17.665125 0.568184 0.605301 3.95914 4826 0.1 101 13 464
 51   17.6661      433       14        0.1      102 
17.666125 0.568156 0.60533 3.95914 4827 0.1 102 14 433
 52   17.6671      413       14        0.1      102 
17.667125 0.568127 0.605358 3.95913 4827 0.1 102 14 413
 53   17.6681      330       13        0.1      101 
17.668125 0.568099 0.605386 3.95913 4827 0.1 101 13 330
 54   17.6691      313       14        0.1      102 
17.669125 0.568071 0.605415 3.95913 4827 0.1 102 14 313
 55   17.6701      307       14        0.1      102 
17.670125 0.568043 0.605443 3.95913 4827 0.1 102 14 307
 56   17.6711      520       13        0.1      100 
17.671125 0.568014 0.605471 3.95913 4828 0.1 100 13 520
 57   17.6721      542       13        0.1      101 
17.672125 0.567986 0.6055 3.95913 4828 0.1 101 13 542
 58   17.6731      227       13        0.1      100 
17.673125 0.567958 0.605528 3.95913 4828 0.1 100 13 227
 59   17.6741      206       13        0.1      100 
17.674125 0.567929 0.605556 3.95912 4828 0.1 100 13 206
 60   17.6751      215       13        0.1      101 
17.675125 0.567901 0.605585 3.95912 4829 0.1 101 13 215
#R 18 17.6431 321641 0.00302879 0 17.6423 1.31525e+06

Returning th to 17.6451


108.FOURCC> mv th CEN


109.FOURCC> dscan tth -1 1 40 .1
Total 41 points, 4.1 seconds

#S 19  ascan  tth 34.2934 36.2934  40 0.1
#D Sun Dec 13 22:00:43 2020
#T 0.1  (Seconds)
#G0 0 0 0 0 0 1 0 0 0 0 0 0 50 0 0.1 0 68 68 50 -1 1 1 3.13542 3.13542 0 463.6 838.8
#G1 4.785 4.785 12.991 90 90 120 1.516237713 1.516237713 0.483656786 90 90 60 0 0 6 1 0 0 41.939375 20.3653625 89.32 0 0 0 60 30 0 0 0 0 1.549802558 1.549802558 0 0
#G3 1.516130941 0.7580654706 0.005739700252 0.0001897971475 1.313122226 -0.005101256503 -0.01799264703 0.004854270058 0.4835958227
#G4 0.5688148914 0.6046699223 3.959167134 1.549802558 14.5050387 12.81808347 0 -91.37186311 0 0 0 0 0 0 0 0 -180 -170 -180 -180 -180 -180 -180 -180 -180 0
#Q 0.568815 0.60467 3.95917
#P0 35.293375 17.642813 50.8925 29.95 -0.2 6.216 1.889625 1.3323
#P1 -0.05008 -0.19984 8.08975 1.50195 -0.43655 13.7217 -47.0089 
#U_ring 97.907 51.4494 Disable 240 2.38912 0.0440263 1.84279
#U_rfsteering 867.599 2.4409 350.82 1.19285
#U_temp 79.52 0 71.85 72.11 75.4 76.91 0 988.78
#U_ID_UA 18.7573 8.22958 0 1
#U_ID_HSCU 0.109863 14.7715 22.1951 1
#U_slits 0.60009 0.190045 0.600163 0.0400488
#U_mono 8 1.5498 -19.8665 36.9719 0.0408 0.626389 3.48322
#U_BPM 13.3974 58.5218 -0.175766 On
#U_C_ICgains 1 uA/V 1 uA/V 10 uA/V
#U_C_JJs 700 0.0002535 299.999 -299.997
#U_KBs -719.986 0 3000.03 -300.018 -0.001 6.04132 2520.03 560.047
#U_ATTEN1 0 0 0 0
#U_ATTEN2 1 0 1 0
#U_ALP_BET 14.505 12.8181
#N 9
#L TwoTheta  H  K  L  Epoch  Seconds  Trig  IC_1  Btot

Scan  19   Sun Dec 13 22:00:43 2020   file = Align4Pete.spec  fourcC  user = 7idc
ascan  tth 34.2934 36.2934  40 0.1

  #  TwoTheta     Btot     IC_1    Seconds     Trig 
  0   34.2934       11       13        0.1      102 
34.293375 0.53942 0.601802 3.84961 4852 0.1 102 13 11
  1   34.3434        5       13        0.1      101 
34.343375 0.540873 0.601966 3.85511 4852 0.1 101 13 5
  2   34.3934      339       13        0.1      100 
34.393375 0.542328 0.602128 3.86059 4853 0.1 100 13 339
  3   34.4434        7       14        0.1      101 
34.443375 0.543785 0.602288 3.86608 4853 0.1 101 14 7
  4   34.4934       10       13        0.1      101 
34.493375 0.545243 0.602445 3.87157 4854 0.1 101 13 10
  5   34.5434        9       14        0.1      100 
34.543375 0.546704 0.6026 3.87705 4855 0.1 100 14 9
  6   34.5934      150       13        0.1      100 
34.593375 0.548165 0.602754 3.88254 4855 0.1 100 13 150
  7   34.6433      148       13        0.1      102 
34.64325 0.549626 0.602904 3.88801 4856 0.1 102 13 148
  8   34.6934     1454       14        0.1      101 
34.693375 0.551095 0.603053 3.8935 4856 0.1 101 14 1454
  9   34.7434      255       13        0.1       99 
34.743375 0.552562 0.6032 3.89898 4857 0.1 99 13 255
 10   34.7934      295       13        0.1       99 
34.793375 0.554031 0.603344 3.90446 4857 0.1 99 13 295
 11   34.8434     1427       14        0.1      102 
34.843375 0.555501 0.603487 3.90994 4858 0.1 102 14 1427
 12   34.8935     1558       13        0.1      102 
34.8935 0.556977 0.603627 3.91543 4858 0.1 102 13 1558
 13   34.9434      483       13        0.1       99 
34.943375 0.558448 0.603765 3.92089 4859 0.1 99 13 483
 14   34.9934     1094       14        0.1       99 
34.993375 0.559924 0.603901 3.92636 4860 0.1 99 14 1094
 15   35.0434     3887       14        0.1      102 
35.043375 0.561401 0.604034 3.93183 4860 0.1 102 14 3887
 16   35.0934    28913       13        0.1      102 
35.093375 0.56288 0.604166 3.9373 4861 0.1 102 13 28913
 17   35.1435   344059       13        0.1      101 
35.1435 0.564365 0.604295 3.94278 4861 0.1 101 13 344059
 18   35.1934   341923       14        0.1       99 
35.193375 0.565844 0.604422 3.94824 4862 0.1 99 14 341923
 19   35.2434   349992       14        0.1      102 
35.243375 0.567329 0.604547 3.9537 4862 0.1 102 14 349992
 20   35.2934   323655       14        0.1      101 
35.293375 0.568815 0.60467 3.95917 4863 0.1 101 14 323655
 21   35.3434   341901       14        0.1      101 
35.343375 0.570303 0.604791 3.96463 4863 0.1 101 14 341901
 22   35.3934   333460       14        0.1      101 
35.393375 0.571792 0.604909 3.97009 4864 0.1 101 14 333460
 23   35.4434   332150       13        0.1      101 
35.443375 0.573284 0.605025 3.97555 4864 0.1 101 13 332150
 24   35.4933   340086       13        0.1      101 
35.49325 0.574773 0.605139 3.981 4865 0.1 101 13 340086
 25   35.5434   342620       14        0.1      100 
35.543375 0.576272 0.605251 3.98647 4866 0.1 100 14 342620
 26   35.5934   338613       13        0.1      100 
35.593375 0.577768 0.605361 3.99192 4866 0.1 100 13 338613
 27   35.6433   344556       13        0.1      101 
35.64325 0.579263 0.605468 3.99736 4867 0.1 101 13 344556
 28   35.6934     2104       13        0.1      102 
35.693375 0.580766 0.605574 4.00283 4867 0.1 102 13 2104
 29   35.7434      151       13        0.1      100 
35.743375 0.582268 0.605677 4.00828 4868 0.1 100 13 151
 30   35.7934        9       14        0.1      100 
35.793375 0.583771 0.605778 4.01373 4868 0.1 100 14 9
 31   35.8434        2       13        0.1      101 
35.843375 0.585276 0.605877 4.01918 4869 0.1 101 13 2
 32   35.8935        6       13        0.1      102 
35.8935 0.586787 0.605974 4.02464 4869 0.1 102 13 6
 33   35.9434        3       14        0.1      100 
35.943375 0.588292 0.606068 4.03007 4870 0.1 100 14 3
 34   35.9934     2308       14        0.1      100 
35.993375 0.589802 0.606161 4.03552 4871 0.1 100 14 2308
 35   36.0434        5       14        0.1      101 
36.043375 0.591314 0.606251 4.04096 4871 0.1 101 14 5
 36   36.0935        5       14        0.1      101 
36.0935 0.592831 0.606339 4.04642 4872 0.1 101 14 5
 37   36.1434      956       13        0.1       99 
36.143375 0.594343 0.606425 4.05184 4872 0.1 99 13 956
 38   36.1934        4       13        0.1       99 
36.193375 0.59586 0.606508 4.05728 4873 0.1 99 13 4
 39   36.2434        6       14        0.1      101 
36.243375 0.597379 0.60659 4.06272 4873 0.1 101 14 6
 40   36.2934        7       14        0.1      102 
36.293375 0.598899 0.606669 4.06815 4874 0.1 102 14 7
#R 19 35.2434 349992 0.55158 0 35.3902 3.77863e+06

Returning tth to 35.2934


110.FOURCC> mv tth CEN


111.FOURCC> comment 'I optimized the signal from this peak with scans of th, chi, and tth'

Sun Dec 13 22:01:47 2020.  I optimized the signal from this peak with scans of th, chi, and tth.
#C Sun Dec 13 22:01:47 2020.  I optimized the signal from this peak with scans of th, chi, and tth.


112.FOURCC> comment 'I did not scan phi because that would be redundant'

Sun Dec 13 22:02:19 2020.  I did not scan phi because that would be redundant.
#C Sun Dec 13 22:02:19 2020.  I did not scan phi because that would be redundant.


113.FOURCC> comment 'now enter this reflection as the second in the orientation matrix'

Sun Dec 13 22:02:31 2020.  now enter this reflection as the second in the orientation matrix.
#C Sun Dec 13 22:02:31 2020.  now enter this reflection as the second in the orientation matrix.


114.FOURCC> wh

H K L =  0.57176  0.60491  3.97
Alpha = 14.505  Beta = 12.894  Azimuth = -91.31
Omega = 0  Lambda = 1.5498

  TwoTheta      Theta        Chi        Phi 
  35.39238   17.64281   50.89250   29.95000 


115.FOURCC> or1 1 0 4
PRINTER=""
H=0.571763
K=0.604907
L=3.96998
LAMBDA=1.5498
ALPHA=14.505
BETA=12.8939
OMEGA=0
AZIMUTH=-91.3104
F_ALPHA=0
F_BETA=0
F_OMEGA=0
F_AZIMUTH=0
F_THETA=0
F_PHI=0
F_CHI_Z=0
F_PHI_Z=0
CUT_AZI=0
CUT_TTH=-180
CUT_TH=-170
CUT_CHI=-180
CUT_PHI=-180
g_mode=0
g_sect=0
g_frz=0
g_omsect=0
g_aa=4.785
g_bb=4.785
g_cc=12.991
g_al=90
g_be=90
g_ga=120
g_aa_s=1.51624
g_bb_s=1.51624
g_cc_s=0.483657
g_al_s=90
g_be_s=90
g_ga_s=60
g_u00=41.9394
g_u01=20.3654
g_u02=89.32
g_u03=0
g_u10=60
g_u11=30
g_u12=0
g_u13=0
g_h0=0
g_k0=0
g_l0=6
g_h1=1
g_k1=0
g_l1=0
g_lambda0=1.5498
g_lambda1=1.5498
calcG
g_haz=0
g_kaz=0
g_laz=1
g_zh0=0
g_zk0=0
g_zl0=0
g_zh1=0
g_zk1=0
g_zl1=0
#C Sun Dec 13 22:02:40 2020.  g_l1 reset from 0 to 4.
#C Sun Dec 13 22:02:40 2020.  g_u10 reset from 60 to 35.3924.
#C Sun Dec 13 22:02:40 2020.  g_u11 reset from 30 to 17.6428.
#C Sun Dec 13 22:02:40 2020.  g_u12 reset from 0 to 50.8925.
#C Sun Dec 13 22:02:40 2020.  g_u13 reset from 0 to 29.95.
(UB recalculated from orientation reflections and lattice.)


116.FOURCC> wh

H K L =  1.0192  4.0939e-07  3.97
Alpha = 14.505  Beta = 12.894  Azimuth = -91.31
Omega = 0  Lambda = 1.5498

  TwoTheta      Theta        Chi        Phi 
  35.39238   17.64281   50.89250   29.95000 


117.FOURCC> pa

Four-Circle Geometry, Omega equals zero (mode 0)
Sector 0

  Primary Reflection (at lambda 1.5498):
          tth th chi phi = 41.9394 20.3654 89.32 0 
                   H K L = 0 0 6

  Secondary Reflection (at lambda 1.5498):
          tth th chi phi = 35.3924 17.6428 50.8925 29.95 
                   H K L = 1 0 4

  Lattice Constants (lengths / angles):
              real space = 4.785 4.785 12.99 / 90 90 120
        reciprocal space = 1.516 1.516 0.4837 / 90 90 60

  Azimuthal Reference:
                   H K L = 0 0 1

                  Lambda = 1.5498 

 Cut Points:
      tth   th  chi  phi
     -180 -170 -180 -180


118.FOURCC> comment 'swap orientations to make this the primary one'

Sun Dec 13 22:03:22 2020.  swap orientations to make this the primary one.
#C Sun Dec 13 22:03:22 2020.  swap orientations to make this the primary one.


119.FOURCC> sor

Sun Dec 13 22:03:23 2020.  Orientation vectors swapped.
#C Sun Dec 13 22:03:23 2020.  Orientation vectors swapped.
(UB recalculated from orientation reflections and lattice.)


120.FOURCC> wh

H K L =  1.0027  4.0939e-07  4.0109
Alpha = 14.636  Beta = 13.05  Azimuth = -91.31
Omega = 0  Lambda = 1.5498

  TwoTheta      Theta        Chi        Phi 
  35.39238   17.64281   50.89250   29.95000 


121.FOURCC> comment 'the apparent HKL position is a little off; maybe I do not have the optimal lattice parameters'

Sun Dec 13 22:04:05 2020.  the apparent HKL position is a little off; maybe I do not have the optimal lattice parameters.
#C Sun Dec 13 22:04:05 2020.  the apparent HKL position is a little off; maybe I do not have the optimal lattice parameters.


122.FOURCC> comment 'now should be able to br to any Bragg reflection and be close'

Sun Dec 13 22:08:52 2020.  now should be able to br to any Bragg reflection and be close.
#C Sun Dec 13 22:08:52 2020.  now should be able to br to any Bragg reflection and be close.


123.FOURCC> ca 1 0 10

Calculated Positions:

H K L =  0.99997  6.096e-07  10
Alpha = 37.422  Beta = 35.825  Azimuth = -92.745
Omega = 0  Lambda = 1.5498

  TwoTheta      Theta        Chi        Phi 
  77.38125   38.69062   71.56250   28.32875 

TwoTheta will hit low limit at -190.178.
Theta will hit low limit at -31.


124.FOURCC> ca -1 1 4

Calculated Positions:

H K L =  -1  1  3.9999
Alpha = 13.357  Beta = 14.251  Azimuth = 89.262
Omega = 0  Lambda = 1.5498

  TwoTheta      Theta        Chi        Phi 
  35.29300   17.64650  126.83250  -29.64525 

Chi will hit low limit at 84.87.


125.FOURCC> ca 0 -1 4

Calculated Positions:

H K L =  2.5916e-06  -1  4
Alpha = 12.528  Beta = 15.086  Azimuth = -87.887
Omega = 0  Lambda = 1.5498

  TwoTheta      Theta        Chi        Phi 
  35.29300   17.64650   51.64750  -87.39925 

Phi will hit high limit at -44.7205.


126.FOURCC> sor

Sun Dec 13 22:10:44 2020.  Orientation vectors swapped.
#C Sun Dec 13 22:10:44 2020.  Orientation vectors swapped.
(UB recalculated from orientation reflections and lattice.)


127.FOURCC> ca 1 0 10

Calculated Positions:

H K L =  1  -3.2208e-06  9.9999
Alpha = 37.454  Beta = 35.793  Azimuth = -92.856
Omega = 0  Lambda = 1.5498

  TwoTheta      Theta        Chi        Phi 
  77.38125   38.69062   72.30000   28.21225 



128.FOURCC> br 1 0 10


129.FOURCC> filters1 0 0 0 0


130.FOURCC> wh

H K L =  1.0002  -3.2017e-06  9.9998
Alpha = 37.453  Beta = 35.792  Azimuth = -92.856
Omega = 0  Lambda = 1.5498

  TwoTheta      Theta        Chi        Phi 
  77.38100   38.69062   72.29750   28.21225 


131.FOURCC> sor

Sun Dec 13 22:13:43 2020.  Orientation vectors swapped.
#C Sun Dec 13 22:13:43 2020.  Orientation vectors swapped.
(UB recalculated from orientation reflections and lattice.)


132.FOURCC> wh

H K L =  0.95892  -3.2017e-06  10.039
Alpha = 37.589  Beta = 35.993  Azimuth = -92.856
Omega = 0  Lambda = 1.5498

  TwoTheta      Theta        Chi        Phi 
  77.38100   38.69062   72.29750   28.21225 


133.FOURCC> br 1 0 10


134.FOURCC> ca 1.0192 0 10*3.97/4

Calculated Positions:

H K L =  1.0193  -3.829e-06  9.9249
Alpha = 37.103  Beta = 35.505  Azimuth = -92.683
Omega = 0  Lambda = 1.5498

  TwoTheta      Theta        Chi        Phi 
  76.91575   38.45788   71.12250   28.39375 



135.FOURCC> br 1.0192 0 10*3.97/4


136.FOURCC> pa

Four-Circle Geometry, Omega equals zero (mode 0)
Sector 0

  Primary Reflection (at lambda 1.5498):
          tth th chi phi = 35.3924 17.6428 50.8925 29.95 
                   H K L = 1 0 4

  Secondary Reflection (at lambda 1.5498):
          tth th chi phi = 41.9394 20.3654 89.32 0 
                   H K L = 0 0 6

  Lattice Constants (lengths / angles):
              real space = 4.785 4.785 12.99 / 90 90 120
        reciprocal space = 1.516 1.516 0.4837 / 90 90 60

  Azimuthal Reference:
                   H K L = 0 0 1

                  Lambda = 1.5498 

 Cut Points:
      tth   th  chi  phi
     -180 -170 -180 -180


137.FOURCC> comment 'oops that reflection is too high. diffracted beam is blocked by chi circle'

Sun Dec 13 22:17:02 2020.  oops that reflection is too high. diffracted beam is blocked by chi circle.
#C Sun Dec 13 22:17:02 2020.  oops that reflection is too high. diffracted beam is blocked by chi circle.


138.FOURCC> ca 1 1 6

Calculated Positions:

H K L =  1  1  6
Alpha = 22.145  Beta = 19.806  Azimuth = -91.858
Omega = 0  Lambda = 1.5498

  TwoTheta      Theta        Chi        Phi 
  57.72275   28.86137   47.39750   59.56800 

Chi will hit high limit at 132.87.


139.FOURCC> ca 1 -2 6

Calculated Positions:

H K L =  1  -2  6
Alpha = 20.04  Beta = 21.907  Azimuth = -88.516
Omega = 0  Lambda = 1.5498

  TwoTheta      Theta        Chi        Phi 
  57.72275   28.86137   46.97750  -57.96675 

Chi will hit high limit at 132.87.


140.FOURCC> ca -2 1 6

Calculated Positions:

H K L =  -2  1  5.9999
Alpha = 21.207  Beta = 20.735  Azimuth = 90.375
Omega = 0  Lambda = 1.5498

  TwoTheta      Theta        Chi        Phi 
  57.72275   28.86137  130.83500    1.22225 

Chi will hit low limit at 84.87.


141.FOURCC> comment 'changed the limits for chi to try -2,1,6'

Sun Dec 13 22:24:18 2020.  changed the limits for chi to try -2,1,6.
#C Sun Dec 13 22:24:18 2020.  changed the limits for chi to try -2,1,6.


142.FOURCC> br -2 1 6


143.FOURCC> sor

Sun Dec 13 22:25:44 2020.  Orientation vectors swapped.
#C Sun Dec 13 22:25:44 2020.  Orientation vectors swapped.
(UB recalculated from orientation reflections and lattice.)


144.FOURCC> wh

H K L =  -1.9753  1.0001  6.0599
Alpha = 21.773  Beta = 20.611  Azimuth = 90.934
Omega = 0  Lambda = 1.5498

  TwoTheta      Theta        Chi        Phi 
  57.72288   28.86137  130.83750    1.22225 


145.FOURCC> br -2 1 6


146.FOURCC> dscan chi -3 3 90 .1
Total 91 points, 9.1 seconds

#S 20  ascan  chi 128.478 134.478  90 0.1
#D Sun Dec 13 22:26:30 2020
#T 0.1  (Seconds)
#G0 0 0 0 0 0 1 0 0 0 0 0 0 50 0 0.1 0 68 68 50 -1 1 1 3.13542 3.13542 0 463.6 838.8
#G1 4.785 4.785 12.991 90 90 120 1.516237713 1.516237713 0.483656786 90 90 60 0 0 6 1 0 4 41.939375 20.3653625 89.32 0 0 0 35.392375 17.6428 50.8925 29.95 0 0 1.549802558 1.549802558 0 0
#G3 1.300508116 -0.02465241938 0.005739700252 0.7794892018 1.515949834 -0.005101256503 -0.00721294982 0.01628373547 0.4835958227
#G4 -1.999977281 0.9999866438 6.000076047 1.549802558 21.5570229 20.38771512 0 90.92901811 0 0 0 0 0 0 0 0 -180 -170 -180 -180 -180 -180 -180 -180 -180 0
#Q -1.99998 0.999987 6.00008
#P0 57.722875 28.861375 131.4775 1.62775 -0.2 6.216 1.889625 1.3323
#P1 -0.05008 -0.19984 8.08975 1.50195 -0.43655 13.7217 -47.0089 
#U_ring 97.0787 51.3893 Disable 240 2.39735 0.0440592 1.83783
#U_rfsteering 870.701 2.44863 351.631 1.19482
#U_temp 79.52 0 71.85 72.11 75.4 76.91 0 989.495
#U_ID_UA 18.7573 8.22958 0 1
#U_ID_HSCU 0.109863 14.7715 22.1951 1
#U_slits 0.60009 0.190045 0.600163 0.0400488
#U_mono 8 1.5498 -19.8665 36.9719 0.0408 0.626389 3.48112
#U_BPM 13.2181 65.7254 0.39752 On
#U_C_ICgains 1 uA/V 1 uA/V 10 uA/V
#U_C_JJs 700 0.0002535 299.999 -299.997
#U_KBs -719.986 0 3000.03 -300.018 -0.001 6.04132 2520.03 560.047
#U_ATTEN1 0 0 0 0
#U_ATTEN2 0 0 0 0
#U_ALP_BET 21.557 20.3877
#N 9
#L Chi  H  K  L  Epoch  Seconds  Trig  IC_1  Btot

Scan  20   Sun Dec 13 22:26:30 2020   file = Align4Pete.spec  fourcC  user = 7idc
ascan  chi 128.478 134.478  90 0.1

  #       Chi     Btot     IC_1    Seconds     Trig 
  0  128.4775       95     5303        0.1      100 
128.4775 -1.88159 0.942983 6.27599 6397 0.1 100 5303 95
  1  128.5425      109     5298        0.1      101 
128.5425 -1.88421 0.944246 6.27019 6397 0.1 101 5298 109
  2  128.6125       92     5310        0.1      100 
128.6125 -1.88703 0.945604 6.26394 6398 0.1 100 5310 92
  3  128.6775     1075     5314        0.1      101 
128.6775 -1.88964 0.946865 6.25812 6398 0.1 101 5314 1075
  4  128.7425     4967     5293        0.1      101 
128.7425 -1.89226 0.948124 6.2523 6398 0.1 101 5293 4967
  5  128.8125     4072     5284        0.1      101 
128.8125 -1.89507 0.949479 6.24602 6399 0.1 101 5284 4072
  6  128.8775     7511     5286        0.1      101 
128.8775 -1.89768 0.950736 6.24018 6399 0.1 101 5286 7511
  7  128.9425      106     5292        0.1      100 
128.9425 -1.90028 0.951991 6.23433 6399 0.1 100 5292 106
  8  129.0100       97     5274        0.1      101 
129.01 -1.90299 0.953294 6.22825 6400 0.1 101 5274 97
  9  129.0775      109     5306        0.1      101 
129.0775 -1.90569 0.954595 6.22216 6400 0.1 101 5306 109
 10  129.1450      106     5311        0.1      101 
129.145 -1.90839 0.955895 6.21606 6400 0.1 101 5311 106
 11  129.2100      681     5283        0.1      100 
129.21 -1.91098 0.957146 6.21018 6400 0.1 100 5283 681
 12  129.2775      102     5311        0.1      101 
129.2775 -1.91368 0.958443 6.20407 6401 0.1 101 5311 102
 13  129.3450      128     5314        0.1      100 
129.345 -1.91637 0.959739 6.19794 6401 0.1 100 5314 128
 14  129.4100      131     5319        0.1      101 
129.41 -1.91896 0.960986 6.19204 6401 0.1 101 5319 131
 15  129.4775     1914     5309        0.1      101 
129.4775 -1.92164 0.962279 6.18589 6402 0.1 101 5309 1914
 16  129.5475     2827     5318        0.1      102 
129.5475 -1.92442 0.963619 6.17952 6402 0.1 102 5318 2827
 17  129.6075      125     5302        0.1      100 
129.6075 -1.9268 0.964766 6.17404 6402 0.1 100 5302 125
 18  129.6775      343     5297        0.1      102 
129.6775 -1.92958 0.966103 6.16765 6403 0.1 102 5297 343
 19  129.7475     2334     5291        0.1      100 
129.7475 -1.93235 0.967439 6.16124 6403 0.1 100 5291 2334
 20  129.8075      131     5309        0.1      101 
129.8075 -1.93473 0.968583 6.15575 6403 0.1 101 5309 131
 21  129.8775      157     5324        0.1      101 
129.8775 -1.9375 0.969916 6.14933 6404 0.1 101 5324 157
 22  129.9450      170     5301        0.1      101 
129.945 -1.94016 0.9712 6.14313 6404 0.1 101 5301 170
 23  130.0100      162     5308        0.1      101 
130.01 -1.94273 0.972435 6.13715 6404 0.1 101 5308 162
 24  130.0775      176     5303        0.1      100 
130.0775 -1.94539 0.973716 6.13093 6404 0.1 100 5303 176
 25  130.1450      186     5278        0.1      100 
130.145 -1.94805 0.974997 6.1247 6405 0.1 100 5278 186
 26  130.2100      223     5291        0.1      101 
130.21 -1.95061 0.976228 6.1187 6405 0.1 101 5291 223
 27  130.2775      188     5292        0.1      101 
130.2775 -1.95326 0.977505 6.11246 6405 0.1 101 5292 188
 28  130.3450      213     5286        0.1      101 
130.345 -1.95591 0.978781 6.10621 6406 0.1 101 5286 213
 29  130.4100      202     5287        0.1      101 
130.41 -1.95846 0.980009 6.10018 6406 0.1 101 5287 202
 30  130.4775      231     5288        0.1      100 
130.4775 -1.96111 0.981282 6.09391 6406 0.1 100 5288 231
 31  130.5475      250     5275        0.1      101 
130.5475 -1.96385 0.982601 6.0874 6407 0.1 101 5275 250
 32  130.6075      272     5303        0.1      100 
130.6075 -1.96619 0.983731 6.08182 6407 0.1 100 5303 272
 33  130.6775      304     5306        0.1      102 
130.6775 -1.96893 0.985047 6.07529 6407 0.1 102 5306 304
 34  130.7475      332     5295        0.1      100 
130.7475 -1.97166 0.986362 6.06876 6408 0.1 100 5295 332
 35  130.8075      345     5316        0.1      101 
130.8075 -1.974 0.987488 6.06315 6408 0.1 101 5316 345
 36  130.8775      409     5285        0.1      100 
130.8775 -1.97673 0.9888 6.0566 6408 0.1 100 5285 409
 37  130.9450      452     5282        0.1      100 
130.945 -1.97935 0.990064 6.05027 6408 0.1 100 5282 452
 38  131.0100      471     5277        0.1      101 
131.01 -1.98188 0.99128 6.04417 6409 0.1 101 5277 471
 39  131.0775      588     5282        0.1       99 
131.0775 -1.9845 0.992541 6.03783 6409 0.1 99 5282 588
 40  131.1450      657     5300        0.1      101 
131.145 -1.98712 0.993801 6.03148 6409 0.1 101 5300 657
 41  131.2100      888     5285        0.1      101 
131.21 -1.98964 0.995013 6.02536 6410 0.1 101 5285 888
 42  131.2775     1111     5290        0.1      101 
131.2775 -1.99225 0.99627 6.01899 6410 0.1 101 5290 1111
 43  131.3450     1325     5301        0.1      100 
131.345 -1.99486 0.997526 6.01262 6410 0.1 100 5301 1325
 44  131.4125     3788     5285        0.1      101 
131.4125 -1.99747 0.99878 6.00623 6411 0.1 101 5285 3788
 45  131.4775     3786     5302        0.1      100 
131.4775 -1.99998 0.999987 6.00008 6411 0.1 100 5302 3786
 46  131.5400     6211     5300        0.1      102 
131.54 -2.00239 1.00115 5.99415 6411 0.1 102 5300 6211
 47  131.6125    11874     5296        0.1      100 
131.6125 -2.00518 1.00249 5.98727 6412 0.1 100 5296 11874
 48  131.6775     6834     5321        0.1      102 
131.6775 -2.00768 1.00369 5.98109 6412 0.1 102 5321 6834
 49  131.7475     7946     5329        0.1      100 
131.7475 -2.01037 1.00498 5.97443 6412 0.1 100 5329 7946
 50  131.8075     8782     5290        0.1      102 
131.8075 -2.01267 1.00609 5.96871 6412 0.1 102 5290 8782
 51  131.8775     9967     5298        0.1      101 
131.8775 -2.01536 1.00738 5.96203 6413 0.1 101 5298 9967
 52  131.9450    13772     5290        0.1      101 
131.945 -2.01794 1.00863 5.95558 6413 0.1 101 5290 13772
 53  132.0100    13351     5295        0.1      100 
132.01 -2.02043 1.00982 5.94936 6413 0.1 100 5295 13351
 54  132.0775    13599     5297        0.1      101 
132.0775 -2.02301 1.01106 5.94289 6414 0.1 101 5297 13599
 55  132.1450    12546     5292        0.1      101 
132.145 -2.02558 1.0123 5.93642 6414 0.1 101 5292 12546
 56  132.2100    11450     5291        0.1      100 
132.21 -2.02806 1.01349 5.93018 6414 0.1 100 5291 11450
 57  132.2775     9935     5300        0.1      102 
132.2775 -2.03063 1.01473 5.92369 6415 0.1 102 5300 9935
 58  132.3450     8288     5294        0.1      101 
132.345 -2.0332 1.01597 5.91719 6415 0.1 101 5294 8288
 59  132.4100     7131     5307        0.1      101 
132.41 -2.03567 1.01715 5.91093 6415 0.1 101 5307 7131
 60  132.4775     6006     5299        0.1      101 
132.4775 -2.03824 1.01839 5.90441 6416 0.1 101 5299 6006
 61  132.5450     1741     5290        0.1      102 
132.545 -2.0408 1.01962 5.89789 6416 0.1 102 5290 1741
 62  132.6100     1240     5285        0.1      100 
132.61 -2.04326 1.0208 5.8916 6416 0.1 100 5285 1240
 63  132.6775      997     5299        0.1       99 
132.6775 -2.04582 1.02203 5.88506 6416 0.1 99 5299 997
 64  132.7450     1540     5310        0.1      101 
132.745 -2.04837 1.02326 5.87851 6417 0.1 101 5310 1540
 65  132.8100      689     5313        0.1       99 
132.81 -2.05082 1.02444 5.8722 6417 0.1 99 5313 689
 66  132.8775      582     5277        0.1      101 
132.8775 -2.05337 1.02566 5.86564 6417 0.1 101 5277 582
 67  132.9450      521     5307        0.1      101 
132.945 -2.05591 1.02688 5.85907 6418 0.1 101 5307 521
 68  133.0100      435     5307        0.1      101 
133.01 -2.05836 1.02806 5.85273 6418 0.1 101 5307 435
 69  133.0775      404     5284        0.1      100 
133.0775 -2.0609 1.02928 5.84615 6418 0.1 100 5284 404
 70  133.1450      361     5285        0.1      101 
133.145 -2.06343 1.0305 5.83955 6419 0.1 101 5285 361
 71  133.2100      347     5293        0.1      101 
133.21 -2.06587 1.03167 5.83319 6419 0.1 101 5293 347
 72  133.2775      288     5284        0.1      102 
133.2775 -2.0684 1.03288 5.82658 6419 0.1 102 5284 288
 73  133.3450      304     5281        0.1      102 
133.345 -2.07093 1.0341 5.81996 6420 0.1 102 5281 304
 74  133.4100      280     5300        0.1       99 
133.41 -2.07336 1.03526 5.81358 6420 0.1 99 5300 280
 75  133.4775      276     5302        0.1      101 
133.4775 -2.07588 1.03648 5.80695 6420 0.1 101 5302 276
 76  133.5450      226     5296        0.1       99 
133.545 -2.0784 1.03769 5.8003 6420 0.1 99 5296 226
 77  133.6100      213     5305        0.1      101 
133.61 -2.08082 1.03885 5.7939 6421 0.1 101 5305 213
 78  133.6775      212     5293        0.1       99 
133.6775 -2.08333 1.04006 5.78724 6421 0.1 99 5293 212
 79  133.7450      213     5293        0.1      102 
133.745 -2.08584 1.04126 5.78058 6421 0.1 102 5293 213
 80  133.8100      175     5291        0.1       99 
133.81 -2.08825 1.04242 5.77415 6422 0.1 99 5291 175
 81  133.8775      177     5281        0.1      101 
133.8775 -2.09076 1.04362 5.76747 6422 0.1 101 5281 177
 82  133.9450      175     5295        0.1      101 
133.945 -2.09326 1.04482 5.76078 6422 0.1 101 5295 175
 83  134.0100      162     5317        0.1      102 
134.01 -2.09566 1.04598 5.75432 6423 0.1 102 5317 162
 84  134.0775      172     5307        0.1      100 
134.0775 -2.09816 1.04718 5.74762 6423 0.1 100 5307 172
 85  134.1450      167     5310        0.1      101 
134.145 -2.10065 1.04838 5.7409 6423 0.1 101 5310 167
 86  134.2100      160     5321        0.1      100 
134.21 -2.10305 1.04953 5.73443 6424 0.1 100 5321 160
 87  134.2775      149     5289        0.1      102 
134.2775 -2.10553 1.05072 5.7277 6424 0.1 102 5289 149
 88  134.3450      153     5300        0.1      101 
134.345 -2.10802 1.05191 5.72096 6424 0.1 101 5300 153
 89  134.4100      153     5290        0.1      102 
134.41 -2.11041 1.05306 5.71447 6424 0.1 102 5290 153
 90  134.4775      109     5300        0.1      101 
134.4775 -2.11288 1.05425 5.70772 6425 0.1 101 5300 109
#R 20 131.944 13772 0.744734 0 131.612 204254

Returning chi to 131.478


147.FOURCC> mv chi CEN


148.FOURCC> dscan th -.2 .2 50 .1
Total 51 points, 5.1 seconds

#S 21  ascan  th 28.6614 29.0614  50 0.1
#D Sun Dec 13 22:27:21 2020
#T 0.1  (Seconds)
#G0 0 0 0 0 0 1 0 0 0 0 0 0 50 0 0.1 0 68 68 50 -1 1 1 3.13542 3.13542 0 463.6 838.8
#G1 4.785 4.785 12.991 90 90 120 1.516237713 1.516237713 0.483656786 90 90 60 0 0 6 1 0 4 41.939375 20.3653625 89.32 0 0 0 35.392375 17.6428 50.8925 29.95 0 0 1.549802558 1.549802558 0 0
#G3 1.300508116 -0.02465241938 0.005739700252 0.7794892018 1.515949834 -0.005101256503 -0.00721294982 0.01628373547 0.4835958227
#G4 -2.022052248 1.010604097 5.945290211 1.549802558 21.35584224 20.18809216 0 90.91887564 0 0 0 0 0 0 0 0 -180 -170 -180 -180 -180 -180 -180 -180 -180 0
#Q -2.02205 1.0106 5.94529
#P0 57.722875 28.861375 132.0525 1.62775 -0.2 6.216 1.889625 1.3323
#P1 -0.05008 -0.19984 8.08975 1.50195 -0.43655 13.7217 -47.0089 
#U_ring 97.0518 52.3341 Disable 240 2.39562 0.0440089 1.83705
#U_rfsteering 868.454 2.44302 348.697 1.18749
#U_temp 79.52 0 71.85 72.11 75.4 76.91 0 989.511
#U_ID_UA 18.7573 8.22958 0 1
#U_ID_HSCU 0.109863 14.7715 22.1951 1
#U_slits 0.60009 0.190045 0.600163 0.0400488
#U_mono 8 1.5498 -19.8665 36.9719 0.0408 0.626389 3.48112
#U_BPM 13.2191 65.713 0.183626 On
#U_C_ICgains 1 uA/V 1 uA/V 10 uA/V
#U_C_JJs 700 0.0002535 299.999 -299.997
#U_KBs -719.986 0 3000.03 -300.018 -0.001 6.04132 2520.03 560.047
#U_ATTEN1 0 0 0 0
#U_ATTEN2 0 0 0 0
#U_ALP_BET 21.3558 20.1881
#N 9
#L Theta  H  K  L  Epoch  Seconds  Trig  IC_1  Btot

Scan  21   Sun Dec 13 22:27:21 2020   file = Align4Pete.spec  fourcC  user = 7idc
ascan  th 28.6614 29.0614  50 0.1

  #     Theta     Btot     IC_1    Seconds     Trig 
  0   28.6614     2808     5297        0.1      100 
28.661375 -2.02191 1.00153 5.94556 6449 0.1 100 5297 2808
  1   28.6694     5519     5299        0.1      102 
28.669375 -2.02192 1.00189 5.94555 6450 0.1 102 5299 5519
  2   28.6774     3072     5307        0.1      100 
28.677375 -2.02193 1.00225 5.94554 6450 0.1 100 5307 3072
  3   28.6854     3119     5309        0.1      101 
28.685375 -2.02193 1.00262 5.94553 6450 0.1 101 5309 3119
  4   28.6934     3155     5291        0.1      101 
28.693375 -2.02194 1.00298 5.94552 6450 0.1 101 5291 3155
  5   28.7014     5008     5285        0.1      101 
28.701375 -2.02194 1.00334 5.94551 6451 0.1 101 5285 5008
  6   28.7094     3471     5300        0.1      102 
28.709375 -2.02195 1.00371 5.9455 6451 0.1 102 5300 3471
  7   28.7174     3637     5314        0.1      101 
28.717375 -2.02196 1.00407 5.94549 6451 0.1 101 5314 3637
  8   28.7254     3801     5301        0.1      102 
28.725375 -2.02196 1.00443 5.94548 6452 0.1 102 5301 3801
  9   28.7334     3887     5311        0.1      100 
28.733375 -2.02197 1.0048 5.94547 6452 0.1 100 5311 3887
 10   28.7414     7586     5299        0.1      102 
28.741375 -2.02197 1.00516 5.94546 6452 0.1 102 5299 7586
 11   28.7494     4320     5300        0.1      101 
28.749375 -2.02198 1.00552 5.94545 6452 0.1 101 5300 4320
 12   28.7574     5470     5296        0.1       99 
28.757375 -2.02198 1.00589 5.94544 6453 0.1 99 5296 5470
 13   28.7654     4623     5287        0.1      102 
28.765375 -2.02199 1.00625 5.94543 6453 0.1 102 5287 4623
 14   28.7734     7450     5281        0.1       99 
28.773375 -2.02199 1.00661 5.94542 6453 0.1 99 5281 7450
 15   28.7814     5674     5287        0.1      102 
28.781375 -2.022 1.00697 5.94541 6454 0.1 102 5287 5674
 16   28.7894     6284     5303        0.1      100 
28.789375 -2.02201 1.00734 5.9454 6454 0.1 100 5303 6284
 17   28.7974     7114     5297        0.1      100 
28.797375 -2.02201 1.0077 5.94538 6454 0.1 100 5297 7114
 18   28.8054     7700     5300        0.1      101 
28.805375 -2.02202 1.00806 5.94537 6454 0.1 101 5300 7700
 19   28.8134     8281     5300        0.1      101 
28.813375 -2.02202 1.00843 5.94536 6455 0.1 101 5300 8281
 20   28.8214     8842     5277        0.1      101 
28.821375 -2.02203 1.00879 5.94535 6455 0.1 101 5277 8842
 21   28.8294    10540     5298        0.1      100 
28.829375 -2.02203 1.00915 5.94534 6455 0.1 100 5298 10540
 22   28.8374    10329     5298        0.1      101 
28.837375 -2.02204 1.00952 5.94533 6456 0.1 101 5298 10329
 23   28.8454    11032     5297        0.1      101 
28.845375 -2.02204 1.00988 5.94531 6456 0.1 101 5297 11032
 24   28.8534    11954     5302        0.1      101 
28.853375 -2.02205 1.01024 5.9453 6456 0.1 101 5302 11954
 25   28.8614    13081     5294        0.1      101 
28.861375 -2.02205 1.0106 5.94529 6456 0.1 101 5294 13081
 26   28.8694    14524     5301        0.1      101 
28.869375 -2.02206 1.01097 5.94528 6457 0.1 101 5301 14524
 27   28.8774    16128     5290        0.1      101 
28.877375 -2.02206 1.01133 5.94527 6457 0.1 101 5290 16128
 28   28.8854    18073     5291        0.1       99 
28.885375 -2.02207 1.01169 5.94525 6457 0.1 99 5291 18073
 29   28.8934    20420     5299        0.1      102 
28.893375 -2.02207 1.01206 5.94524 6458 0.1 102 5299 20420
 30   28.9014    23371     5313        0.1      100 
28.901375 -2.02208 1.01242 5.94523 6458 0.1 100 5313 23371
 31   28.9094    27501     5297        0.1      101 
28.909375 -2.02208 1.01278 5.94521 6458 0.1 101 5297 27501
 32   28.9174    33061     5296        0.1      102 
28.917375 -2.02209 1.01314 5.9452 6458 0.1 102 5296 33061
 33   28.9254    40185     5321        0.1      100 
28.925375 -2.02209 1.01351 5.94519 6459 0.1 100 5321 40185
 34   28.9334    50444     5304        0.1      101 
28.933375 -2.0221 1.01387 5.94517 6459 0.1 101 5304 50444
 35   28.9414    66651     5310        0.1      101 
28.941375 -2.0221 1.01423 5.94516 6459 0.1 101 5310 66651
 36   28.9494    90764     5301        0.1      101 
28.949375 -2.0221 1.01459 5.94515 6460 0.1 101 5301 90764
 37   28.9574   132651     5316        0.1      100 
28.957375 -2.02211 1.01496 5.94513 6460 0.1 100 5316 132651
 38   28.9654   211815     5300        0.1      101 
28.965375 -2.02211 1.01532 5.94512 6460 0.1 101 5300 211815
 39   28.9734   362454     5313        0.1      101 
28.973375 -2.02212 1.01568 5.94511 6460 0.1 101 5313 362454
 40   28.9814   627977     5309        0.1      100 
28.981375 -2.02212 1.01604 5.94509 6461 0.1 100 5309 627977
 41   28.9894   393881     5312        0.1      101 
28.989375 -2.02213 1.01641 5.94508 6461 0.1 101 5312 393881
 42   28.9974    53517     5284        0.1      100 
28.997375 -2.02213 1.01677 5.94506 6461 0.1 100 5284 53517
 43   29.0054   584102     5289        0.1      102 
29.005375 -2.02214 1.01713 5.94505 6462 0.1 102 5289 584102
 44   29.0134   552703     5299        0.1      101 
29.013375 -2.02214 1.0175 5.94504 6462 0.1 101 5299 552703
 45   29.0214   303112     5305        0.1      100 
29.021375 -2.02214 1.01786 5.94502 6462 0.1 100 5305 303112
 46   29.0294   176163     5285        0.1      101 
29.029375 -2.02215 1.01822 5.94501 6462 0.1 101 5285 176163
 47   29.0374   113648     5303        0.1      100 
29.037375 -2.02215 1.01858 5.94499 6463 0.1 100 5303 113648
 48   29.0454    77590     5312        0.1      101 
29.045375 -2.02216 1.01894 5.94498 6463 0.1 101 5312 77590
 49   29.0534    39417     5289        0.1       99 
29.053375 -2.02216 1.01931 5.94496 6463 0.1 99 5289 39417
 50   29.0614    26373     5304        0.1      101 
29.061375 -2.02217 1.01967 5.94495 6464 0.1 101 5304 26373
#R 21 28.9814 627977 0.0204517 0 28.9831 4.22428e+06

Returning th to 28.8614


149.FOURCC> filters2 1 1 0 0


150.FOURCC> comment 'the filters2 command inserts Al filters of binarily increasing thickness'

Sun Dec 13 22:28:14 2020.  the filters2 command inserts Al filters of binarily increasing thickness.
#C Sun Dec 13 22:28:14 2020.  the filters2 command inserts Al filters of binarily increasing thickness.


151.FOURCC> mv th CEN


152.FOURCC> ct

Sun Dec 13 22:28:24 2020

     Seconds = 1
        IC_1 = 821 (821/s)
        Btot = 181890 (181890/s)
        Trig = 1005 (1005/s)


153.FOURCC> dscan th -.1 .1 50 .1
Total 51 points, 5.1 seconds

#S 22  ascan  th 28.881 29.081  50 0.1
#D Sun Dec 13 22:28:34 2020
#T 0.1  (Seconds)
#G0 0 0 0 0 0 1 0 0 0 0 0 0 50 0 0.1 0 68 68 50 -1 1 1 3.13542 3.13542 0 463.6 838.8
#G1 4.785 4.785 12.991 90 90 120 1.516237713 1.516237713 0.483656786 90 90 60 0 0 6 1 0 4 41.939375 20.3653625 89.32 0 0 0 35.392375 17.6428 50.8925 29.95 0 0 1.549802558 1.549802558 0 0
#G3 1.300508116 -0.02465241938 0.005739700252 0.7794892018 1.515949834 -0.005101256503 -0.00721294982 0.01628373547 0.4835958227
#G4 -2.022122678 1.016029361 5.945093389 1.549802558 21.43780898 20.10536796 0 91.04843716 0 0 0 0 0 0 0 0 -180 -170 -180 -180 -180 -180 -180 -180 -180 0
#Q -2.02212 1.01603 5.94509
#P0 57.722875 28.981031 132.0525 1.62775 -0.2 6.216 1.889625 1.3323
#P1 -0.05008 -0.19984 8.08975 1.50195 -0.43655 13.7217 -47.0089 
#U_ring 97.0133 52.3282 Disable 240 2.39081 0.0439503 1.8383
#U_rfsteering 868.532 2.44331 348.549 1.18705
#U_temp 79.52 0 71.85 72.11 75.4 76.91 0 989.533
#U_ID_UA 18.7573 8.22958 0 1
#U_ID_HSCU 0.109863 14.7715 22.1951 1
#U_slits 0.60009 0.190045 0.600163 0.0400488
#U_mono 8 1.5498 -19.8665 36.9719 0.0408 0.626389 3.48217
#U_BPM 13.2151 66.7884 -0.218305 On
#U_C_ICgains 1 uA/V 1 uA/V 10 uA/V
#U_C_JJs 700 0.0002535 299.999 -299.997
#U_KBs -719.986 0 3000.03 -300.018 -0.001 6.04132 2520.03 560.047
#U_ATTEN1 0 0 0 0
#U_ATTEN2 1 1 0 0
#U_ALP_BET 21.4378 20.1054
#N 9
#L Theta  H  K  L  Epoch  Seconds  Trig  IC_1  Btot

Scan  22   Sun Dec 13 22:28:34 2020   file = Align4Pete.spec  fourcC  user = 7idc
ascan  th 28.881 29.081  50 0.1

  #     Theta     Btot     IC_1    Seconds     Trig 
  0   28.8810      841       83        0.1      101 
28.881031 -2.02206 1.0115 5.94526 6522 0.1 101 83 841
  1   28.8850      262       84        0.1      101 
28.885031 -2.02207 1.01168 5.94525 6522 0.1 101 84 262
  2   28.8890      740       84        0.1      100 
28.889031 -2.02207 1.01186 5.94525 6522 0.1 100 84 740
  3   28.8930      745       83        0.1      100 
28.893031 -2.02207 1.01204 5.94524 6522 0.1 100 83 745
  4   28.8970      339       83        0.1      101 
28.897031 -2.02207 1.01222 5.94523 6523 0.1 101 83 339
  5   28.9010      311       83        0.1      101 
28.901031 -2.02208 1.0124 5.94523 6523 0.1 101 83 311
  6   28.9050      335       83        0.1      101 
28.905031 -2.02208 1.01258 5.94522 6523 0.1 101 83 335
  7   28.9090      405       83        0.1       99 
28.909031 -2.02208 1.01277 5.94521 6523 0.1 99 83 405
  8   28.9130     2802       83        0.1      101 
28.913031 -2.02208 1.01295 5.94521 6524 0.1 101 83 2802
  9   28.9170      472       83        0.1      101 
28.917031 -2.02209 1.01313 5.9452 6524 0.1 101 83 472
 10   28.9210     4242       84        0.1      100 
28.921031 -2.02209 1.01331 5.9452 6524 0.1 100 84 4242
 11   28.9250      588       84        0.1      101 
28.925031 -2.02209 1.01349 5.94519 6524 0.1 101 84 588
 12   28.9290      632       84        0.1      102 
28.929031 -2.02209 1.01367 5.94518 6525 0.1 102 84 632
 13   28.9330      759       84        0.1      102 
28.933031 -2.0221 1.01385 5.94518 6525 0.1 102 84 759
 14   28.9370      883       84        0.1       99 
28.937031 -2.0221 1.01403 5.94517 6525 0.1 99 84 883
 15   28.9410      991       84        0.1      102 
28.941031 -2.0221 1.01422 5.94516 6525 0.1 102 84 991
 16   28.9450     1103       84        0.1      101 
28.945031 -2.0221 1.0144 5.94516 6526 0.1 101 84 1103
 17   28.9490     1353       83        0.1      101 
28.949031 -2.0221 1.01458 5.94515 6526 0.1 101 83 1353
 18   28.9530     1570       84        0.1      100 
28.953031 -2.02211 1.01476 5.94514 6526 0.1 100 84 1570
 19   28.9570     1967       84        0.1      102 
28.957031 -2.02211 1.01494 5.94513 6526 0.1 102 84 1967
 20   28.9610     2567       84        0.1      101 
28.961031 -2.02211 1.01512 5.94513 6527 0.1 101 84 2567
 21   28.9650     3274       83        0.1      100 
28.965031 -2.02211 1.0153 5.94512 6527 0.1 100 83 3274
 22   28.9690     4508       84        0.1      100 
28.969031 -2.02212 1.01549 5.94511 6527 0.1 100 84 4508
 23   28.9730     6381       84        0.1      102 
28.973031 -2.02212 1.01567 5.94511 6527 0.1 102 84 6381
 24   28.9770    10078       84        0.1      102 
28.977031 -2.02212 1.01585 5.9451 6528 0.1 102 84 10078
 25   28.9810    17649       83        0.1      100 
28.981031 -2.02212 1.01603 5.94509 6528 0.1 100 83 17649
 26   28.9850    36440       84        0.1      100 
28.985031 -2.02212 1.01621 5.94509 6528 0.1 100 84 36440
 27   28.9890    93232       84        0.1      101 
28.989031 -2.02213 1.01639 5.94508 6528 0.1 101 84 93232
 28   28.9930   376934       83        0.1      101 
28.993031 -2.02213 1.01657 5.94507 6529 0.1 101 83 376934
 29   28.9970   636756       83        0.1      100 
28.997031 -2.02213 1.01675 5.94507 6529 0.1 100 83 636756
 30   29.0010   196309       84        0.1      101 
29.001031 -2.02213 1.01694 5.94506 6529 0.1 101 84 196309
 31   29.0050    64676       84        0.1      102 
29.005031 -2.02214 1.01712 5.94505 6529 0.1 102 84 64676
 32   29.0090    27860       84        0.1      101 
29.009031 -2.02214 1.0173 5.94504 6530 0.1 101 84 27860
 33   29.0130    14660       83        0.1      100 
29.013031 -2.02214 1.01748 5.94504 6530 0.1 100 83 14660
 34   29.0170     8585       84        0.1       99 
29.017031 -2.02214 1.01766 5.94503 6530 0.1 99 84 8585
 35   29.0210     5761       84        0.1      102 
29.021031 -2.02214 1.01784 5.94502 6530 0.1 102 84 5761
 36   29.0250     3959       83        0.1      101 
29.025031 -2.02215 1.01802 5.94501 6531 0.1 101 83 3959
 37   29.0290     2972       83        0.1       99 
29.029031 -2.02215 1.0182 5.94501 6531 0.1 99 83 2972
 38   29.0330     2262       84        0.1      100 
29.033031 -2.02215 1.01839 5.945 6531 0.1 100 84 2262
 39   29.0370     1780       84        0.1       99 
29.037031 -2.02215 1.01857 5.94499 6531 0.1 99 84 1780
 40   29.0410     1551       83        0.1      102 
29.041031 -2.02215 1.01875 5.94498 6532 0.1 102 83 1551
 41   29.0450     1160       83        0.1       99 
29.045031 -2.02216 1.01893 5.94498 6532 0.1 99 83 1160
 42   29.0490      867       83        0.1      100 
29.049031 -2.02216 1.01911 5.94497 6532 0.1 100 83 867
 43   29.0530      615       84        0.1      102 
29.053031 -2.02216 1.01929 5.94496 6532 0.1 102 84 615
 44   29.0570      476       84        0.1      102 
29.057031 -2.02216 1.01947 5.94495 6533 0.1 102 84 476
 45   29.0610      401       83        0.1      100 
29.061031 -2.02216 1.01965 5.94495 6533 0.1 100 83 401
 46   29.0650      381       84        0.1       99 
29.065031 -2.02217 1.01984 5.94494 6533 0.1 99 84 381
 47   29.0690      307       84        0.1      101 
29.069031 -2.02217 1.02002 5.94493 6533 0.1 101 84 307
 48   29.0730      286       84        0.1      101 
29.073031 -2.02217 1.0202 5.94492 6534 0.1 101 84 286
 49   29.0770      257       83        0.1      101 
29.077031 -2.02217 1.02038 5.94492 6534 0.1 101 83 257
 50   29.0810      250       84        0.1      101 
29.081031 -2.02217 1.02056 5.94491 6534 0.1 101 84 250
#R 22 28.997 636756 0.00771701 0 28.9956 1.54453e+06

Returning th to 28.981


154.FOURCC> filters2 0 0 1 0


155.FOURCC> ct

Sun Dec 13 22:29:05 2020

     Seconds = 1
        IC_1 = 256 (256/s)
        Btot = 39849 (39849/s)
        Trig = 1007 (1007/s)


156.FOURCC> dscan tth -1 1 30 .1
Total 31 points, 3.1 seconds

#S 23  ascan  tth 56.7229 58.7229  30 0.1
#D Sun Dec 13 22:29:19 2020
#T 0.1  (Seconds)
#G0 0 0 0 0 0 1 0 0 0 0 0 0 50 0 0.1 0 68 68 50 -1 1 1 3.13542 3.13542 0 463.6 838.8
#G1 4.785 4.785 12.991 90 90 120 1.516237713 1.516237713 0.483656786 90 90 60 0 0 6 1 0 4 41.939375 20.3653625 89.32 0 0 0 35.392375 17.6428 50.8925 29.95 0 0 1.549802558 1.549802558 0 0
#G3 1.300508116 -0.02465241938 0.005739700252 0.7794892018 1.515949834 -0.005101256503 -0.00721294982 0.01628373547 0.4835958227
#G4 -2.022122661 1.016027944 5.945093444 1.549802558 21.43778758 20.10538958 0 91.04840332 0 0 0 0 0 0 0 0 -180 -170 -180 -180 -180 -180 -180 -180 -180 0
#Q -2.02212 1.01603 5.94509
#P0 57.722875 28.981 132.0525 1.62775 -0.2 6.216 1.889625 1.3323
#P1 -0.05008 -0.19984 8.08975 1.50195 -0.43655 13.7217 -47.0089 
#U_ring 96.9895 52.0635 Disable 240 2.39607 0.0442837 1.84818
#U_rfsteering 868.863 2.44415 351.571 1.19461
#U_temp 79.52 0 71.85 72.11 75.4 76.91 0 989.516
#U_ID_UA 18.7573 8.22958 0 1
#U_ID_HSCU 0.109863 14.7715 22.1951 1
#U_slits 0.60009 0.190045 0.600163 0.0400488
#U_mono 8 1.5498 -19.8665 36.9719 0.0408 0.626389 3.48112
#U_BPM 13.1961 67.4184 0.668125 On
#U_C_ICgains 1 uA/V 1 uA/V 10 uA/V
#U_C_JJs 700 0.0002535 299.999 -299.997
#U_KBs -719.986 0 3000.03 -300.018 -0.001 6.04132 2520.03 560.047
#U_ATTEN1 0 0 0 0
#U_ATTEN2 0 0 1 0
#U_ALP_BET 21.4378 20.1054
#N 9
#L TwoTheta  H  K  L  Epoch  Seconds  Trig  IC_1  Btot

Scan  23   Sun Dec 13 22:29:19 2020   file = Align4Pete.spec  fourcC  user = 7idc
ascan  tth 56.7229 58.7229  30 0.1

  #  TwoTheta     Btot     IC_1    Seconds     Trig 
  0   56.7227        6       26        0.1      102 
56.72275 -1.99022 1.02217 5.84964 6567 0.1 102 26 6
  1   56.7896        6       27        0.1      100 
56.789625 -1.99236 1.02178 5.85605 6568 0.1 100 27 6
  2   56.8564        4       27        0.1      101 
56.856375 -1.9945 1.0214 5.86244 6569 0.1 101 27 4
  3   56.9229        2       27        0.1      102 
56.922875 -1.99663 1.02101 5.86881 6569 0.1 102 27 2
  4   56.9895        4       26        0.1      101 
56.9895 -1.99876 1.02061 5.87518 6570 0.1 101 26 4
  5   57.0564        4       27        0.1      101 
57.056375 -2.0009 1.02022 5.88158 6570 0.1 101 27 4
  6   57.1228        7       27        0.1      101 
57.12275 -2.00302 1.01982 5.88792 6571 0.1 101 27 7
  7   57.1895        6       27        0.1      100 
57.1895 -2.00515 1.01941 5.89429 6572 0.1 100 27 6
  8   57.2564        5       27        0.1      101 
57.256375 -2.00728 1.019 5.90068 6572 0.1 101 27 5
  9   57.3227        9       26        0.1      101 
57.32275 -2.0094 1.01859 5.90701 6573 0.1 101 26 9
 10   57.3894       11       26        0.1      101 
57.389375 -2.01152 1.01817 5.91336 6574 0.1 101 26 11
 11   57.4564       23       27        0.1      101 
57.456375 -2.01365 1.01775 5.91974 6574 0.1 101 27 23
 12   57.5228      172       26        0.1      100 
57.52275 -2.01576 1.01733 5.92606 6575 0.1 100 26 172
 13   57.5895     2212       27        0.1      101 
57.5895 -2.01789 1.0169 5.93241 6576 0.1 101 27 2212
 14   57.6562     4458       26        0.1      101 
57.65625 -2.02001 1.01646 5.93876 6576 0.1 101 26 4458
 15   57.7227     4446       27        0.1      101 
57.72275 -2.02212 1.01603 5.94508 6577 0.1 101 27 4446
 16   57.7896     5335       26        0.1      100 
57.789625 -2.02424 1.01559 5.95143 6577 0.1 100 26 5335
 17   57.8564     5490       27        0.1      101 
57.856375 -2.02636 1.01514 5.95777 6578 0.1 101 27 5490
 18   57.9228     4357       26        0.1       99 
57.92275 -2.02846 1.0147 5.96407 6579 0.1 99 26 4357
 19   57.9896     4322       27        0.1      102 
57.989625 -2.03058 1.01424 5.97041 6579 0.1 102 27 4322
 20   58.0564     4397       26        0.1      102 
58.056375 -2.03269 1.01379 5.97673 6580 0.1 102 26 4397
 21   58.1228     3930       27        0.1      101 
58.12275 -2.03479 1.01333 5.98301 6581 0.1 101 27 3930
 22   58.1895      420       26        0.1      100 
58.1895 -2.0369 1.01287 5.98933 6581 0.1 100 26 420
 23   58.2564      702       26        0.1      101 
58.256375 -2.03901 1.0124 5.99565 6582 0.1 101 26 702
 24   58.3227       19       26        0.1      102 
58.32275 -2.04111 1.01193 6.00193 6583 0.1 102 26 19
 25   58.3894      484       26        0.1      102 
58.389375 -2.04321 1.01145 6.00822 6583 0.1 102 26 484
 26   58.4564        2       27        0.1      100 
58.456375 -2.04532 1.01097 6.01454 6584 0.1 100 27 2
 27   58.5228        3       27        0.1      100 
58.52275 -2.04741 1.01049 6.0208 6585 0.1 100 27 3
 28   58.5894        2       26        0.1      101 
58.589375 -2.04951 1.01 6.02709 6585 0.1 101 26 2
 29   58.6564      944       27        0.1      101 
58.656375 -2.05161 1.00951 6.0334 6586 0.1 101 27 944
 30   58.7227        3       27        0.1      102 
58.72275 -2.0537 1.00902 6.03965 6586 0.1 102 27 3
#R 23 57.8562 5490 0.54002 0 57.8969 41785

Returning tth to 57.7229


157.FOURCC> mv tth CEN


158.FOURCC> dscan chi -1 1 30 .1
Total 31 points, 3.1 seconds

#S 24  ascan  chi 131.053 133.053  30 0.1
#D Sun Dec 13 22:29:51 2020
#T 0.1  (Seconds)
#G0 0 0 0 0 0 1 0 0 0 0 0 0 50 0 0.1 0 68 68 50 -1 1 1 3.13542 3.13542 0 463.6 838.8
#G1 4.785 4.785 12.991 90 90 120 1.516237713 1.516237713 0.483656786 90 90 60 0 0 6 1 0 4 41.939375 20.3653625 89.32 0 0 0 35.392375 17.6428 50.8925 29.95 0 0 1.549802558 1.549802558 0 0
#G3 1.300508116 -0.02465241938 0.005739700252 0.7794892018 1.515949834 -0.005101256503 -0.00721294982 0.01628373547 0.4835958227
#G4 -2.026959525 1.015015309 5.959571948 1.549802558 21.43778758 20.21081186 0 90.96584291 0 0 0 0 0 0 0 0 -180 -170 -180 -180 -180 -180 -180 -180 -180 0
#Q -2.02696 1.01502 5.95957
#P0 57.875375 28.981 132.0525 1.62775 -0.2 6.216 1.889625 1.3323
#P1 -0.05008 -0.19984 8.08975 1.50195 -0.43655 13.7217 -47.0089 
#U_ring 96.9735 51.7197 Disable 240 2.38187 0.0436104 1.83093
#U_rfsteering 867.668 2.44124 349.018 1.18827
#U_temp 79.52 0 71.85 72.11 75.4 76.91 0 989.509
#U_ID_UA 18.7573 8.22958 0 1
#U_ID_HSCU 0.109863 14.7715 22.1951 1
#U_slits 0.60009 0.190045 0.600163 0.0400488
#U_mono 8 1.5498 -19.8665 36.9719 0.0408 0.626389 3.48112
#U_BPM 13.2441 68.3582 1.58319 On
#U_C_ICgains 1 uA/V 1 uA/V 10 uA/V
#U_C_JJs 700 0.0002535 299.999 -299.997
#U_KBs -719.986 0 3000.03 -300.018 -0.001 6.04132 2520.03 560.047
#U_ATTEN1 0 0 0 0
#U_ATTEN2 0 0 1 0
#U_ALP_BET 21.4378 20.2108
#N 9
#L Chi  H  K  L  Epoch  Seconds  Trig  IC_1  Btot

Scan  24   Sun Dec 13 22:29:51 2020   file = Align4Pete.spec  fourcC  user = 7idc
ascan  chi 131.053 133.053  30 0.1

  #       Chi     Btot     IC_1    Seconds     Trig 
  0  131.0500        4       27        0.1      101 
131.05 -1.98825 0.996394 6.05493 6598 0.1 101 27 4
  1  131.1200     2564       26        0.1      102 
131.12 -1.99097 0.997704 6.04833 6598 0.1 102 26 2564
  2  131.1850        7       27        0.1      101 
131.185 -1.9935 0.998919 6.04219 6598 0.1 101 27 7
  3  131.2525      264       26        0.1      101 
131.2525 -1.99612 1.00018 6.03582 6598 0.1 101 26 264
  4  131.3200       15       27        0.1      101 
131.32 -1.99873 1.00144 6.02943 6599 0.1 101 27 15
  5  131.3850      128       27        0.1      101 
131.385 -2.00125 1.00265 6.02327 6599 0.1 101 27 128
  6  131.4525      321       26        0.1      101 
131.4525 -2.00386 1.00391 6.01686 6599 0.1 101 26 321
  7  131.5225      537       26        0.1      100 
131.5225 -2.00657 1.00521 6.01021 6600 0.1 100 26 537
  8  131.5825     2824       27        0.1      102 
131.5825 -2.00889 1.00632 6.00451 6600 0.1 102 27 2824
  9  131.6525     1450       27        0.1      101 
131.6525 -2.01159 1.00762 5.99784 6600 0.1 101 27 1450
 10  131.7225     4196       27        0.1      100 
131.7225 -2.01428 1.00892 5.99116 6601 0.1 100 27 4196
 11  131.7825     6420       27        0.1      101 
131.7825 -2.01659 1.01003 5.98543 6601 0.1 101 27 6420
 12  131.8525     4994       26        0.1       99 
131.8525 -2.01929 1.01132 5.97874 6601 0.1 99 26 4994
 13  131.9200     6149       26        0.1      101 
131.92 -2.02188 1.01257 5.97228 6602 0.1 101 26 6149
 14  131.9850     4911       27        0.1       99 
131.985 -2.02437 1.01377 5.96605 6602 0.1 99 27 4911
 15  132.0525     4533       26        0.1      101 
132.0525 -2.02696 1.01502 5.95957 6602 0.1 101 26 4533
 16  132.1200     4439       27        0.1       99 
132.12 -2.02954 1.01626 5.95309 6603 0.1 99 27 4439
 17  132.1850     4371       26        0.1      102 
132.185 -2.03203 1.01745 5.94683 6603 0.1 102 26 4371
 18  132.2525     3636       26        0.1      100 
132.2525 -2.03461 1.01869 5.94033 6603 0.1 100 26 3636
 19  132.3225     4189       27        0.1      102 
132.3225 -2.03728 1.01998 5.93358 6603 0.1 102 27 4189
 20  132.3825      241       26        0.1      101 
132.3825 -2.03957 1.02108 5.92778 6604 0.1 101 26 241
 21  132.4525      112       26        0.1      101 
132.4525 -2.04223 1.02236 5.92101 6604 0.1 101 26 112
 22  132.5225       44       26        0.1      100 
132.5225 -2.0449 1.02364 5.91424 6604 0.1 100 26 44
 23  132.5825       26       27        0.1      100 
132.5825 -2.04718 1.02474 5.90842 6605 0.1 100 27 26
 24  132.6525       11       26        0.1      102 
132.6525 -2.04983 1.02601 5.90163 6605 0.1 102 26 11
 25  132.7200        6       27        0.1      100 
132.72 -2.05239 1.02724 5.89507 6605 0.1 100 27 6
 26  132.7850        1       27        0.1      101 
132.785 -2.05485 1.02843 5.88874 6606 0.1 101 27 1
 27  132.8525        8       26        0.1       99 
132.8525 -2.05741 1.02965 5.88217 6606 0.1 99 26 8
 28  132.9200        1       27        0.1      102 
132.92 -2.05996 1.03088 5.87558 6606 0.1 102 27 1
 29  132.9850        5       27        0.1       99 
132.985 -2.06241 1.03206 5.86924 6607 0.1 99 27 5
 30  133.0525    11772       26        0.1      101 
133.0525 -2.06496 1.03328 5.86264 6607 0.1 101 26 11772
#R 24 133.053 11772 0.0333475 0 132.116 68179

Returning chi to 132.053


159.FOURCC> dscan chi -1.5 2 50 .1
Total 51 points, 5.1 seconds

#S 25  ascan  chi 130.555 134.055  50 0.1
#D Sun Dec 13 22:30:29 2020
#T 0.1  (Seconds)
#G0 0 0 0 0 0 1 0 0 0 0 0 0 50 0 0.1 0 68 68 50 -1 1 1 3.13542 3.13542 0 463.6 838.8
#G1 4.785 4.785 12.991 90 90 120 1.516237713 1.516237713 0.483656786 90 90 60 0 0 6 1 0 4 41.939375 20.3653625 89.32 0 0 0 35.392375 17.6428 50.8925 29.95 0 0 1.549802558 1.549802558 0 0
#G3 1.300508116 -0.02465241938 0.005739700252 0.7794892018 1.515949834 -0.005101256503 -0.00721294982 0.01628373547 0.4835958227
#G4 -2.027055291 1.015061362 5.95933186 1.549802558 21.43690486 20.20993869 0 90.96579539 0 0 0 0 0 0 0 0 -180 -170 -180 -180 -180 -180 -180 -180 -180 0
#Q -2.02706 1.01506 5.95933
#P0 57.875375 28.981 132.055 1.62775 -0.2 6.216 1.889625 1.3323
#P1 -0.05008 -0.19984 8.08975 1.50195 -0.43655 13.7217 -47.0089 
#U_ring 96.954 52.5054 Disable 240 2.40345 0.0446718 1.85865
#U_rfsteering 869.682 2.44617 349.168 1.18872
#U_temp 79.52 0 71.85 72.11 75.4 76.91 0 989.491
#U_ID_UA 18.7573 8.22958 0 1
#U_ID_HSCU 0.109863 14.7715 22.1951 1
#U_slits 0.60009 0.190045 0.600163 0.0400488
#U_mono 8 1.5498 -19.8665 36.9719 0.0408 0.626389 3.48007
#U_BPM 13.1964 67.2183 -1.37984 On
#U_C_ICgains 1 uA/V 1 uA/V 10 uA/V
#U_C_JJs 700 0.0002535 299.999 -299.997
#U_KBs -719.986 0 3000.03 -300.018 -0.001 6.04132 2520.03 560.047
#U_ATTEN1 0 0 0 0
#U_ATTEN2 0 0 1 0
#U_ALP_BET 21.4369 20.2099
#N 9
#L Chi  H  K  L  Epoch  Seconds  Trig  IC_1  Btot

Scan  25   Sun Dec 13 22:30:29 2020   file = Align4Pete.spec  fourcC  user = 7idc
ascan  chi 130.555 134.055  50 0.1

  #       Chi     Btot     IC_1    Seconds     Trig 
  0  130.5550        3       26        0.1      102 
130.555 -1.96891 0.987087 6.10133 6635 0.1 102 26 3
  1  130.6225        4       26        0.1      100 
130.6225 -1.97155 0.98836 6.09503 6636 0.1 100 26 4
  2  130.6975        2       26        0.1      101 
130.6975 -1.97449 0.989774 6.08802 6636 0.1 101 26 2
  3  130.7625        3       26        0.1      101 
130.7625 -1.97703 0.990997 6.08193 6636 0.1 101 26 3
  4  130.8375        6       26        0.1      101 
130.8375 -1.97996 0.992407 6.0749 6637 0.1 101 26 6
  5  130.9025        4       26        0.1      100 
130.9025 -1.9825 0.993628 6.0688 6637 0.1 100 26 4
  6  130.9775        4       27        0.1      101 
130.9775 -1.98543 0.995035 6.06175 6637 0.1 101 27 4
  7  131.0425        1       27        0.1      101 
131.0425 -1.98796 0.996253 6.05563 6638 0.1 101 27 1
  8  131.1175        2       26        0.1      102 
131.1175 -1.99087 0.997657 6.04857 6638 0.1 102 26 2
  9  131.1825        6       27        0.1      100 
131.1825 -1.9934 0.998873 6.04243 6638 0.1 100 27 6
 10  131.2575        4       26        0.1      102 
131.2575 -1.99631 1.00027 6.03534 6639 0.1 102 26 4
 11  131.3225       22       26        0.1      100 
131.3225 -1.99883 1.00149 6.02919 6639 0.1 100 26 22
 12  131.3975      159       26        0.1       99 
131.3975 -2.00174 1.00288 6.02208 6639 0.1 99 26 159
 13  131.4625      331       27        0.1      101 
131.4625 -2.00425 1.00409 6.01591 6640 0.1 101 27 331
 14  131.5375      540       26        0.1      101 
131.5375 -2.00715 1.00549 6.00879 6640 0.1 101 26 540
 15  131.6025      839       26        0.1      100 
131.6025 -2.00966 1.00669 6.0026 6640 0.1 100 26 839
 16  131.6775     2106       26        0.1      101 
131.6775 -2.01255 1.00809 5.99546 6641 0.1 101 26 2106
 17  131.7425     4834       27        0.1      100 
131.7425 -2.01505 1.00929 5.98925 6641 0.1 100 27 4834
 18  131.8175     5108       27        0.1      101 
131.8175 -2.01794 1.01068 5.98209 6641 0.1 101 27 5108
 19  131.8825     4825       26        0.1      101 
131.8825 -2.02044 1.01188 5.97587 6642 0.1 101 26 4825
 20  131.9575     4843       26        0.1      100 
131.9575 -2.02332 1.01326 5.96869 6642 0.1 100 26 4843
 21  132.0225     5219       27        0.1       99 
132.0225 -2.02581 1.01446 5.96245 6642 0.1 99 27 5219
 22  132.0950     5122       27        0.1      101 
132.095 -2.02859 1.0158 5.95549 6643 0.1 101 27 5122
 23  132.1650     4359       27        0.1      100 
132.165 -2.03127 1.01709 5.94876 6643 0.1 100 27 4359
 24  132.2375     4498       26        0.1      101 
132.2375 -2.03404 1.01842 5.94177 6643 0.1 101 26 4498
 25  132.3025     1860       27        0.1       99 
132.3025 -2.03652 1.01961 5.93551 6644 0.1 99 27 1860
 26  132.3775     2191       26        0.1      101 
132.3775 -2.03938 1.02099 5.92827 6644 0.1 101 26 2191
 27  132.4425      206       27        0.1      101 
132.4425 -2.04185 1.02218 5.92198 6644 0.1 101 27 206
 28  132.5175      789       27        0.1      100 
132.5175 -2.04471 1.02355 5.91472 6645 0.1 100 27 789
 29  132.5825       20       26        0.1      102 
132.5825 -2.04718 1.02474 5.90842 6645 0.1 102 26 20
 30  132.6575        5       26        0.1      100 
132.6575 -2.05002 1.0261 5.90114 6645 0.1 100 26 5
 31  132.7225     2637       26        0.1      101 
132.7225 -2.05249 1.02729 5.89482 6645 0.1 101 26 2637
 32  132.7975        7       27        0.1      101 
132.7975 -2.05533 1.02865 5.88753 6646 0.1 101 27 7
 33  132.8625        4       26        0.1      100 
132.8625 -2.05778 1.02983 5.88119 6646 0.1 100 26 4
 34  132.9375        3       26        0.1      100 
132.9375 -2.06062 1.0312 5.87388 6646 0.1 100 26 3
 35  133.0025        3       26        0.1      102 
133.0025 -2.06307 1.03238 5.86753 6647 0.1 102 26 3
 36  133.0775     2821       27        0.1      100 
133.0775 -2.0659 1.03373 5.86019 6647 0.1 100 27 2821
 37  133.1425        3       26        0.1      102 
133.1425 -2.06834 1.03491 5.85382 6647 0.1 102 26 3
 38  133.2175        3       27        0.1      101 
133.2175 -2.07117 1.03627 5.84647 6648 0.1 101 27 3
 39  133.2825     1515       26        0.1       99 
133.2825 -2.07361 1.03744 5.84009 6648 0.1 99 26 1515
 40  133.3575        4       26        0.1      101 
133.3575 -2.07642 1.03879 5.83271 6648 0.1 101 26 4
 41  133.4225        2       26        0.1      100 
133.4225 -2.07886 1.03996 5.82632 6649 0.1 100 26 2
 42  133.4975        5       27        0.1      101 
133.4975 -2.08166 1.04131 5.81892 6649 0.1 101 27 5
 43  133.5625        3       27        0.1       99 
133.5625 -2.08409 1.04248 5.81251 6649 0.1 99 27 3
 44  133.6375        5       26        0.1      100 
133.6375 -2.08689 1.04382 5.8051 6650 0.1 100 26 5
 45  133.7025        3       26        0.1      102 
133.7025 -2.08932 1.04499 5.79867 6650 0.1 102 26 3
 46  133.7775        4       26        0.1       99 
133.7775 -2.09211 1.04633 5.79124 6650 0.1 99 26 4
 47  133.8425      582       26        0.1      102 
133.8425 -2.09453 1.04749 5.78479 6651 0.1 102 26 582
 48  133.9175        2       26        0.1      100 
133.9175 -2.09732 1.04883 5.77734 6651 0.1 100 26 2
 49  133.9825        5       26        0.1      101 
133.9825 -2.09973 1.04999 5.77088 6651 0.1 101 26 5
 50  134.0575        2       26        0.1      102 
134.0575 -2.10251 1.05132 5.76342 6652 0.1 102 26 2
#R 25 132.025 5219 0.597192 0 132.14 55528

Returning chi to 132.055


160.FOURCC> mv chi CEN


161.FOURCC> dscan th -.04 .04 50 .1
Total 51 points, 5.1 seconds

#S 26  ascan  th 28.941 29.021  50 0.1
#D Sun Dec 13 22:31:11 2020
#T 0.1  (Seconds)
#G0 0 0 0 0 0 1 0 0 0 0 0 0 50 0 0.1 0 68 68 50 -1 1 1 3.13542 3.13542 0 463.6 838.8
#G1 4.785 4.785 12.991 90 90 120 1.516237713 1.516237713 0.483656786 90 90 60 0 0 6 1 0 4 41.939375 20.3653625 89.32 0 0 0 35.392375 17.6428 50.8925 29.95 0 0 1.549802558 1.549802558 0 0
#G3 1.300508116 -0.02465241938 0.005739700252 0.7794892018 1.515949834 -0.005101256503 -0.00721294982 0.01628373547 0.4835958227
#G4 -2.024372395 1.01377117 5.966050052 1.549802558 21.46160748 20.23437386 0 90.9671284 0 0 0 0 0 0 0 0 -180 -170 -180 -180 -180 -180 -180 -180 -180 0
#Q -2.02437 1.01377 5.96605
#P0 57.875375 28.981 131.985 1.62775 -0.2 6.216 1.889625 1.3323
#P1 -0.05008 -0.19984 8.08975 1.50195 -0.43655 13.7217 -47.0089 
#U_ring 96.9318 52.693 Disable 240 2.37553 0.0437275 1.84075
#U_rfsteering 871.177 2.4499 349.448 1.18945
#U_temp 79.52 0 71.85 72.11 75.4 76.91 0 989.445
#U_ID_UA 18.7573 8.22958 0 1
#U_ID_HSCU 0.109863 14.7715 22.1951 1
#U_slits 0.60009 0.190045 0.600163 0.0400488
#U_mono 8 1.5498 -19.8665 36.9719 0.0408 0.626389 3.48007
#U_BPM 13.2136 68.0201 -1.12486 On
#U_C_ICgains 1 uA/V 1 uA/V 10 uA/V
#U_C_JJs 700 0.0002535 299.999 -299.997
#U_KBs -719.986 0 3000.03 -300.018 -0.001 6.04132 2520.03 560.047
#U_ATTEN1 0 0 0 0
#U_ATTEN2 0 0 1 0
#U_ALP_BET 21.4616 20.2344
#N 9
#L Theta  H  K  L  Epoch  Seconds  Trig  IC_1  Btot

Scan  26   Sun Dec 13 22:31:11 2020   file = Align4Pete.spec  fourcC  user = 7idc
ascan  th 28.941 29.021  50 0.1

  #     Theta     Btot     IC_1    Seconds     Trig 
  0   28.9410     5631       26        0.1      101 
28.941 -2.02435 1.01195 5.96611 6678 0.1 101 26 5631
  1   28.9426     1411       26        0.1       99 
28.942594 -2.02435 1.01203 5.96611 6678 0.1 99 26 1411
  2   28.9442      265       26        0.1       99 
28.944188 -2.02435 1.0121 5.96611 6679 0.1 99 26 265
  3   28.9458      255       26        0.1      100 
28.945812 -2.02435 1.01217 5.96611 6679 0.1 100 26 255
  4   28.9474     8047       26        0.1       99 
28.947406 -2.02435 1.01224 5.9661 6679 0.1 99 26 8047
  5   28.9490     2077       26        0.1      101 
28.949 -2.02435 1.01232 5.9661 6679 0.1 101 26 2077
  6   28.9506      334       26        0.1      102 
28.950594 -2.02435 1.01239 5.9661 6680 0.1 102 26 334
  7   28.9522      370       26        0.1      101 
28.952188 -2.02435 1.01246 5.9661 6680 0.1 101 26 370
  8   28.9538      415       27        0.1      102 
28.953813 -2.02436 1.01254 5.96609 6680 0.1 102 27 415
  9   28.9554      432       26        0.1      102 
28.955406 -2.02436 1.01261 5.96609 6680 0.1 102 26 432
 10   28.9570      502       26        0.1       99 
28.957 -2.02436 1.01268 5.96609 6680 0.1 99 26 502
 11   28.9586      527       26        0.1      100 
28.958594 -2.02436 1.01275 5.96609 6681 0.1 100 26 527
 12   28.9602      558       26        0.1      100 
28.960187 -2.02436 1.01283 5.96608 6681 0.1 100 26 558
 13   28.9618      673       26        0.1       99 
28.961813 -2.02436 1.0129 5.96608 6681 0.1 99 26 673
 14   28.9634      711       26        0.1      101 
28.963406 -2.02436 1.01297 5.96608 6681 0.1 101 26 711
 15   28.9650      831       26        0.1      102 
28.965 -2.02436 1.01304 5.96608 6682 0.1 102 26 831
 16   28.9666      943       26        0.1      102 
28.966594 -2.02436 1.01312 5.96607 6682 0.1 102 26 943
 17   28.9682     1036       26        0.1      101 
28.968187 -2.02436 1.01319 5.96607 6682 0.1 101 26 1036
 18   28.9698     1205       26        0.1       99 
28.969812 -2.02437 1.01326 5.96607 6682 0.1 99 26 1205
 19   28.9714     1236       26        0.1      100 
28.971406 -2.02437 1.01334 5.96607 6682 0.1 100 26 1236
 20   28.9730     1593       27        0.1      100 
28.973 -2.02437 1.01341 5.96606 6683 0.1 100 27 1593
 21   28.9746     1868       27        0.1       99 
28.974594 -2.02437 1.01348 5.96606 6683 0.1 99 27 1868
 22   28.9762     2153       27        0.1      100 
28.976188 -2.02437 1.01355 5.96606 6683 0.1 100 27 2153
 23   28.9778     2669       27        0.1      101 
28.977812 -2.02437 1.01363 5.96606 6683 0.1 101 27 2669
 24   28.9794     3151       27        0.1      102 
28.979406 -2.02437 1.0137 5.96605 6684 0.1 102 27 3151
 25   28.9810     4101       26        0.1      101 
28.981 -2.02437 1.01377 5.96605 6684 0.1 101 26 4101
 26   28.9826     5490       26        0.1      102 
28.982594 -2.02437 1.01384 5.96605 6684 0.1 102 26 5490
 27   28.9842     7457       26        0.1      101 
28.984188 -2.02437 1.01392 5.96604 6684 0.1 101 26 7457
 28   28.9858    10087       27        0.1      100 
28.985813 -2.02438 1.01399 5.96604 6685 0.1 100 27 10087
 29   28.9874    14093       26        0.1      100 
28.987406 -2.02438 1.01406 5.96604 6685 0.1 100 26 14093
 30   28.9890    20914       26        0.1       99 
28.989 -2.02438 1.01413 5.96604 6685 0.1 99 26 20914
 31   28.9906    33462       27        0.1      102 
28.990594 -2.02438 1.01421 5.96603 6685 0.1 102 27 33462
 32   28.9922    65337       26        0.1      101 
28.992188 -2.02438 1.01428 5.96603 6685 0.1 101 26 65337
 33   28.9938   155202       26        0.1      102 
28.993813 -2.02438 1.01435 5.96603 6686 0.1 102 26 155202
 34   28.9954   565076       26        0.1      100 
28.995406 -2.02438 1.01443 5.96603 6686 0.1 100 26 565076
 35   28.9970   713554       26        0.1      101 
28.997 -2.02438 1.0145 5.96602 6686 0.1 101 26 713554
 36   28.9986   228661       27        0.1       99 
28.998594 -2.02438 1.01457 5.96602 6686 0.1 99 27 228661
 37   29.0002    77571       26        0.1      101 
29.000187 -2.02438 1.01464 5.96602 6687 0.1 101 26 77571
 38   29.0018    43373       26        0.1      101 
29.001812 -2.02438 1.01472 5.96602 6687 0.1 101 26 43373
 39   29.0034    27192       26        0.1      101 
29.003406 -2.02439 1.01479 5.96601 6687 0.1 101 26 27192
 40   29.0050    18122       26        0.1      101 
29.005 -2.02439 1.01486 5.96601 6687 0.1 101 26 18122
 41   29.0066    12644       26        0.1      101 
29.006594 -2.02439 1.01493 5.96601 6687 0.1 101 26 12644
 42   29.0082     9038       27        0.1      100 
29.008187 -2.02439 1.01501 5.96601 6688 0.1 100 27 9038
 43   29.0098     6693       27        0.1      100 
29.009812 -2.02439 1.01508 5.966 6688 0.1 100 27 6693
 44   29.0114     5063       26        0.1      101 
29.011406 -2.02439 1.01515 5.966 6688 0.1 101 26 5063
 45   29.0130     3905       26        0.1      100 
29.013 -2.02439 1.01523 5.966 6688 0.1 100 26 3905
 46   29.0146     3069       27        0.1      101 
29.014594 -2.02439 1.0153 5.96599 6689 0.1 101 27 3069
 47   29.0162     2483       26        0.1      101 
29.016188 -2.02439 1.01537 5.96599 6689 0.1 101 26 2483
 48   29.0178     2034       26        0.1      102 
29.017813 -2.02439 1.01544 5.96599 6689 0.1 102 26 2034
 49   29.0194     1714       26        0.1      102 
29.019406 -2.02439 1.01552 5.96599 6689 0.1 102 26 1714
 50   29.0210     1452       26        0.1      102 
29.021 -2.0244 1.01559 5.96598 6689 0.1 102 26 1452
#R 26 28.997 713554 0.00359038 0 28.9959 2.07668e+06

Returning th to 28.981


162.FOURCC> mv th CEN


163.FOURCC> wh

H K L =  -2.0244  1.0145  5.966
Alpha = 21.472  Beta = 20.224  Azimuth = 90.984
Omega = 0  Lambda = 1.5498

  TwoTheta      Theta        Chi        Phi 
  57.87537   28.99638  131.98500    1.62775 


164.FOURCC> sor

Sun Dec 13 22:31:32 2020.  Orientation vectors swapped.
#C Sun Dec 13 22:31:32 2020.  Orientation vectors swapped.
(UB recalculated from orientation reflections and lattice.)


165.FOURCC> wh

H K L =  -2.0488  1.0145  5.9041
Alpha = 20.905  Beta = 20.337  Azimuth = 90.443
Omega = 0  Lambda = 1.5498

  TwoTheta      Theta        Chi        Phi 
  57.87537   28.99638  131.98500    1.62775 


166.FOURCC> comment 'OK this was not the greatest orientation in the history of diffraction'

Sun Dec 13 22:32:06 2020.  OK this was not the greatest orientation in the history of diffraction.
#C Sun Dec 13 22:32:06 2020.  OK this was not the greatest orientation in the history of diffraction.


167.FOURCC> comment 'it might be better if this reflection was used instead of 006'

Sun Dec 13 22:32:44 2020.  it might be better if this reflection was used instead of 006.
#C Sun Dec 13 22:32:44 2020.  it might be better if this reflection was used instead of 006.


168.FOURCC> comment 'in my experience, specular reflections are easy to find but do not make good orientation matrices'

Sun Dec 13 22:34:07 2020.  in my experience, specular reflections are easy to find but do not make good orientation matrices.
#C Sun Dec 13 22:34:07 2020.  in my experience, specular reflections are easy to find but do not make good orientation matrices.


169.FOURCC> comment 'maybe because of refraction effects, I do not know'

Sun Dec 13 22:34:18 2020.  maybe because of refraction effects, I do not know.
#C Sun Dec 13 22:34:18 2020.  maybe because of refraction effects, I do not know.


170.FOURCC> pa

Four-Circle Geometry, Omega equals zero (mode 0)
Sector 0

  Primary Reflection (at lambda 1.5498):
          tth th chi phi = 35.3924 17.6428 50.8925 29.95 
                   H K L = 1 0 4

  Secondary Reflection (at lambda 1.5498):
          tth th chi phi = 41.9394 20.3654 89.32 0 
                   H K L = 0 0 6

  Lattice Constants (lengths / angles):
              real space = 4.785 4.785 12.99 / 90 90 120
        reciprocal space = 1.516 1.516 0.4837 / 90 90 60

  Azimuthal Reference:
                   H K L = 0 0 1

                  Lambda = 1.5498 

 Cut Points:
      tth   th  chi  phi
     -180 -170 -180 -180


171.FOURCC> wh

H K L =  -2.0488  1.0145  5.9041
Alpha = 20.905  Beta = 20.337  Azimuth = 90.443
Omega = 0  Lambda = 1.5498

  TwoTheta      Theta        Chi        Phi 
  57.87537   28.99638  131.98500    1.62775 


172.FOURCC> comment 'replace 006 with the current reflection'

Sun Dec 13 22:34:38 2020.  replace 006 with the current reflection.
#C Sun Dec 13 22:34:38 2020.  replace 006 with the current reflection.


173.FOURCC> or1 -2 1 6
PRINTER=""
H=-2.04883
K=1.01447
L=5.90412
LAMBDA=1.5498
ALPHA=20.9049
BETA=20.3365
OMEGA=0
AZIMUTH=90.4432
F_ALPHA=0
F_BETA=0
F_OMEGA=0
F_AZIMUTH=0
F_THETA=0
F_PHI=0
F_CHI_Z=0
F_PHI_Z=0
CUT_AZI=0
CUT_TTH=-180
CUT_TH=-170
CUT_CHI=-180
CUT_PHI=-180
g_mode=0
g_sect=0
g_frz=0
g_omsect=0
g_aa=4.785
g_bb=4.785
g_cc=12.991
g_al=90
g_be=90
g_ga=120
g_aa_s=1.51624
g_bb_s=1.51624
g_cc_s=0.483657
g_al_s=90
g_be_s=90
g_ga_s=60
g_u00=35.3924
g_u01=17.6428
g_u02=50.8925
g_u03=29.95
g_u10=41.9394
g_u11=20.3654
g_u12=89.32
g_u13=0
g_h0=1
g_k0=0
g_l0=4
g_h1=0
g_k1=0
g_l1=6
g_lambda0=1.5498
g_lambda1=1.5498
calcG
g_haz=0
g_kaz=0
g_laz=1
g_zh0=0
g_zk0=0
g_zl0=0
g_zh1=0
g_zk1=0
g_zl1=0
#C Sun Dec 13 22:34:42 2020.  g_h1 reset from 0 to -2.
#C Sun Dec 13 22:34:42 2020.  g_k1 reset from 0 to 1.
#C Sun Dec 13 22:34:42 2020.  g_u10 reset from 41.9394 to 57.8754.
#C Sun Dec 13 22:34:42 2020.  g_u11 reset from 20.3654 to 28.9964.
#C Sun Dec 13 22:34:42 2020.  g_u12 reset from 89.32 to 131.985.
#C Sun Dec 13 22:34:42 2020.  g_u13 reset from 0 to 1.62775.
(UB recalculated from orientation reflections and lattice.)


174.FOURCC> wh

H K L =  -2.0469  1.0069  5.9088
Alpha = 20.842  Beta = 20.433  Azimuth = 90.319
Omega = 0  Lambda = 1.5498

  TwoTheta      Theta        Chi        Phi 
  57.87537   28.99638  131.98500    1.62775 


175.FOURCC> sor

Sun Dec 13 22:34:47 2020.  Orientation vectors swapped.
#C Sun Dec 13 22:34:47 2020.  Orientation vectors swapped.
(UB recalculated from orientation reflections and lattice.)


176.FOURCC> wh

H K L =  -2.0048  1.0024  6.0145
Alpha = 21.473  Beta = 20.576  Azimuth = 90.713
Omega = 0  Lambda = 1.5498

  TwoTheta      Theta        Chi        Phi 
  57.87537   28.99638  131.98500    1.62775 


177.FOURCC> comment 'that did not improve the alignment. lattice params and or energy are probably off'

Sun Dec 13 22:35:58 2020.  that did not improve the alignment. lattice params and or energy are probably off.
#C Sun Dec 13 22:35:58 2020.  that did not improve the alignment. lattice params and or energy are probably off.


178.FOURCC> comment 'but these are the real-life steps that were taken to orient this crystal'

Sun Dec 13 22:36:34 2020.  but these are the real-life steps that were taken to orient this crystal.
#C Sun Dec 13 22:36:34 2020.  but these are the real-life steps that were taken to orient this crystal.


179.FOURCC> off

off
   ^
Syntax error on ";".


180.FOURCC> off('Align4Pete.log')
